ID,Tweet Content,Likes,Retweets,Replies,Tweet Creation Date,Engagement,Engagement_Level,Emocion,Intensidad,Prob_Emocion
0,"Relacionado con los premios ESLAND, después de levantarme con resaquita de amor, decir que Grefg lo hizo increíblemente bien como presentador, la organización fue muy buena, y el ambiente entre todos los presentes y creadores fue ES-PEC-TA-CU-LAR. Tenemos un grupito 10.",29052,501,60,2022-01-18 17:58:12,29613,Alto,Alegría,Alta,0.993
1,otra vez no por el amor de jesucristo,128225,7293,478,2022-01-18 18:12:16,135996,Viral,Enfado,Media,0.607
2,"Hoy no va a haber la segunda parte del podcast con Lethal y Clavero porque subiré un vídeo al Rincón de Giorgio muy chulo y no me quiero hacer la competencia a mí mismo.
El podcast será mañana por la tarde, no me peguéis.",17078,249,158,2022-01-20 16:01:34,17485,Alto,Neutral,Alta,0.993
3,"NUEVO VÍDEO
La secta de Jonestown, dirigida por el loco Reverendo Jim Jones, es una de las historias más terribles y trágicas de la historia moderna de la humanidad.",2529,98,41,2022-01-20 18:04:21,2668,Bajo,Tristeza,Media,0.596
4,"NUEVO PODCAST

@LethalCrysis
 y 
@HiClavero
 vuelven para un podcast especial de viajes, donde relataran sus mejores aventuras (algunas muy peligrosas). No os lo podéis perder porque es una pasada lo que cuentan.",2141,91,24,2022-01-21 15:44:22,2256,Bajo,Alegría,Alta,0.977
5,"Hoy todos los hispanos y latinos con BRANDON MORENO joder.
Destroza a Figueiredo y demuestra de nuevo lo grande que eres.
#UFC270",8499,315,97,2022-01-23 04:27:10,8911,Medio,Alegría,Alta,0.97
6,"Pues nada, no ha podido ser 
Combate muy táctico y reñido, podría haber ido para cualquier lado (para mí por poquito para Brandon), pero desde luego tiene que haber un cuarto combate entre Moreno y Figuereido. Aunque a este paso habrán 3.456 entre ellos…
#UFC270",5059,190,129,2022-01-23 05:18:47,5378,Medio,Neutral,Alta,0.993
7,Lo del hacker de Andorra es el mejor anime de 2022. No puedo esperar a ver el siguiente giro argumental.,30281,805,131,2022-01-23 18:08:08,31217,Alto,Alegría,Media,0.691
8,"No soy streamer, pero al próximo evento tipo Squid Games que haya, apúntadme.
Ni que sea una vez en mi vida quiero vivir algo así.
Sois muy grandes.",81647,1581,295,2022-01-25 00:33:12,83523,Viral,Alegría,Alta,0.952
9,"NUEVO PODCAST
Os explico qué tal fueron los premios ESLAND y los analizamos, se viene 
@PapaGiorgioReal
 de tertuliano junto a Leo Margets, ¿qué puede salir mal?",2056,63,31,2022-01-25 15:51:07,2150,Bajo,Neutral,Alta,0.965
10,Simplemente mi padre,14310,1070,139,2022-01-26 20:24:49,15519,Alto,Alegría,Alta,0.775
11,"Estoy tardando en subir el podcast de hoy porque he tenido bastantes problemas técnicos (gracias Vegas), pero os prometo que no os lo esperáis y que valdrá MUCHO la pena. En un rato lo tendréis en el canal, un poquito de paciencia...",8572,100,62,2022-01-27 17:14:55,8734,Medio,Neutral,Alta,0.766
12,"Spoiler
No queda mucho para esto: hoy me visita el tío que se pasó el god of war en máxima dificultad…",45080,1584,305,2022-01-27 18:08:28,46969,Alto,Neutral,Alta,0.948
13,"NUEVO PODCAST
El Rubius en The Wild Project. Poco más que decir.
Disfruten todos ",29491,1269,170,2022-01-27 19:37:43,30930,Alto,Alegría,Alta,0.974
14,"Si Spotify pone pasta para fichar a Haaland, para mí como si el Camp Nou pasa a llamarse ""Lista de reproducción Stadium"".",26924,1410,142,2022-01-27 20:29:26,28476,Alto,Neutral,Alta,0.987
15,¿Por qué estáis todos tan amargados en Twitter?,47524,2357,1187,2022-01-29 15:08:51,51068,Viral,Enfado,Alta,0.847
16,"No sé por qué le dais tanta importancia a lo de Benidorm, si Eurovision van a ganar estas bestias alemanas

https://
youtu.be/OnzkhQsmSag",2431,202,79,2022-01-30 00:16:49,2712,Bajo,Enfado,Alta,0.92
17,Rafa Nadal es lo mejor que ha parido España. Y punto.,32057,1275,285,2022-01-30 15:06:36,33617,Alto,Alegría,Alta,0.988
18,"¿Queréis sentiros viejos?
Final Fantasy VII acaba de cumplir 25 años…",13063,389,177,2022-01-31 14:28:30,13629,Alto,Neutral,Alta,0.968
19,"NUEVO PODCAST
Tertulia en The Wild Project, como cada semana con los temas más interesantes de los últimos días. ¡Se os quiere!

https://
youtu.be/tx7SJK_VEug",1551,35,27,2022-02-01 15:50:22,1613,Bajo,Alegría,Alta,0.986
20,"Mi sesión con 
@elxokas
 es un mix de una pareja enamorada a punto de casarse y los dos primos gamberros el día de su comunión. No entiendo nada.",73932,3102,345,2022-02-01 18:34:07,77379,Viral,Neutral,Alta,0.938
21,Basta ya,80625,3476,263,2022-02-02 16:40:46,84364,Viral,Neutral,Media,0.643
22,"Entrevista que le han hecho a mi maravilloso padre 
@PapaGiorgioReal
 en el periódico de su ciudad 
Está en catalán pero los navegadores lo traducen automáticamente.",1788,48,18,2022-02-03 15:24:11,1854,Bajo,Neutral,Alta,0.909
23,"NUEVO PODCAST
David Saavedra, que estuvo buena parte de su vida dentro del movimiento nazi y consiguió salir, me visita y tenemos una larga charla sobre la radicalización y su propia experiencia. Muy interesante, no os lo podéis perder.",2673,199,107,2022-02-03 15:43:01,2979,Medio,Alegría,Alta,0.966
24,"Va Cholo, pon un par más de defensas que solo perdéis de 3.",16725,373,67,2022-02-06 16:25:19,17165,Alto,Neutral,Alta,0.978
25,Laporta ha conseguido más por el Barça en unos meses que Bartomeu en 5 años. Mi tweet más basado.,33306,1706,242,2022-02-07 22:38:41,35254,Alto,Neutral,Alta,0.973
26, choca,19462,302,572,2022-02-08 13:41:22,20336,Alto,Neutral,Baja,0.445
27,"NUEVO PODCAST
Nueva tertulia de la semana en The Wild Project.",1115,41,30,2022-02-08 15:59:46,1186,Bajo,Neutral,Alta,0.982
28,la madre que os parió,18417,779,91,2022-02-09 22:40:04,19287,Alto,Neutral,Media,0.668
29,HOLA QUE TAL BUENAS TARDES ESPERO QUE ESTEN MUY BIEN BUENAS TARDES,16674,387,245,2022-02-10 13:50:26,17306,Alto,Neutral,Alta,0.872
30,"NUEVO PODCAST
Cris Gutiérrez, 3a clasificada del Dakar,me visita para una charla llena de aventuras y anécdotas brutales ",1332,58,36,2022-02-10 16:41:03,1426,Bajo,Alegría,Alta,0.986
31,La prensa cada vez que un youtuber hace una cagada,17491,434,53,2022-02-11 17:21:05,17978,Alto,Neutral,Alta,0.791
32,Ojalá los buenos combates de la UFC duraran 10 asaltos.,8640,156,67,2022-02-13 05:40:07,8863,Medio,Neutral,Alta,0.973
33,"A mí la SUPERBOWL me da igual, no voy a aparentar que me interesa como a casi todos sin tener ni puta idea.
Pero el halftime show de Dr. Dre, Snoop Dogg, Eminem, Kendrick Lamarr y Mary J Blidge es de lo mejor que he visto en la vida.",16074,979,192,2022-02-14 02:31:13,17245,Alto,Neutral,Media,0.728
34,El único rapero legendario que faltó en el Halftime de la Superbowl,32587,1580,133,2022-02-14 02:45:04,34300,Alto,Neutral,Alta,0.987
35,Mi San Valentín 2022,27156,1367,70,2022-02-14 22:32:30,28593,Alto,Alegría,Media,0.601
36,"NUEVO PODCAST
Tertulia semanal en The Wild Project. ¡No os la podéis perder!

https://
youtu.be/u2univQCdEI",1142,40,12,2022-02-15 16:02:21,1194,Bajo,Neutral,Media,0.621
37,Perdón me dejé EL OTRO GRANDE DEL MUNDO DEL RAP,5932,177,45,2022-02-15 18:24:30,6154,Medio,Neutral,Alta,0.921
38,"Cuando este tweet llegue a 20.000 likes, pondré una respuesta con un código del CYBERPUNK 2077 para PC, un regalito para vosotros ",29795,294,194,2022-02-17 15:18:26,30283,Alto,Alegría,Media,0.709
39,"NUEVO PODCAST
Pedro Baños 
@geoestratego
 me visita al The Wild Project para charlar de geopolítica y cómo funciona el mundo de verdad, en uno de los episodios más interesantes. ¡No os lo perdáis!",1889,220,73,2022-02-17 15:47:43,2182,Bajo,Alegría,Alta,0.957
40,La defensa del Barça,15112,536,75,2022-02-17 18:33:15,15723,Alto,Neutral,Alta,0.949
41,"Fuera de bromas, el Barça ha hecho un partido para ganar de sobras, sobre todo hacia el final.
¡Sigo subido en la XAVINETA hasta que derrape del todo hostia!",14916,752,151,2022-02-17 19:45:35,15819,Alto,Neutral,Alta,0.785
42,"Esta noche estaré en #Horizonte con mi querido Iker Jiménez 
@navedelmisterio
 
¡Estad atentos al programa, en Cuatro, porque ahí podréis verme hablando de un tema bastante duro y trágico que ha pasado esta semana!
Besos",3204,90,33,2022-02-17 22:35:22,3327,Medio,Alegría,Media,0.695
43,"Aquí está (GOG): C3VNC2977F1196EFC4
El primero que lo pille, se lo lleva.",2604,21,40,2022-02-18 15:09:51,2665,Bajo,Neutral,Alta,0.931
44,"Ya sabéis que no soy demasiado de superhéroes, pero PEACEMAKER me ha ENCANTADO. La bso es brutal si te gusta el hard rock y acaba siendo una comedia loca con nazis y ciencia ficción.
Encima cuando toca el drama lo hace con gusto.
¡Un 10!
Ah, y John Cena es la polla.",15504,726,151,2022-02-20 15:58:46,16381,Alto,Alegría,Alta,0.996
45,¡Desde ya Paracetamor VS Ari el puto MAIN EVENT de la velada!,43186,916,184,2022-02-20 20:40:20,44286,Alto,Alegría,Alta,0.828
46,"Mañana analizaré LA VELADA DEL AÑO 2 en The Wild Project, y en unos días tendréis algo muy especial junto a mi querido 
@IbaiLlanos
.
Tened paciencia que os encantará ",21247,428,71,2022-02-20 21:43:37,21746,Alto,Alegría,Alta,0.963
47,Jagger va a ganar los 5 combates.,31338,770,103,2022-02-20 22:15:56,32211,Alto,Neutral,Alta,0.988
48,"NUEVO PODCAST
La tertulia de la semana en The Wild Project. Análisis de la velada de Ibai y mucho más 

https://
youtu.be/HRuY_3ZbJ7k",1364,43,27,2022-02-22 15:36:24,1434,Bajo,Neutral,Alta,0.984
49,Doy 4 bitcoins y un beso en el medio del culo a quien me dé una key anticipada del ELDEN RING para poder jugar YA,18986,320,207,2022-02-22 19:10:28,19513,Alto,Neutral,Alta,0.782
50,Maldito Miyazaki hijo de puta lo has vuelto a hacer…,6698,274,44,2022-02-23 22:29:30,7016,Medio,Enfado,Alta,0.797
51,Rusia y Ucrania:,40214,2657,195,2022-02-24 14:01:15,43066,Alto,Neutral,Alta,0.988
52,Por si aca,86497,6753,582,2022-02-24 15:17:55,93832,Viral,Neutral,Alta,0.951
53,"NUEVO PODCAST
El The Wild Project con mayo envergadura hasta el momento, sin duda. Nacho Vidal in da haus.",2150,51,45,2022-02-24 15:57:10,2246,Bajo,Neutral,Media,0.739
54,El podcast con Nacho Vidal ha sido la polla la verdad.,24048,399,225,2022-02-24 19:48:30,24672,Alto,Alegría,Alta,0.968
55,esto qué mierda es me quiero pegar un tiro en los cojones,159172,6698,2036,2022-02-26 13:18:19,167906,Viral,Sorpresa,Media,0.72
56,Papagiorgiorex777,6709,122,31,2022-02-26 21:48:41,6862,Medio,Neutral,Alta,0.765
57,"Me gustaría poder traeros bromas, salseos o novedades, pero es que todo mi fin de semana me lo he pasado dentro del culo de ELDEN RING. Y lo que me queda…",9866,137,71,2022-02-27 21:46:10,10074,Alto,Neutral,Alta,0.874
58,Qué pena que Xavi no viniera hace meses…,28850,1060,185,2022-02-27 21:54:12,30095,Alto,Tristeza,Media,0.593
59,"NUEVO PODCAST

@IbaiLlanos
 se vino al The Wild Project para un doble episodio especial. Hoy, la tertulia como cada semana, donde ambos analizaremos los temas más interesantes de los últimos días.",6755,258,39,2022-03-01 15:36:14,7052,Medio,Neutral,Alta,0.946
60,Hoy me siento muy bien en el podcast ayudando a streamers pequeños como Ibai a que sean un poco más conocidos.,42829,932,243,2022-03-01 16:22:43,44004,Alto,Alegría,Alta,0.994
61,"Hola hermosuras,
Estoy buscando editores para hacer clips del podcast para tik tok, facebook e instagram, si tenéis experiencia comprobable (con reel) y queréis trabajar conmigo, enviad mail con info y CV a trabajo@jordiwild.com
Remunerado por supuesto.",10372,305,171,2022-03-02 18:40:26,10848,Alto,Neutral,Media,0.697
62,"NUEVO PODCAST
Segunda parte de la visita de 
@IbaiLlanos
 al Wild Project, en este caso centrada en su propia vida. ¡Una maravilla!

https://
youtu.be/ls0jdo2vSVY",2386,79,25,2022-03-03 15:29:12,2490,Bajo,Alegría,Alta,0.992
63,"Oye 
@IbaiLlanos
 hemos hackeado Youtube",31398,607,107,2022-03-03 23:04:33,32112,Alto,Neutral,Alta,0.939
64,Después de ver la follada de Residente a Balvin creo que me abstendré del sexo durante meses. He quedado lleno.,45564,1911,215,2022-03-05 16:21:04,47690,Alto,Neutral,Media,0.68
65,"¡TODOS A LA XAVINETA, RÁPIDO QUE NO ESPERA!",26807,1051,243,2022-03-06 17:32:04,28101,Alto,Alegría,Alta,0.842
66,"El Xokas es nuestro padre, y no hay más que hablar.",39024,1771,262,2022-03-08 14:45:19,41057,Alto,Alegría,Media,0.525
67,"NUEVO PODCAST
Tertulia repleta de noticias interesantes 
¡¡Todo el mundo a verlo!!",1312,49,34,2022-03-08 16:06:10,1395,Bajo,Alegría,Alta,0.944
68,"En mi época, para hacerte el chulo tenías que fumar.
Hoy en día, para hacerte el culo tienes que decir que juegas a Elden Ring.",29936,1047,398,2022-03-09 19:53:50,31381,Alto,Neutral,Alta,0.981
69,"PSG
Paquetes
Sin
Ganar",20813,966,161,2022-03-09 22:45:16,21940,Alto,Neutral,Alta,0.945
70,"NUEVO PODCAST
Arturo Pérez-Reverte me visita para un podcast muy especial. Spoiler: es un crack y alguien que os va a sorprender.

https://
youtu.be/-K329j0iN5o",2427,289,90,2022-03-10 15:29:42,2806,Medio,Alegría,Media,0.728
71,"Me encanta este 
@toninievas
, aunque tenga pinta de psycho killer de los 70. Muy recomendable su programa de entrevistas, además es colega, echadle un vistacillo. Es como The Wild Project pero con 4 tripis de más.",720,13,5,2022-03-10 19:40:57,738,Bajo,Alegría,Alta,0.93
72,HOLA BUENAS TARDES FELIS VIERNES AMIGOS,13168,356,161,2022-03-11 14:21:32,13685,Alto,Alegría,Alta,0.924
73,Luka Doncic es el mejor jugador de la NBA a día de hoy. Y no admito discusión.,11220,513,529,2022-03-12 05:37:22,12262,Alto,Neutral,Media,0.55
74,Willy y Staxx jugando COD de nuevo es lo único que puede salvar al mundo de la destrucción.,54286,2824,101,2022-03-13 21:19:44,57211,Viral,Alegría,Media,0.528
75,"NUEVO PODCAST
Tertulia en el proyecto salvaje del wild comentando las noticias más interesantes de las últimas semanas. ¡Se os quiere!",1573,47,29,2022-03-15 15:32:14,1649,Bajo,Alegría,Alta,0.994
76,El cerebro del que ha diseñado los mapas en Elden Ring.,22512,909,174,2022-03-16 18:31:42,23595,Alto,Neutral,Alta,0.986
77,"NUEVO PODCAST
En uno de los podcast más duros hasta el momento, Pablo Salum 
@LEYANTISECTAS
 me visita para contarme su terrible historia, de como se escapó de la secta en la que su familia aún está. De visión obligada.

https://
youtu.be/khJeCzG2u1c",1460,111,22,2022-03-17 15:58:33,1593,Bajo,Neutral,Alta,0.976
78,La última vez que participé de un acto sexual yo era el espermatozoide,48007,4905,207,2022-03-18 15:20:52,53119,Viral,Neutral,Alta,0.941
79,TWITTER QUÉ COJONES PASA AQUÍ,13797,442,287,2022-03-18 16:18:46,14526,Alto,Sorpresa,Alta,0.764
80,"ELDEN RING finalizado.
Domingo nuevo vídeo en El Rincón de Giorgio ",10449,133,93,2022-03-18 20:39:19,10675,Alto,Neutral,Alta,0.925
81,"INTERNAUTAS coño hoy mirando unas fotos de cuándo papagiorgio era más joven aquí estoy con el amor de mi vida mi querida Juanita, qué hace 43 años qué estamos juntos y nos seguimos queriendo mucho esto es el cariño, respeto y confianza entre los dos, abuelas estoy marriet coño ",4482,132,46,2022-03-19 19:57:26,4660,Medio,Alegría,Alta,0.957
82,"AMIGOS Y AMIGAS
Hoy, después de un mes y medio, vuelvo al RINCÓN DE GIORGIO con un vídeazo de 40 minutos sobre Jeffrey Epstein. De mis mejores investigaciones/resúmenes de la vida de alguien.
¡Dadle mucho amor!

En minutos en mi canal ",22299,585,209,2022-03-20 14:43:26,23093,Alto,Alegría,Alta,0.995
83,"En serio, ¿Qué os habéis tomado este fin de semana? Calmaros un poquito que ya estoy mayor para tanto show.",41272,944,303,2022-03-20 14:50:58,42519,Alto,Enfado,Media,0.554
84,"NUEVO VÍDEO
Toda la verdad sobre Jeffrey Epstein, sus abusos, su casas con cámaras, su isla privada, sus contactos, la lista... Y por supuesto la extrañísima muerte.
¡Vuelvo con fuerza al principal!",3719,155,82,2022-03-20 15:14:18,3956,Medio,Neutral,Baja,0.487
85,Yo este fin de semana en twitter,57688,3282,363,2022-03-20 17:51:08,61333,Viral,Neutral,Alta,0.973
86,El Barça está en modo FULL XAVINETA,27042,1215,131,2022-03-20 20:37:38,28388,Alto,Neutral,Alta,0.989
87,"Xavi cogió a un equipo deprimido, triste y perdido. Unos meses después, el Barça ilusiona, marca goles con facilidad, presiona y juega bien.
¡Todos a la XAVINETA ya!",36455,2660,233,2022-03-20 21:12:30,39348,Alto,Alegría,Alta,0.97
88,"#wildcris
-Abuelo: Quién ha roto la ventana?
-Los primos:",2986,86,7,2022-03-22 21:19:11,3079,Medio,Neutral,Alta,0.787
89,Hoy he subido a un taxi que estaba escuchando The Wild Project. Mi cara al escuchar mi voz:,51903,1570,143,2022-03-24 15:28:47,53616,Viral,Neutral,Media,0.725
90,"NUEVO PODCAST
Especial sobre la GUERRA DE UCRANIA Y RUSIA, con Memorias de Pez. Me lo habíais pedido, y aquí lo tenéis ",1944,91,44,2022-03-24 16:05:15,2079,Bajo,Neutral,Alta,0.925
91,Gracias Will Smith por darme contenido para el podcast.,82425,1896,513,2022-03-28 03:18:48,84834,Viral,Neutral,Alta,0.841
92,"¿Oscars, esto que es? Yo he venido a hostiar.",29797,827,233,2022-03-28 04:35:07,30857,Alto,Neutral,Media,0.552
93,"NUEVO PODCAST
La tertulia como cada semana con las noticias más interesantes. Will Smith, gracias por todo.",1894,66,26,2022-03-29 14:45:14,1986,Bajo,Alegría,Alta,0.975
94,"INTERNAUTAS Muchas gracias, ya me estoy recuperando a la espera que me operen NAUR preocuparse estoy como un toro coño jajajaja ",52859,1469,904,2022-03-29 16:15:32,55232,Viral,Alegría,Alta,0.932
95,Hay dos grandes tipos de persona en el mundo: los que escriben jaja y los que escriben haha,37881,1419,1243,2022-03-29 19:58:10,40543,Alto,Neutral,Alta,0.986
96,Cuando pienso que en el especial THE WILD PROJECT 150 voy a estar 25 horas seguidas de podcast en directo me dan ganas de retirarme en el 149.,24044,399,241,2022-03-30 13:24:17,24684,Alto,Neutral,Alta,0.962
97,"Noticias muy trágicas, Bruce Willis, uno de los grandes, se retira por una enfermedad degenerativa: afasia.
Hagamos un homenaje recordando su brutal carrera.
¿Cuál es su mejor película? (Solo caben cuatro menciones)",4088,191,281,2022-03-30 23:48:53,4560,Medio,Tristeza,Alta,0.983
98,"NUEVO PODCAST

@3gerardpique
 se viene al Project y me cuenta algunas historias dignas de American Pie 6. Es para quererlo ",10112,652,161,2022-03-31 13:56:45,10925,Alto,Alegría,Alta,0.988
99,"Lo siento amigos, pero no votar Die Hard (La Jungla de Cristal en ESPAÑITA) es un crimen contra la humanidad",1914,45,86,2022-03-31 14:03:08,2045,Bajo,Enfado,Baja,0.461
100,"Para los que os mola el tema extraterrestre, interesantísimo vídeo de mi tertuliano 
@fugastronautica
 con mi aparición estelar como gran experto mundial en el tema ",1236,35,10,2022-04-01 17:12:12,1281,Bajo,Neutral,Alta,0.961
101,La JORDINETA ya ha llegado,21847,691,254,2022-04-01 18:04:49,22792,Alto,Neutral,Alta,0.785
102,"Malas noticias
Esta semana no va a haber Tertulia en The Wild Project porque estoy con un gripazo espectacular (de momento no es covid), y ya veremos si hay 1vs1...
Una pena porque esta semana venía todo un capo de internet, y ahí dejo la pista.
¡Ya os voy informando amores!",10767,185,201,2022-04-03 16:08:16,11153,Alto,Tristeza,Baja,0.466
103,Este tweet es simplemente para recordaros que Pedri tiene tan solo 19 años.,32392,1422,161,2022-04-03 20:36:25,33975,Alto,Neutral,Alta,0.981
104,"Se habla mucho de Haaland y Mbappé, pero cuánto valdría Pedri hoy si se pusiera a la venta…",28951,950,582,2022-04-03 20:56:30,30483,Alto,Neutral,Alta,0.983
105,Mucho cachondeo con la guerra del mural de reddit hasta que el primer país lance un misil.,21067,598,107,2022-04-04 16:08:25,21772,Alto,Neutral,Alta,0.851
106,"Tengo muchas ganas de hacer un podcast de ciencia y curiosidades (cualquier tipo), ¿me recomendáis a alguien muy top y que se exprese bien?
Da igual España o LATAM.",27965,429,2870,2022-04-04 16:45:29,31264,Alto,Neutral,Alta,0.93
107,"Hoy cumple años AKIRA TORIYAMA, creador de Dr. Slump.",21081,466,197,2022-04-05 15:31:21,21744,Alto,Neutral,Alta,0.84
108,"La gripe ha sido intensa pero corta, ya hoy me encuentro de puta madre por lo que grabaré podcast para que mañana tengáis vuestra dosis semanal del Proyecto Salvaje.
Volvemos a la ciencia con una de las leyendas de la divulgación en español... no os digo más ",9868,145,106,2022-04-06 16:59:32,10119,Alto,Alegría,Alta,0.923
109,"NUEVO PODCAST
¡Vuelve la SIENSIA a The Wild Project!

@ldobartra
 me visita para charlar del Universo, de extraterrestres y de su libro Luna de Plutón. ¡Todos a verlo mis panas!

https://
youtu.be/t9UJYI89NZs",2296,124,62,2022-04-07 14:17:55,2482,Bajo,Alegría,Alta,0.978
110,"Lo siento pero Kingdom Hearts 4 me da una pereza extrema. Saturado quedé de tíos encapuchados y con cremalleras filosofando para acabar diciendo que son muy malos porque el mundo les ha hecho así.
Nomura vete a dormir un rato por favor.",7640,272,179,2022-04-10 17:39:54,8091,Medio,Enfado,Alta,0.903
111,"NUEVO PODCAST
Retorna la tertulia al Wild Project, todo el mundo a verlo que hay muchos temitas interesantes ",1521,30,36,2022-04-12 14:43:58,1587,Bajo,Neutral,Alta,0.947
112,No me atrevo aún a reírme del Madrid para no gafar al Chelsea,14515,330,329,2022-04-12 20:36:04,15174,Alto,Neutral,Alta,0.907
113,Me cago en dios,15400,499,297,2022-04-12 20:37:43,16196,Alto,Enfado,Media,0.508
114,A ver si algún día entiendo como el Madrid puede jugar tan mal y acabar ganando casi siempre igual.,35119,2385,789,2022-04-12 21:08:25,38293,Alto,Enfado,Media,0.608
115,Lo del Madrid no tiene explicación.,20361,512,322,2022-04-12 21:47:26,21195,Alto,Sorpresa,Media,0.719
116,Solo los OG entienden la referencia,6876,276,97,2022-04-14 14:19:12,7249,Medio,Neutral,Alta,0.993
117,"NUEVO PODCAST
Aquí no se descansa por Semana Santa, y os traigo un podcast brutal con Gervasio Deferr 
@gervideferr
 con el que hablaremos de sus increíbles éxitos, pero también de sus momentos más bajos, las drogas el alcohol y la mala vida.",959,48,23,2022-04-14 14:29:25,1030,Bajo,Alegría,Media,0.655
118,Hoy la Xavineta va sin gasolina.,25059,882,274,2022-04-14 20:04:45,26215,Alto,Neutral,Alta,0.981
119,"A ver, que no os estáis enterando, el Barça no quiere ganar un título tan poco importante como la Europa League. No es digno de nosotros, y ya está.",14310,747,382,2022-04-14 20:27:57,15439,Alto,Neutral,Media,0.719
120,"Cosas seguras de nuestra era:
- Xokas tendrá liada semanal
- Willy venderá algún nft
- Jordi Wild irá en tirantes
- El Barça hará el ridículo en Europa",22615,858,134,2022-04-14 20:40:45,23607,Alto,Neutral,Alta,0.979
121,¿Seguís subidos en la XAVINETA?,1955,110,299,2022-04-14 23:39:44,2364,Bajo,Neutral,Alta,0.96
122,Madrid qué pesao eres,20569,532,242,2022-04-17 20:57:23,21343,Alto,Enfado,Alta,0.824
123,Me explica alguien por qué ahora el xokas es futbolista del Cádiz,9069,560,122,2022-04-19 02:48:50,9751,Medio,Neutral,Alta,0.876
124,"NUEVO PODCAST
Tertulia para hablar de las cositas que han pasado en los últimos días, ¡No os lo podéis perder!",1264,47,19,2022-04-19 15:05:11,1330,Bajo,Alegría,Alta,0.905
125,"Si tenéis problemas para ver mis vídeos en app por culpa de que se os haya puesto solo el MODO RESTRINGIDO, reiniciad el router y, en teoría, vuelve a la normalidad. También podéis quitar el wifi y volver a ponerlo.
Parece ser que es culpa de Vodafone…",3466,54,46,2022-04-20 14:06:44,3566,Medio,Enfado,Alta,0.781
126,Quisiera ser una mosca para posarme en tu piel.,20914,1237,287,2022-04-21 00:06:44,22438,Alto,Neutral,Alta,0.98
127,"NUEVO PODCAST
Un ex-miembro de las Fuerzas Especiales me visita para un podcast donde escucharéis algunas historias absolutamente increíbles, duras y terroríficas. Su entreno inhumano, su lucha contra los narcos... ¡No os lo podéis perder!",2470,104,52,2022-04-21 14:35:46,2626,Bajo,Alegría,Alta,0.942
128,Lo más grande que vais a ver hoy,32422,1582,305,2022-04-21 20:40:50,34309,Alto,Alegría,Alta,0.991
129,Una de las cosas que más me está flipando del juicio entre Johnny Depp y Amber Heard es que ella literalmente replica los looks de él al día siguiente. ,10865,1767,264,2022-04-23 17:34:21,12896,Alto,Sorpresa,Alta,0.789
130,Sabes que vives la vida intensamente si el emoji que más usas es este: ,8813,230,212,2022-04-23 17:47:19,9255,Medio,Neutral,Alta,0.99
131,Hoy es el santo de vuestros padres,13822,193,62,2022-04-23 19:57:07,14077,Alto,Neutral,Media,0.593
132,HOLA BUENAS TARDES A TODOS OS QUIERO ADIOS,6964,151,77,2022-04-24 15:31:34,7192,Medio,Neutral,Media,0.718
133,"Twitter hoy en día:
- 30% conflicto y hate por cualquier tema
- 20% dramas personales y quejas del estado de ánimo
- 49% memes
- 1% porno tan duro que ni en xvideos",27629,1859,227,2022-04-24 15:51:07,29715,Alto,Neutral,Alta,0.921
134,"Me encantaría traer al podcast a 
@nayibbukele
, presidente de El Salvador y alguien que creo que podría dar mucho juego, de los pocos políticos que creo que se mojaría.
Invitación formal hecha ",31034,1874,723,2022-04-24 19:25:04,33631,Alto,Neutral,Alta,0.969
135,ELON MUSK HOLA TE QUIERO,30648,963,158,2022-04-25 23:15:34,31769,Alto,Neutral,Alta,0.884
136,"NUEVO PODCAST
Mi hermano 
@JaSantaolalla
 vuelve a The Wild Project para un doble episodio, hoy tertulia y jueves Especial Ciencia con él. ¡Viejos sabrosos al poder!",3837,156,64,2022-04-26 14:07:55,4057,Medio,Alegría,Alta,0.994
137,"Hola 
@QuantumFracture
 te acuerdas de mí¿? ¿Cuándo me vienes a ver? Besos ",14299,207,94,2022-04-26 16:37:10,14600,Alto,Neutral,Alta,0.874
138,Benzema eres muy pesao,20501,603,141,2022-04-26 19:41:56,21245,Alto,Enfado,Alta,0.877
139,"Lo del Madrid no tiene ningún puto sentido, a ver si con suerte el City les mete 30 goles (y aún así serían capaces de remontar).",10404,323,115,2022-04-26 20:27:59,10842,Alto,Enfado,Alta,0.907
140,"Lo bueno es que ahora todo el mundo piensa que el Madrid va a llegar a la final, y eso es lo que hará que el City les meta un saco de goles.
Guardad tweet.",18883,1232,990,2022-04-26 20:55:04,21105,Alto,Neutral,Alta,0.91
141,"Eres un cabrón Tiparraco, y me debes dinerito.",1857,32,14,2022-04-27 18:29:05,1903,Bajo,Enfado,Alta,0.783
142,"NO AUTORIZO

No autorizo a que no me beséis ahora mismo, bribones.",11739,332,90,2022-04-28 00:54:56,12161,Alto,Enfado,Alta,0.897
143,"NUEVO PODCAST

@JaSantaolalla
 y yo 3 horas hablando del Universo, de física, de la velocidad de la luz, del sentido de la vida... y de pirulas. ¿Quién da más? No os lo perdáis porque es una maravilla.",2977,150,50,2022-04-28 14:59:19,3177,Medio,Alegría,Alta,0.973
144,Mino Raiola revive más veces que Krilin.,7346,226,39,2022-04-28 15:21:30,7611,Medio,Neutral,Alta,0.906
145,"No hagáis ver que estáis preocupados por lo de Whatsapp, que no os escribe ni el tato.",20563,1245,228,2022-04-28 21:13:02,22036,Alto,Neutral,Media,0.537
146,"NUEVO PODCAST
Como cada semana, la tertulia con las noticias más interesantes de los últimos días. ¡No os lo podéis perder!",975,34,23,2022-05-03 15:20:38,1032,Bajo,Alegría,Alta,0.966
147,"Esta mañana nos encontramos esta maravilla de cartel y se nos ha ocurrido hacer un hilo para que entendáis por qué lo es y, de paso, conocéis algunos pufos donde el dinero del contribuyente podría haberse gastado mejor.",1500,558,22,2022-05-04 10:01:46,2080,Bajo,Neutral,Alta,0.891
148,"Mañana el gran Iker Jiménez 
@navedelmisterio
 regresa a The Wild Project para un episodio ESPECTACULAR.
Ya veréis ya...",7956,295,133,2022-05-04 13:30:50,8384,Medio,Alegría,Alta,0.935
149,Quiero felicitar al Real Madrid por su Champions número 14. Hijos de puta.,40110,2222,618,2022-05-04 21:48:57,42950,Alto,Enfado,Alta,0.762
150,Todos los culés ahora mismo.,16121,623,82,2022-05-04 22:32:57,16826,Alto,Neutral,Alta,0.982
151,"NUEVO PODCAST
Regresa Iker Jiménez a The Wild Project y no puedo estar más contento. Como siempre, un genio sin pelos en la lengua.",1411,67,43,2022-05-05 14:09:23,1521,Bajo,Alegría,Alta,0.994
152,"¡Hermosos!
¿Queréis conseguir una Ballantine’s x Moxxi’s Bar Edition?
Simplemente haced RT a este tweet y seguidme a mí y a 
@ballantines_ES
 #BallantinesxBorderlands.
No lo olvidéis, haz un consumo responsable con Moxxi: 
https://
youtu.be/aiZb_b-kg-A
#TweetPatrocinado",603,174,17,2022-05-05 14:23:42,794,Bajo,Alegría,Alta,0.874
153,¿Van a nominar los Oscars a Amber Heard por su gran interpretación en el juicio?,55830,3469,450,2022-05-05 14:43:32,59749,Viral,Neutral,Alta,0.97
154,"NOCHE ÉPICA
Tengo ganas de que llegue el podcast de martes para aburrir a mis tertulianos con el análisis de la velada durante media hora.",3596,85,122,2022-05-06 16:13:01,3803,Medio,Alegría,Alta,0.897
155,"El único equipo que tiene el derecho de ganar al Barça es mi Beti, el mejor equipo del universo.",9029,183,63,2022-05-07 19:33:41,9275,Medio,Alegría,Alta,0.931
156,"De los mejores KOs de la historia
#UFC274",5401,214,81,2022-05-08 03:54:34,5696,Medio,Alegría,Baja,0.473
157,Canelo siempre en mi equipo,16024,344,133,2022-05-08 05:08:11,16501,Alto,Alegría,Alta,0.763
158,"NUEVO PODCAST
Tertulia como cada semana con las noticias más interesantes. En este caso me acompaña mi amigo rata, y el legendario 
@Loulogio_Pi
. ¡No os lo perdáis!",1222,44,24,2022-05-10 13:48:55,1290,Bajo,Alegría,Alta,0.981
159,"Hoy es el cumpleaños del padre de todos, 69 años… gran edad.
¡Todo el mundo a felicitarle!
Te quiero papi ",38695,1102,558,2022-05-11 15:04:05,40355,Alto,Alegría,Alta,0.996
160,Mis dos calvos favoritos ,1205,31,4,2022-05-11 19:46:53,1240,Bajo,Alegría,Alta,0.838
161,Frenkie de Jong cuando vaya a cualquier otro equipo:,26751,761,142,2022-05-12 01:46:02,27654,Alto,Neutral,Alta,0.98
162,"NUEVO VÍDEO
Genio y figura. 
@LMDShow
 se viene al Wild Project para una charlaza de 12 horas sobre toda la existencia humana.",6877,427,64,2022-05-12 15:06:29,7368,Medio,Alegría,Alta,0.819
163,Mis bitcoins ahora mismo:,20597,633,124,2022-05-13 22:03:26,21354,Alto,Neutral,Alta,0.981
164,De Eurovision solo me interesan los memes cuando España quede antepenúltima siendo favorita again.,17122,706,176,2022-05-14 20:09:32,18004,Alto,Neutral,Alta,0.93
165,Si gana España es por mí y mi tweet anterior. De nada.,10647,142,56,2022-05-14 22:05:51,10845,Alto,Neutral,Alta,0.779
166,"Acabo de ver el vídeo de un psicópata entrando armado a un supermercado en USA disparando y matando a todo aquel que se encontrara, mientras retransmitía la matanza en vivo en Twitch… En qué época más extraña y oscura nos ha tocado vivir.",102227,7298,2376,2022-05-15 15:02:20,111901,Viral,Sorpresa,Baja,0.468
167,A VER PODEMOS RECONOCER YA A LUKA DONCIC COMO MEJOR JUGADOR DE LA NBA POR FAVOR,18864,927,382,2022-05-16 01:59:47,20173,Alto,Neutral,Alta,0.946
168,"NUEVO PODCAST
Como cada semana, la tertulia con las noticias más interesantes de la semana. Y sí, lo que queréis escuchar también. Puñeteros.",2132,64,47,2022-05-17 14:50:17,2243,Bajo,Neutral,Alta,0.95
169,Lo que nos faltaba para irnos a tomar por culo: la viruela del mono.,21233,853,185,2022-05-18 21:38:39,22271,Alto,Enfado,Media,0.749
170,Espero que los japoneses hayan actualizado sus edificios anti-terremotos porque cuando Jagger y Bustamante se peleen el mundo temblará.,15239,360,73,2022-05-19 01:25:25,15672,Alto,Neutral,Media,0.672
171,"NUEVO PODCAST
Oriol Junqueras me visita para un episodio muy chulo donde me explica su paso por la cárcel, sus motivos para la búsqueda de la independencia de Catalunya y mucho más.",2613,261,194,2022-05-19 14:20:13,3068,Medio,Neutral,Media,0.591
172,Me encanta ,4176,78,15,2022-05-19 20:03:41,4269,Medio,Alegría,Alta,0.795
173,Los únicos que nos pueden salvar el año a los culés son el Liverpool y la mamá de Mbappé.,39873,1811,626,2022-05-20 14:01:59,42310,Alto,Neutral,Media,0.622
174,"Lo de Mbappé es un ridículo histórico. Años dando por culo con su llegada para acabar renovando.
Al menos este año me llevo una alegría futbolística.",41585,2134,1116,2022-05-21 18:59:17,44835,Alto,Enfado,Alta,0.895
175,"NUEVO PODCAST
Nueva tertulia en The Wild Project, donde comentaremos el gran fichaje de Mbappé por parte del Madrid y mucho más ",1671,56,55,2022-05-24 14:51:56,1782,Bajo,Neutral,Alta,0.974
176,"NUEVO PODCAST
Uno de los fundadores de Globalia, visita The Wild Project para explicar como se hizo millonario de la nada y como logró un imperio de 18mil trabajadores. ¡No te lo pierdas!",1103,35,39,2022-05-26 16:17:32,1177,Bajo,Neutral,Media,0.631
177,"Hoy hay algún partidillo de equipos amateurs, ¿no?",15469,291,272,2022-05-28 15:46:24,16032,Alto,Neutral,Alta,0.995
178,Yo soy del Liverpool desde que nací.,23710,1258,439,2022-05-28 19:06:39,25407,Alto,Neutral,Alta,0.77
179,"Objetivamente, por la épica y por las remontadas surrealistas, el Madrid se merece la Champions. No queda más que aceptarlo.",18585,735,222,2022-05-28 21:03:45,19542,Alto,Neutral,Alta,0.863
180,Ojalá el Liverpool se marque un Madrid.,8117,147,217,2022-05-28 21:27:09,8481,Medio,Neutral,Alta,0.982
181,El Madrid ganando la Champions sin superar ni a un solo rival en juego es lo más surrealista del año.,80385,7228,4075,2022-05-28 21:34:28,91688,Viral,Sorpresa,Alta,0.946
182,Ala madrid,14369,356,297,2022-05-28 22:11:31,15022,Alto,Neutral,Media,0.521
183,"Si solo pudiera borrar una cosa de la faz de la Tierra, sería el lip sync en tik tok e instagram.",10931,313,124,2022-05-29 20:14:37,11368,Alto,Neutral,Alta,0.968
184,"ME APETECE UN MONTÓN ESTA SEMANA VOLVER AL RINCÓN DE GIORGIO.
¿Os viene de gusto un vídeo con una historia real acojonante?",30184,574,735,2022-05-31 11:56:39,31493,Alto,Alegría,Alta,0.99
185,"NUEVO PODCAST
Tertulia semanal en vuestro podcast favorito. Esta semana me toca hablar del Madrid de los huevos y su Champions número 16374479.

https://
youtu.be/edKeuCp5eVY",985,31,28,2022-05-31 14:45:11,1044,Bajo,Neutral,Alta,0.978
186,Tamayo somos todos nosotros intentando vivir dignamente.,5153,164,32,2022-05-31 18:40:37,5349,Medio,Neutral,Alta,0.977
187,"Disney, ¿Puedes dejar de matar Star Wars? Gracias.",23956,1403,686,2022-06-01 03:13:50,26045,Alto,Neutral,Media,0.646
188,"La espera para el veredicto del juicio de Johnny Depp vs Amber Heard parece la final de un Mundial.
Yo digo Depp 4-2 con hat-trick de su abogado.",17702,633,118,2022-06-01 18:36:53,18453,Alto,Neutral,Alta,0.947
189,Johnny Depp ,90600,5123,292,2022-06-01 19:47:54,96015,Viral,Neutral,Alta,0.951
190,"Este domingo regreso al RINCÓN DE GIORGIO, ya es oficial.
Vídeo sobre un caso terrorífico de hace unos pocos años, en Rusia, de una pareja que hacía... mejor no os hago spoiler.
¡Nos vemos el domingo!",12303,332,124,2022-06-02 12:27:16,12759,Alto,Neutral,Alta,0.829
191,"NUEVO PODCAST
Darma, ex Fase2, me visita para una charla sobre Japón, ese país que muchos adoramos pero muy pocos conocen de verdad. No os lo perdáis 

https://
youtu.be/Eggbv5pYhNE",1555,77,29,2022-06-02 15:09:31,1661,Bajo,Neutral,Media,0.703
192,"Yo me creé el canal para subir entero el gameplay de RESIDENT EVIL 4 REMAKE.
No os preocupéis que el año que viene lo tendréis en vuestro canal favorito (el mío).",13157,561,152,2022-06-03 00:31:13,13870,Alto,Neutral,Alta,0.941
193,Se acerca una época en la que tener buena salud mental y estabilidad emocional será un lujo al alcance de muy pocos.,55910,6264,433,2022-06-04 12:17:21,62607,Viral,Neutral,Alta,0.885
194,"Mi gente, para los que preguntan, no estoy en el Partido de 
@DjMaRiiO
 como comentarista por tema Covid muy cercano, nada grave, al contrario, pero por si las moscas me quedo en casa.
¡Un abrazo y seguro que será un evento brutal!",14884,176,82,2022-06-04 18:10:30,15142,Alto,Alegría,Alta,0.983
195,"Estos como mucho han destapado un bote de ketchup.

@TamayoStuff
 siempre en mi equipo ",5676,366,30,2022-06-05 00:46:02,6072,Medio,Neutral,Alta,0.976
196,"NUEVO VÍDEO
Lo prometido es deuda, regreso al RINCÓN DE GIORGIO con uno de los casos más bestias hasta el momento. Los Baksheev, la familia rusa caníbal que vendía la carne de sus víctimas...

https://
youtu.be/XKvK5I7wPmU",2587,120,44,2022-06-05 14:11:52,2751,Bajo,Neutral,Alta,0.803
197,RAFA NADAL ES EL PUTO PADRE DE ESPAÑA,19417,793,116,2022-06-05 15:32:56,20326,Alto,Alegría,Alta,0.874
198,Las pruebas del mejor culo de España. ¿Lo superáis? Yo creo que no.,31185,1221,894,2022-06-07 13:22:09,33300,Alto,Sorpresa,Alta,0.774
199,"NUEVO PODCAST
Nueva tertulia semanal, las noticias más interesantes de los últimos días de mano de vuestro tito Jordi y sus amigos.

https://
youtu.be/vvv-poDwowI",1071,27,21,2022-06-07 14:44:51,1119,Bajo,Neutral,Alta,0.962
200,"Mi gente:
Estoy preparando un debate Capitalismo VS Comunismo que voy a moderar yo.
Ya tengo al capitalista, y me falta el comunista. ¿Me ayudáis?
Busco una persona instruida y culta, que sepa y le guste debatir, con dotes para hablar; y que pueda venir a Catalunya (presencial).",39961,2733,5429,2022-06-07 19:51:44,48123,Alto,Neutral,Alta,0.916
201,"NUEVO PODCAST
Me reúno con 
@KiddKeo95Flames
 para un intenso podcast donde conoceremos al Keo real, su curiosa infancia en una comuna hippie y mucho más!",1619,78,51,2022-06-09 15:01:55,1748,Bajo,Alegría,Alta,0.901
202,"Una pregunta, ¿El E3 cuándo empieza?",11047,127,223,2022-06-09 22:55:57,11397,Alto,Neutral,Alta,0.989
203,"De verdad que NO entiendo el remake de THE LAST OF US 1. Es un juego que se sigue viendo y jugando de lujo, 0 desfasado. Y el remake tiene pinta que tampoco aportará nada tan diferencial como para justificar su existencia.
Bueno sí, sacar los cuartos con un juego repetido.",11376,470,368,2022-06-09 23:14:11,12214,Alto,Enfado,Alta,0.888
204,"De aquí justo una semana estaré a punto de empezar un reto que me llevará a estar 25 horas ininterrumpidas de podcast en stream, con secciones diversas, debates, juegos, terror, sorpresas... ¡Espero que me acompañéis todos! (antes de que me muera)",16599,374,137,2022-06-11 12:15:52,17110,Alto,Alegría,Alta,0.994
205,PERO EN SERIO HAY GENTE QUE SE QUIERE FOLLAR A UN VAPOREON¿?¿?¿¿?¿?¿?¿!?¿!¿!¿!?!¿!¿?!,29803,1568,1088,2022-06-12 15:48:29,32459,Alto,Sorpresa,Media,0.75
206,"ESTE JUNIO EN THE WILD PROJECT

- Miércoles 15: TWP #148 - Entrevista 1vs1

- Sábado 18: Especial 25h en directo

- Jueves 22: TWP #149 - Entrevista 1vs1

- Martes 28: TWP #150 - Tertulia final y despedida antes de vacaciones

Os quiero con la libretita y todo bien apuntado.",7476,269,99,2022-06-13 21:53:55,7844,Medio,Alegría,Alta,0.979
207,"NUEVO PODCAST
Siro López pasa por The Wild Project para hablar de todo, incluso de magia negra y la ouija (no es broma). ¡No os lo podéis perder!",1909,69,43,2022-06-15 14:58:31,2021,Bajo,Alegría,Alta,0.908
208,FINAL FANTASY VII REBIRTH Y MI HYPE POR LAS PUTAS NUBES.,4954,227,79,2022-06-16 22:25:39,5260,Medio,Sorpresa,Media,0.543
209,"Diego Ruzzarin estaba invitado y no ha podido venir por agenda (pero participará virtualmente). Armesilla me parece un crack y me encantaría tenerlo en un podcast y/o futuro debate.
Rallo y Vaquero darán juego y dejad de ser tan tóxicos y llorones porque hacéis el ridículo.",6958,327,189,2022-06-17 14:12:14,7474,Medio,Enfado,Alta,0.912
210,"Twitter:
- Traigo a un comunista militante (el que sea)
Hate: es un garrulo, se lo van a comer

- Traigo a un comunista teórico (el que sea)
Hate: ese no es comunista de verdad, postureo, solo lee libros

Stop amargura
Y tranquilos, va a haber más debates con diferentes perfiles.",7064,200,166,2022-06-17 14:54:33,7430,Medio,Enfado,Alta,0.869
211,"En resumen, creo que la idea de un debate entre un capitalista y un comunista (SEAN LOS QUE SEAN) es algo muy bonito, y voy a intentar que sea entretenido y que sirva para conocer más de ambas posturas.
Y si no os gusta, no estáis obligarlo a verlo.",12460,322,282,2022-06-17 15:07:04,13064,Alto,Neutral,Alta,0.975
212,"¡DEJEMOS EL DRAMA!
Este sábado 18 de Junio a las 4pm (hora española) comienza en The Wild Project un RETO de locos: 25 horas en directo de podcast. Con:
- EL DEBATE
- Tertulia
- Terror y Ouija en directo
- Mesa de ciencia
- Tamayo stories
- Más...
El link:",4284,232,60,2022-06-17 20:50:18,4576,Medio,Neutral,Alta,0.978
213,"He resubido el tweet porque me había equivocado de hora, es a las 16h (4pm) hora española, y no a las 5pm.

OS QUIERO.",1884,24,16,2022-06-17 20:52:19,1924,Bajo,Neutral,Alta,0.926
214,"YA EMPIEZA ESTO, 25 HORAS EN DIRECTO!

https://
youtu.be/f4jHskFLmJU",6323,279,82,2022-06-18 13:39:11,6684,Medio,Neutral,Media,0.691
215,25 HORAS EN DIRECTO EN THE WILD PROJECT - PODCAST RÉCORD MUNDIAL,2933,246,98,2022-06-18 14:08:41,3277,Medio,Neutral,Alta,0.86
216,"Número 1, 2 y 3 de Tendencias en Youtube 
Gracias a todos los que habéis estado en la absoluta locura que ha sido el THE WILD PROJECT 25 horas en directo, he sobrevivido y no puedo estar más orgulloso.",19088,684,234,2022-06-19 21:16:25,20006,Alto,Alegría,Alta,0.993
217,"Una de las cosas más bonitas de The Wild Project es la familia tan bonita que he creado, donde además de hacer un producto, somos amigos y nos llevamos de diez. Este dibujo que me regaló el gran 
@TheAutenticoOne
 lo muestra 
Buscad todos los detalles...
Gracias 
@Olierart",10636,546,110,2022-06-22 10:36:04,11292,Alto,Alegría,Alta,0.996
218,"NUEVO PODCAST
Dross y yo tenemos una charlita de horas hablando de todo, desde Buzz hasta Elden Ring, pasando por las IAs y peces. ¡No te lo pierdas!",3336,144,59,2022-06-23 14:48:51,3539,Medio,Alegría,Media,0.747
219,"Para los que me preguntan:
No voy a poder estar como invitado en la maravillosa VELADA DEL AÑO de Ibai porque justo en ese momento, estoy casando a uno de mis mejores amigos. No es coña, surrealismo puro, pero feliz.
Me hubiera encantado estar... el año que viene SIN FALTA.",25903,357,186,2022-06-23 20:46:13,26446,Alto,Alegría,Alta,0.99
220,"El mejor combate, con diferencia, va a ser Momo - Viruzz. No tengo pruebas, pero tampoco dudas.",44916,1087,225,2022-06-25 02:22:06,46228,Alto,Alegría,Media,0.733
221,"Al año que viene solo le pido un JAGGER VS LOGAN PAUL
La mayor batalla del bien contra el mal desde el Goku - Freezer.",64142,2598,745,2022-06-26 14:56:33,67485,Viral,Neutral,Alta,0.91
222,"Daros la noticia que mi padre ha sido operado hace poquitos días, de una hernia y de la vesícula (nada grave), que ya está en casa hecho un toro y que por fin de han acabado los médicos por una larga temporada.
Entrena duro Jagger, que el año que viene te lo envío ",37679,625,199,2022-06-26 18:32:13,38503,Alto,Alegría,Alta,0.98
223,Os juro que Skrillex es un primo mío de Cuenca.,67189,948,162,2022-06-26 19:24:43,68299,Viral,Neutral,Alta,0.866
224,"ÚLTIMO PODCAST ANTES DE VACACIONES
Tertulia final y me voy a rascarme los huevos un ratito. ¡No os la podéis perder!

https://
youtu.be/DHil4IJNLz8",2356,62,77,2022-06-28 14:31:58,2495,Bajo,Alegría,Media,0.531
225,"Ghislaine Maxwell, amante y confidente de Jeffrey Epstein, sentenciada a 20 años de cárcel. Pocos me parecen.",12910,446,199,2022-06-28 22:39:39,13555,Alto,Asco,Baja,0.447
226,Pues a mí me parece ESPECTACULAR que muchos no metaleros hayan conocido a Metallica por Stranger Things y eso les consiga un público más joven y fan de otras músicas. Bravo por la serie.,31390,1488,310,2022-07-06 18:18:30,33188,Alto,Alegría,Alta,0.996
227,Elon Musk al final no compra Twitter. ¿Nos reunimos los youtubers y streamers para comprarlo nosotros y convertirlo en un sitio de paz y amor?,19326,476,376,2022-07-10 12:29:49,20178,Alto,Neutral,Alta,0.965
228,Si no has intentado hacer un Kamehameha junto a tus compañeros de colegio no has tenido infancia.,15446,823,220,2022-07-10 13:00:35,16489,Alto,Neutral,Alta,0.93
229,"Vale, ahora sí que se acaba el mundo.",15495,856,116,2022-07-12 00:58:29,16467,Alto,Neutral,Alta,0.919
230,Esto es lo mejor que he visto en muchos años,2868,161,67,2022-07-12 19:43:52,3096,Medio,Alegría,Alta,0.958
231,"Netflix, por favor, deja de adaptar animes, videojuegos, y cualquier obra de ficción que exista. Gracias.

No miréis la nueva de Resident Evil, porque directamente es para pegarse un tiro.",21217,1249,626,2022-07-15 16:13:58,23092,Alto,Enfado,Alta,0.857
232,"El Barça ha pasado de tener que subir a un chaval del alevín D para poder completar la plantilla a fichar a Lewandowski y Raphinha a golpe de talonario.
Esto sí que es magia y no Harry Potter.",28189,1456,494,2022-07-16 12:14:52,30139,Alto,Neutral,Media,0.654
233,"Esperando a las 8 de la tarde para dar un paseo sin tanto calor.
El paseo:",9922,386,59,2022-07-20 13:53:55,10367,Alto,Neutral,Alta,0.986
234,"Hoy, final de temporada de la Taberna con Albert y con 
@motenai
. Como último programa hemos pensado en invitar a gente que está empezando en esto de hacer vídeos, así que vamos a tener a 
@JordiWild
. A las 22.30h aquí: 
https://
youtu.be/LRZdYU01FcE",1030,41,18,2022-07-20 15:46:35,1089,Bajo,Neutral,Alta,0.964
235,"O sea, me voy de vacaciones un tiempo y el mundo se vuelve completamente loco mientras.",12820,378,146,2022-07-20 20:17:55,13344,Alto,Neutral,Alta,0.904
236,"Me hubiera encantado estar en la estrena de #RubiusX, ya sabéis que adoro a ese cabrón, pero estoy en la playita desconectando de (casi) todo y no he podido anular la reserva.
Todo lo bueno que le pase a 
@Rubiu5
 es merecido.
Mil ganas de ver el documental, me emocionaré seguro ",14431,353,46,2022-07-21 18:53:33,14830,Alto,Alegría,Alta,0.994
237,Hay veces que cuando algo pequeño cae en el suelo entra en otra dimensión en el que nunca lo vas a encontrar. Aunque veas exactamente donde ha caído.,11971,447,129,2022-07-24 14:43:44,12547,Alto,Neutral,Media,0.709
238,"Contestad con un emoji lo que más os gusta/atrae de una persona físicamente.
Empiezo yo: ",18143,929,4776,2022-07-26 20:50:34,23848,Alto,Neutral,Alta,0.962
239,"¡¡Qué grande eres BRANDON MORENO!! 
#UFC277",7838,329,43,2022-07-31 03:51:07,8210,Medio,Alegría,Alta,0.993
240,Entro en Twitter después de bastante tiempo. Veo TERCERA GUERRA MUNDIAL. Cierro Twitter.,17929,646,107,2022-08-02 20:57:17,18682,Alto,Neutral,Alta,0.975
241,"Esta podría ser la mejor foto de la historia de un OVNI.
Y esta sí es real.
Se ha desclasificado por el Ministerio de Defensa de UK después de 30 años guardada y forma parte del caso Calvine.
Impresionante.",96532,7845,1493,2022-08-14 14:10:56,105870,Viral,Sorpresa,Alta,0.978
242,"Ahora Black Freezer… ¡Basta ya de inclusión forzada y politizar todo!

Es broma, me parece su mejor transformación DESDE YA.",20057,648,255,2022-08-19 21:50:42,20960,Alto,Enfado,Alta,0.939
243,"Muy contento por mi amigo Pablo Salum 
@LEYANTISECTAS
 por haberse cargado la terrible secta que secuestró a su familia y a él mismo, y que le hizo vivir un infierno como pocos aguantarían. Por una vez, los buenos ganan.
Tenéis un podcast con él recomendadísimo.",6118,521,46,2022-08-20 01:16:23,6685,Medio,Alegría,Alta,0.996
244,Temporada nueva y el Madrid sigue siendo igual de puto pesado.,13504,346,196,2022-08-20 21:31:55,14046,Alto,Enfado,Alta,0.801
245,"Famosos en verano: fotos en yates y mansiones bien bronceados.
Mis vacaciones:",17508,852,363,2022-08-26 14:49:17,18723,Alto,Neutral,Media,0.68
246,Este año,12418,289,72,2022-08-28 18:59:47,12779,Alto,Neutral,Media,0.522
247,Hoy cumplo años,61777,1170,1642,2022-08-29 00:41:31,64589,Viral,Alegría,Alta,0.849
248,"Llega Septiembre y se terminan mis vacaciones.
El día 8 de este mes regresa THE WILD PROJECT con un invitado muy esperado por todos y que estoy seguro os va a encantar...
Además nuevos vídeos en EL RINCÓN DE GIORGIO y más sorpresas, una de ellas muy gorda.
¡Ya vuelve el papito!",14940,542,332,2022-09-01 17:54:01,15814,Alto,Alegría,Alta,0.987
249,ESTA XAVINETA VA CON EL TURBO,14912,532,144,2022-09-03 20:56:43,15588,Alto,Neutral,Alta,0.886
250,"REWIND HISPANO 2022 Si no se mueve ahora, no habrá Rewind.",27299,3688,362,2022-09-04 16:45:07,31349,Alto,Neutral,Alta,0.987
251,"ESTE 8 DE SEPTIEMBRE VUELVE THE WILD PROJECT
Comenzamos con una charla con el gran 
@EvilAFM
 que os va a encantar.
La semana que viene regresa la tertulia, y por supuesto, un nuevo invitado.
(Y no me olvido de El Rincón de Giorgio, prometido)",19064,1158,280,2022-09-05 17:44:32,20502,Alto,Alegría,Alta,0.989
252,Mensaje importante.,7945,529,145,2022-09-07 11:46:59,8619,Medio,Neutral,Alta,0.963
253,The Queen when Meghan Markle comes to say her goodbyes,615691,98319,3613,2022-09-08 13:15:29,717623,Viral,Neutral,Alta,0.846
254,"NUEVO VÍDEO
Regresa The Wild Project y lo hace con una leyenda del internet: alexelcapo 
@EvilAFM
 
¡No os lo perdáis!",4576,510,231,2022-09-08 13:53:11,5317,Medio,Alegría,Alta,0.986
255,foto para que actualicéis miniaturas de nada,13616,183,148,2022-09-08 16:20:41,13947,Alto,Neutral,Alta,0.993
256,"Amigos streamers/youtubers, he regresado después de 2 meses sin subir absolutamente nada nuevo, y la recepción y el cariño de la gente es exactamente el mismo o mayor.
Nadie se olvida de vosotros por tomaros un descanso REAL, sobre todo si ya lo habéis petado. Hacedlo, por salud.",33616,908,236,2022-09-09 12:59:54,34760,Alto,Neutral,Media,0.732
257,"Tony Ferguson Vs Nate Díaz llega 5 años tarde, pero al menos llega. Ojalá se vaya a 5 rounds de sangre y sudor. Combate legendario.
#UFC279",2293,67,46,2022-09-11 04:05:57,2406,Bajo,Alegría,Alta,0.89
258,"NUEVO PODCAST
Regresan las tertulias, como cada semana comentando las noticias más interesantes de los últimos días. Con Leo y Tamayo super stars.",1130,40,27,2022-09-13 14:25:47,1197,Bajo,Neutral,Alta,0.766
259,"Este miércoles he tenido problemas técnicos grabando el podcast, por lo que el jueves POR PRIMERA VEZ, The Wild Project va a ser en riguroso directo, con un invitado espectacular que va a contar cosas muy heavys.
A las 5 de la tarde como siempre 
¡No os lo perdáis!",4843,92,42,2022-09-14 22:58:59,4977,Medio,Alegría,Alta,0.797
260,"Este jueves a las 5 de la tarde (hora española)
¡Especial EN DIRECTO de The Wild Project!",954,47,22,2022-09-15 03:32:53,1023,Bajo,Neutral,Alta,0.799
261,A ver si yendo de blanco el Barça gana la Champions de una vez. Al menos los árbitros nos ayudarán más.,21092,997,898,2022-09-15 12:26:57,22987,Alto,Enfado,Media,0.586
262,"NUEVO PODCAST EN DIRECTO
En pocos minutos, haré mi primer podcast en streaming junto a Pablo Salum, que explicará como se ha cargado la secta que convirtió su vida en un infierno. ¡No te lo pierdas! #AntiSectasWild",850,56,20,2022-09-15 14:39:41,926,Bajo,Neutral,Alta,0.904
263,"Amores, este 3 de Noviembre publico mi nuevo libro:
ASÍ ES LA PUTA VIDA - El libro de ANTI-Autoayuda
Un libro en que trato muchos temas de actualidad, como veo la realidad de la vida, el negocio de la autoayuda, las redes, salud mental...
Resérvalo aquí: 
https://
amzn.to/3UdivRT",5937,1216,218,2022-09-16 12:06:54,7371,Medio,Neutral,Alta,0.995
264,"Que haya polémica en 2022 porque un jugador de fútbol baile (Vinicius) cuando esté contento por algo, me parece tan surrealista que ni sé ni como expresarlo. Señores, es solo furbo, 22 personas intentando meter un balón en una red. No le demos más seriedad de la que tiene.",16327,732,314,2022-09-17 11:16:37,17373,Alto,Enfado,Alta,0.872
265,"Me da igual si hay elfos negros, si Tolkien se remueve en su tumba, si el lore es invent o si los pelosos escuchan flamenco y fuman canutos. Los Anillos de Poder me está pareciendo simplemente ABURRIDA e insustancial. Como serie. El cuarto episodio me ha costado de terminar.",13807,888,657,2022-09-17 12:37:16,15352,Alto,Enfado,Alta,0.858
266,"Y aún con toda la polémica alrededor, tenía muchas ganas de que me gustara, como fan no tan solo de ESDLA sino de la fantasía medieval en general. Pero nada, no le encuentro ningún sentido, los protagonistas en su mayoría un desastre, las tramas flojas, solo se salva lo visual.",3385,97,78,2022-09-17 12:57:42,3560,Medio,Enfado,Media,0.73
267,"Venga va, este domingo vídeo en EL RINCÓN DE GIORGIO",10406,283,181,2022-09-17 20:23:35,10870,Alto,Neutral,Alta,0.953
268,"Me gusta mucho la idea de que en GTA 6 los protagonistas sean una pareja de novios, creo que se pueden tocar temas interesantes y sumarle una capa de complejidad a los personajes: celos, malentendidos, amor... Todo eso mientras matas al 12% de la población de la ciudad.",42503,1488,266,2022-09-18 14:39:44,44257,Alto,Neutral,Alta,0.985
269,"NUEVO VÍDEO
Regreso al Rincón de Giorgio con un nuevo vídeo después de las vacaciones. En esta ocasión, el terrible caso de Todd Kohlhepp, el asesino de reseñas de Amazon. No os lo podéis perder...",1927,91,31,2022-09-18 15:15:55,2049,Bajo,Neutral,Alta,0.979
270,"NUEVO PODCAST
Esta tertulia es muy especial porque ROSA llega para dejar las cosas claras de una vez por todas a Albert… no te lo pierdas!",1401,52,26,2022-09-20 14:35:37,1479,Bajo,Alegría,Alta,0.959
271,"NUEVO PODCAST
Anita Mateu, una de las sorpresas de los últimos tiempos en Youtube, me visita para charlar sobre como se vive en Cuba, las dificultades que existen para muchas cosas cotidianas, pero también las cosas buenas y curiosas. ¡No os lo perdáis!

https://
youtu.be/0UJT4_s6B3k",1728,117,67,2022-09-22 14:08:02,1912,Bajo,Alegría,Alta,0.964
272,"¡Amigos y amigas!
Estaré en directo en el canal de Josebas ahorita mismo: 
https://
twitch.tv/josebas__
Todos pa’dentro",773,32,16,2022-09-22 19:20:04,821,Bajo,Neutral,Alta,0.949
273,Acabo de darme cuenta de que el DLC de Residente del Mal 8: Pueblo sale justo durante mi semana de Halloween... interesante...,9461,276,133,2022-09-23 13:10:55,9870,Medio,Sorpresa,Alta,0.91
274,"NUEVO PODCAST
Esta tarde me visitan los cracks de Ayax y Prok, para una tertulia muy diversa donde hablaremos de todo. ¡No te lo pierdas!",2237,149,77,2022-09-27 12:54:55,2463,Bajo,Alegría,Alta,0.977
275,"Padres normales del mundo mandan saludos a sus hijos por whatsapp.
Mi padre 
@PapaGiorgioReal
 me envía esto:",5541,324,129,2022-09-28 18:22:01,5994,Medio,Neutral,Alta,0.995
276,"NUEVO PODCAST
Esta vez, Ayax y Prok me hablan de su vida, sus aventuras, lo que significa el rap para ellos, la importancia de la cultura y mucho más. ¡Gran podcast!",1142,51,52,2022-09-29 14:45:07,1245,Bajo,Alegría,Alta,0.996
277,"A muchos os está saliendo este mensaje de error al intentar ver el último podcast, y ya son varios vídeos los que me ha dado este mismo error. SOLO AFECTA a la app de los iphones, desde cualquier otra plataforma va todo bien.
Así que si usáis Iphone, podéis verlo en la web o pc.",2432,70,51,2022-09-30 13:53:28,2553,Bajo,Neutral,Alta,0.885
278,"Hoy ha muerto mi admirado Jesús Quintero, para mí uno de los mejores entrevistadores de la historia y una referencia total sobre como llevar una conversación, cosa que intento aplicar a mi manera en The Wild Project.
Descansa en paz, genio.",4994,195,34,2022-10-03 20:39:13,5223,Medio,Tristeza,Alta,0.837
279,"NUEVO PODCAST
Tertulia con los genios de Darma y Kira Sensei, donde hablaremos de las noticias más interesantes de los últimos días y también aprenderemos sobre Japón. No os lo perdáis :)

https://
youtu.be/VgmzQm2ig1k",1190,63,34,2022-10-04 14:32:30,1287,Bajo,Neutral,Media,0.593
280,"Dejaros de salseos, lo mejor de 2022 es que Apple tendrá que jubilar de una puta vez su cable lightning.",8986,236,67,2022-10-04 15:31:41,9289,Medio,Enfado,Alta,0.933
281,Pues se ha quedado buena noche de Europa League.,9269,261,99,2022-10-04 20:58:21,9629,Medio,Neutral,Alta,0.876
282,"Aunque ha sido un robo, el Barça ha jugado como el culo, mal partido en general, y desde luego a día de hoy no está para luchar de tú a tú con los grandes de Europa. Quizás en unos meses, pero no ahora.",12311,530,469,2022-10-04 21:31:27,13310,Alto,Enfado,Media,0.537
283,"NUEVO PODCAST
Darma y Kira Sensei me acompañan para un podcast centrado en Japón y en sus particularidades. ¡Muy recomendado!",996,50,23,2022-10-06 15:01:18,1069,Bajo,Alegría,Alta,0.966
284,Like si queréis un vídeo en mi canal con toda la historia real de Jeffrey Dahmer.,64245,1426,610,2022-10-09 13:08:59,66281,Viral,Neutral,Alta,0.983
285,"NUEVO PODCAST
Espero que me respeten: nueva tertulia en The Wild Project ",984,43,26,2022-10-11 14:17:56,1053,Bajo,Neutral,Alta,0.876
286,Que el puto culebrón de Mbappé vuelva a abrirse sí que es una historia de terror de Halloween.,8885,294,74,2022-10-11 17:42:07,9253,Medio,Sorpresa,Media,0.614
287,"Este canal: 
@datos_twp
 es una de las locuras más grandes que he visto en mi vida. No sé quién es, pero hace estadísticas de absolutamente todo del podcast. Solo falta que nos haga una media del tamaño del miembro de los participantes, y listos.",4019,83,28,2022-10-11 23:19:01,4130,Medio,Alegría,Media,0.57
288,"Por favor que se nos pegue por un partido la potra del Madrid, Jesucristo solo te pido esto.",13519,503,458,2022-10-12 20:43:13,14480,Alto,Neutral,Media,0.691
289,"El podcast de hoy creo sinceramente que es de los mejores de toda la historia de The Wild Project. Hablamos de la corrupción absoluta de la prensa, el poder del palco del Bernabeu, de conflictos por el mundo, de canibalismo, la realidad de Putin… De verdad, muy top.",13723,497,321,2022-10-13 14:24:19,14541,Alto,Alegría,Media,0.713
290,"NUEVO PODCAST
David Jiménez, exdirector de EL MUNDO, y que fue cesado un año después por no ceder ante la corrupción y la manipulación que impera en España, me visita en uno de los podcasts más tops que creo he hecho. ¡No lo podéis perder!",2491,327,67,2022-10-13 14:37:56,2885,Medio,Alegría,Alta,0.98
291,Somos muy malos.,21875,754,375,2022-10-16 15:32:50,23004,Alto,Neutral,Media,0.53
292,"- Eric García, Sergi Roberto, no pueden ser titulares del Barça
- Raphinha lo da todo pero no acaba nada. Ansu Fati 90 minutos de una vez
- Busquets solo funciona si el Barça juega a lo suyo, necesitamos otro titular que sea versátil
- De Jong siempre en mi equipo",20069,1139,438,2022-10-16 16:33:27,21646,Alto,Neutral,Alta,0.961
293,"NUEVO PODCAST
La tertulia como cada semana en vuestro querido podcast, no os lo podéis perder o iréis al infierno.",852,35,23,2022-10-18 15:11:16,910,Bajo,Neutral,Media,0.748
294,"Pues al final tendré que hacer la serie de RESIDENTE DEL MAL 4, está demasiado guapo.",8283,216,127,2022-10-21 13:23:23,8626,Medio,Alegría,Alta,0.797
295,"NUEVO VÍDEO
Me lo habíais pedido como locos, y yo cumplo con vuestros deseos. El vídeo con la historia REAL de Jeffrey Dahmer: El carnicero de Milwaukee.",3028,149,32,2022-10-21 14:04:08,3209,Medio,Alegría,Media,0.556
296,¿Este Barça no podría aparecer en la Champions? ,20676,1163,799,2022-10-23 19:24:59,22638,Alto,Neutral,Alta,0.99
297,"Internet es un sitio peligroso, hay mucho odio y malas personas.
El internet real:",18520,649,74,2022-10-24 14:23:36,19243,Alto,Enfado,Baja,0.411
298,"NUEVO PODCAST
Tertulia como cada semana en The Wild Project :)

https://
youtu.be/efrnMqwv2og",744,35,17,2022-10-25 14:39:29,796,Bajo,Alegría,Media,0.502
299,"ESTE MIÉRCOLES EMPIEZA... ¡LA SEMANA DE HALLOWEEN EN EL RINCÓN DE GIORGIO!

Hasta el día 31 Halloween, cada día un vídeo de temática terrorífica.

Este año va a ser brutal y acojonante...",5785,380,100,2022-10-25 21:44:51,6265,Medio,Alegría,Alta,0.969
300," COMIENZA LA SEMANA DE HALLOWEEN 2022 
Empezamos fuertes, con el análisis psicológico de una de las entrevistas más chocantes de la historia: la que se la hace a Jeffrey Dahmer delante de su padre…

https://
youtu.be/EnSI4itGkng
Y cada día, ¡Nuevo vídeo de terror y misterio!",1529,115,23,2022-10-26 14:55:25,1667,Bajo,Sorpresa,Baja,0.493
301,"El genio de 
@nategentile7
 me ayuda a montar mi nuevo ordenador de 2.347.852.476.287€ en un vídeo en su canal que la verdad es que es la hostia :)
¡Echadle un vistacillo que os lo pasaréis bien!",2850,86,46,2022-10-26 17:27:49,2982,Medio,Alegría,Alta,0.996
302,El Barça en la Champions be like,3740,115,69,2022-10-26 20:00:20,3924,Medio,Neutral,Alta,0.973
303,"¿Los ESLAND van a ser en Mexico?
Ya tengo tema de debate en The Wild Project para un buen rato.",46356,615,470,2022-10-27 12:54:26,47441,Alto,Neutral,Alta,0.992
304,"Este 4 de Noviembre voy a estar en Barcelona, en el FNAC TRIANGLE a las 18h, firmando mi nuevo libro. Me podréis conocer y sacaros una foto y un abrazote.
Os dejo un link porque SÍ O SÍ os tenéis que registrar, por un tema de aforo. ¡Plazas limitadas!

https://
bit.ly/3DAjjdo",1538,59,54,2022-10-27 13:22:24,1651,Bajo,Alegría,Alta,0.877
305,"LA SEMANA DE HALLOWEEN 2022
Seguimos con el vídeo diario de terror, en este caso la historia real de Nevada-Tan, la niña de 11 años que mató de forma brutal a su amiga y compañera de clase.",1304,80,18,2022-10-27 14:13:49,1402,Bajo,Neutral,Alta,0.827
306,"NUEVO PODCAST
Esto no para 
El crack de Juan Soto Ivars, uno de los tíos más claros al hablar que puedes encontrarte, me visita para un podcast que levantara sentimientos, sin duda. ¡No os lo perdáis!

https://
youtu.be/bO39I7zvgkg",973,79,29,2022-10-27 15:52:38,1081,Bajo,Alegría,Alta,0.994
307,"¡YA NO PUEDO ESPERAR MÁS, LO ANUNCIO Y ALE!
Este sábado vuelve RESIDENTE DEL MAL 8 PUEBLO a mi canal. Voy a estar en directo pasándome el DLC de SHADOWS OF ROSE con todos vosotros, como parte de La Semana de Halloween.
Nos veremos este sábado a las 11pm (hora española). ¡Besos!",7556,304,103,2022-10-27 18:59:22,7963,Medio,Alegría,Alta,0.99
308,"Al final, esto de los ESLAND en Mexico ha provocado una especie de guerra sin sentido entre LATAM y España, cuando parecía que mejor nos estábamos llevando.
Los premios deberían unir, no separar y hacernos discutir por puras chorradas.",58924,2082,1968,2022-10-28 14:03:56,62974,Viral,Enfado,Media,0.603
309,"NUEVO VÍDEO DE LA SEMANA DE HALLOWEEN
Terrifier 2, la película de la que más se está hablando en años, con gente que tiene que salir mareada y vomitando del cine. ¿Hay para tanto? ¡Lo veremos en este análisis!

https://
youtu.be/qNUZla5VXHE",1403,69,33,2022-10-28 14:37:27,1505,Bajo,Neutral,Alta,0.867
310,Like si os está gustando mucho esta SEMANA DE HALLOWEEN en mi canal ,10111,162,144,2022-10-28 19:17:45,10417,Alto,Alegría,Alta,0.871
311,"EN UNA HORA EN DIRECTO JUGANDO AL RESIDENT EVIL 8 DLC PARA CELEBRAR LA SEMANA DE JALOUIN
¡Todo el mundo pa'dentro que esto es histórico!",1285,56,37,2022-10-29 19:55:10,1378,Bajo,Alegría,Alta,0.986
312,"Uf, me expresé horrible aquí, quizás el no preparado intelectualmente soy yo 
Veníamos de varias noticias semanales de polémicas por su parte y me calenté, no tengo ni idea de su nivel intelectual, por lo que lo siento de verdad.
Pero, un activista NO debería ser ministro. 
https://
x.com/wallstwolverin
/wallstwolverine/status/1586082236927209472
…",14601,888,1187,2022-10-30 15:03:58,16676,Alto,Tristeza,Baja,0.489
313,"Jake Paul ganó a Anderson Silva, leyenda de la UFC de 47 años en un combate de boxeo, que sinceramente, estuvo muy entretenido.
Todo esto es show, pero me muero de ganas de ver a Paul contra un boxeador de verdad a ver qué pasa… quizás hay sorpresa. O no.",5338,92,113,2022-10-30 15:35:15,5543,Medio,Neutral,Media,0.52
314,"NUEVO VÍDEO DE LA SEMANA DE HALLOWEEN
Hoy toca una experiencia que imita lo que puede sentir una persona durante un brote psicótico, una sensación dura y terrorífica, peor que muchas películas de miedo.",972,49,21,2022-10-30 15:46:24,1042,Bajo,Neutral,Media,0.622
315,"El Barça gana la Liga y la Copa del Rey. El Madrid la Champions.
¿Firmáis?",678,35,136,2022-10-30 16:11:05,849,Bajo,Neutral,Alta,0.902
316," ÚLTIMO VÍDEO DE LA SEMANA DE HALLOWEEN 
Se termina esta Semana de Halloween por todo lo alto, con un vídeo de una web extremadamente macabra, que me ha dejado tocado al terminar de grabar...

https://
youtu.be/eG5nIllWtHU",1235,57,32,2022-10-31 15:09:43,1324,Bajo,Neutral,Media,0.506
317,"PODCAST ESPECIAL HALLOWEEN
Recopilación de las mejores historias de terror y paranormales en todo el año. Feliz Halloween 

https://
youtu.be/R2XAcKxvAEg",906,47,9,2022-10-31 18:48:38,962,Bajo,Alegría,Alta,0.896
318,"Esta SEMANA DE HALLOWEEN en el canal ha sido la de mayor éxito con diferencia, más de 11 millones de visitas en 6 días, estoy agotado pero ha valido la pena.
Gracias a todos por el apoyo y nos vemos el año que viene en la siguiente edición ",7538,283,139,2022-10-31 19:53:36,7960,Medio,Alegría,Alta,0.995
319,"NUEVO PODCAST
Eduardo Sáenz de Cabezón, matemático y divulgador, me visita para un podcast mega interesante donde las matemáticas van a parecer misteriosas y diverdas, DE VERDAD. Un crack 
@edusadeci",1178,91,41,2022-11-03 16:00:15,1310,Bajo,Alegría,Alta,0.992
320,"Ya podéis encontrar en todas las librerías mi nuevo libro 
Librito donde hablo de temas sociales, experiencias vitales, y temas tabú como el suicidio y la salud mental, todo ello avalado con estudios científicos e investigaciones. ¡Espero que os guste!",5128,164,88,2022-11-03 16:55:29,5380,Medio,Alegría,Alta,0.949
321,De los mejores defensas de la historia del club y una leyenda absoluta. ¡Mucho éxito en esta nueva etapa!,8917,238,47,2022-11-03 19:13:28,9202,Medio,Alegría,Alta,0.996
322,"Se nos ha metido algo en el ojo 

#Sempr3  ",5091,232,29,2022-11-05 22:26:19,5352,Medio,Sorpresa,Media,0.689
323,"NUEVO PODCAST
Tertulia como cada semana con los tertulianos más top del mundo ",713,38,16,2022-11-08 15:27:20,767,Bajo,Alegría,Media,0.646
324,"Siempre me apunto para joder a Francia. 
@IbaiLlanos
 y yo seremos los entrenadores de ESPAÑITA. La táctica: balones a PapiGavi y que invente.",37444,1292,235,2022-11-08 20:37:21,38971,Alto,Neutral,Alta,0.89
325,"NUEVO VÍDEO
Zazza el Italiano, que visita los barrios más peligrosos, viene al podcast para un podcast muy chulo donde analizará lo que ve.",1803,85,40,2022-11-10 15:17:47,1928,Bajo,Neutral,Alta,0.878
326,"NUEVO PODCAST

@MundoMaldini
 me visita para un podcast Especial del Mundial donde se analizarán los equipos más importantes, los jugadores top y se hará la predicción. Además, hablaremos de la actualidad del mundo furbo y mucho más.",1837,102,48,2022-11-15 15:51:29,1987,Bajo,Neutral,Alta,0.979
327,Putin estate tranquilo anda,16092,506,249,2022-11-16 03:16:29,16847,Alto,Neutral,Alta,0.785
328,Va a salir un juego que será un SIMULADOR DE JESUCRISTO. Es lo único que puede traer la paz al mundo amigos.,16141,725,235,2022-11-16 20:46:17,17101,Alto,Neutral,Alta,0.975
329,"NUEVO PODCAST
Oswald Aulestia, uno de los falsificadores más grandes del mundo, buscado por el FBI, varias veces en la cárcel... me visita para un surrealista y emocionante podcast, en el que me cuenta su alocada vida. ¡No te lo puedes perder!

https://
youtu.be/7rA5gar_4Xw",1400,62,38,2022-11-17 15:12:07,1500,Bajo,Alegría,Media,0.703
330,"NUEVO VÍDEO
El hombre que estuvo 83 días siendo radioactivo, la peor muerte jamás registrada. Hisashi Ouchi.",1655,58,31,2022-11-20 16:00:59,1744,Bajo,Neutral,Baja,0.323
331,Yo he sido de Arabia Saudí desde pequeño.,25780,1036,288,2022-11-22 13:41:53,27104,Alto,Neutral,Alta,0.936
332,este mundial esta loco,8350,240,66,2022-11-22 14:23:02,8656,Medio,Neutral,Media,0.609
333,"NUEVO PODCAST
Tertulia como cada semana en The Wild Project, no os lo podéis perder. 5 horitas en esta ocasión...",653,35,28,2022-11-22 15:38:42,716,Bajo,Alegría,Media,0.688
334,"Amores madrileños, este lunes 28 estaré en mi querida ciudad para firmar mi nuevo libro. Simplemente debéis apuntaros al link, porque las plazas son limitadas (no tardéis en registraros, que se terminarán rápido )

https://
my.weezevent.com/Jordi-Wild-asi
-es-la-puta-vida
…",855,48,27,2022-11-22 17:02:29,930,Bajo,Neutral,Alta,0.891
335,"¡Rápido contestad sin pensar!
¿Quién gana?",1018,44,93,2022-11-23 13:41:02,1155,Bajo,Neutral,Media,0.723
336,LUIS PADRIQUE ES NUESTRO DIOS. SUBIDO YA EN LA LUISENRIQUETA.,26492,1443,175,2022-11-23 17:53:39,28110,Alto,Neutral,Alta,0.968
337,"NUEVO PODCAST
Antonio Fernandes, hacker legendario, me visita para un podcast con mucha ciberseguridad y anécdotas y trucos de hacking brutales! No os lo perdáis ",855,55,31,2022-11-24 15:46:00,941,Bajo,Alegría,Alta,0.964
338,"Youtuber/streamer promedio al levantarse be like:
A ver, con qué equipo latino me toca ir hoy????",13155,279,111,2022-11-27 13:43:47,13545,Alto,Neutral,Alta,0.992
339,"Quién gana hoy, rápido",872,46,76,2022-11-27 14:38:55,994,Bajo,Neutral,Alta,0.937
340,Luis Padrique en ti confío.,4166,113,17,2022-11-27 19:42:25,4296,Medio,Neutral,Media,0.641
341,"Fuera de coñas, antes de morir necesito traer a The Wild Project a 
@LUISENRIQUE21
 
¿Gusta la idea?",47207,1482,563,2022-11-27 19:57:27,49252,Alto,Neutral,Alta,0.881
342,"Hoy no puede haber tertulia, que esta semana estoy de viaje, y el podcast con el invitado se publicará el viernes. Invitado mega top que nos ayudará a comprender como funciona el mundo… ¡No digo más!",4253,68,118,2022-11-29 14:42:20,4439,Medio,Alegría,Alta,0.903
343,"Esto no para, muchas gracias ",13404,474,128,2022-11-30 20:11:39,14006,Alto,Alegría,Alta,0.989
344,"Si nos tiene que eliminar alguien, que sean los tíos que inventaron a Son Goku.",26506,904,157,2022-12-01 20:10:26,27567,Alto,Neutral,Alta,0.886
345,"Este tío tiene una de las historias más surrealistas, interesantes e injustas que jamás he narrado. Como habiendo cometido un asesinato terrible, pudo vivir buena parte de su vida como un famoso en Japón, sin casi castigo.
Hice vídeo en el Rincón hace tiempo. Recomendado ",10519,410,95,2022-12-02 13:50:44,11024,Alto,Tristeza,Alta,0.938
346,"NUEVO PODCAST
El Coronel Pedro Baños 
@geoestratego
 me visita personalmente para un episodio en el que nos explicará en qué situación geopolítica nos encontramos ahora mismo, en un mundo tan convulso y en pleno cambio de poderes. ¡No te lo pierdas!",2023,217,117,2022-12-02 15:19:29,2357,Bajo,Neutral,Alta,0.98
347,"NUEVO PODCAST
Tertulia como cada semana, hoy se iniciará a las 6 de la tarde para que no coincida con el España-Marruecos. Viva er furbo!

https://
youtu.be/3htYqm6KfPo",983,39,26,2022-12-06 15:07:48,1048,Bajo,Alegría,Alta,0.956
348,A España le ha dado un brote de barcelonitis aguda.,54929,3199,697,2022-12-06 17:51:29,58825,Viral,Neutral,Alta,0.92
349,"NUEVO PODCAST
Juan Ramón Rallo me visita para un podcast sobre economía en el que hablaremos de la situación actual, el drama del Bitcoin, qué significa el liberalismo y mucho más.
¡No te lo pierdas!",1620,117,62,2022-12-08 15:13:47,1799,Bajo,Neutral,Media,0.524
350,"Me da igual lo que pase, ELDEN RING es el juego del año. Y si no estás de acuerdo, estás equivocado.",19677,810,415,2022-12-09 03:40:10,20902,Alto,Neutral,Alta,0.969
351,Pues al final ha ganado el GOTY Bill Clinton.,12967,497,98,2022-12-09 03:59:45,13562,Alto,Neutral,Alta,0.849
352,vil klinton,8522,293,100,2022-12-09 04:03:39,8915,Medio,Neutral,Alta,0.827
353,"NUEVO PODCAST
Hoy viene un genio del humor!!! Joaquín Reyes, creador de La hora chanante y Muchachada Nui, me visita para hablar del humor y de la vida. ¡No te lo pierdas!",863,44,21,2022-12-16 15:16:23,928,Bajo,Alegría,Alta,0.991
354,"Si os caen mal los argentinos, los franceses os tienen que caer peor, no me jodas. Así que hoy todos con Argentina boludos ",70497,4373,864,2022-12-18 14:32:55,75734,Viral,Enfado,Alta,0.906
355,"Madre mía Argentina, les va a meter un saco ",12518,221,127,2022-12-18 15:41:24,12866,Alto,Sorpresa,Media,0.503
356,VALE YA HE GAFADO A LOS ARGENTINOS,10103,130,84,2022-12-18 16:44:39,10317,Alto,Neutral,Media,0.628
357,Medio mundo ahora,10800,723,56,2022-12-18 17:37:04,11579,Alto,Neutral,Alta,0.788
358,"Gane quien gane, VAYA FINAL MÁS ESPECTACULAR!!!! Bravo por los dos equipos!",9518,266,32,2022-12-18 17:48:54,9816,Medio,Alegría,Alta,0.995
359,Messi al fin ya tiene su Mundial. ¿Podemos decir de una puta vez que es el MEJOR DE LA HISTORIA?,177533,19062,3466,2022-12-18 17:54:56,200061,Viral,Alegría,Alta,0.884
360,"Cuando penséis que habéis tomado malas decisiones en la vida, mirad esto. No estáis tan mal.",25035,1323,132,2022-12-18 21:55:02,26490,Alto,Neutral,Alta,0.872
361,"NUEVO PODCAST
Última tertulia antes de Navidad, por lo que vamos vestidos como toca. ¡Todos a verlo!",835,45,15,2022-12-20 15:24:08,895,Bajo,Alegría,Media,0.643
362,"Pues al final sí he podido ser nominado.
Vamos a por el segundo, ¿no?",33114,1022,223,2022-12-20 18:04:49,34359,Alto,Neutral,Alta,0.901
363,"Aquí con mi amigo 
@Caith_Sith
 en un podcast de 4 horas sobre videojuegos y amor. ¡Muy chula la conversa!

https://
youtu.be/5piOqc-_GbI",1225,68,19,2022-12-21 19:16:27,1312,Bajo,Alegría,Alta,0.987
364,"NUEVO PODCAST
Podcast maravilloso y duro a la vez. Uno de los supervivientes de la tragedia de los Andes me visita para explicarme lo que vivió. Desde la antropofagia, hasta aguantar temperaturas extremas 2 meses y medio...¡No os lo perdáis!",1787,116,58,2022-12-22 15:18:42,1961,Bajo,Alegría,Alta,0.978
365,"Han pasado días, pero gracias Argentina por no dejar que Francia ganara otro mundial.",38014,1245,245,2022-12-23 02:40:12,39504,Alto,Alegría,Alta,0.981
366,Lo jodido de los ESLAND es que al matarse todos los nominados entre sí no quedará nadie para recoger premios en enero.,8800,138,67,2022-12-23 14:13:50,9005,Medio,Tristeza,Media,0.732
367,"De las mejores entrevistas en prensa que me han hecho, nuy interesante ",1106,36,15,2022-12-23 15:22:00,1157,Bajo,Alegría,Alta,0.851
368,"Estéis solos o acompañados, celebréis la Navidad o algún extraño ritual pagano, os deseo a todos que paséis unos días muy hermosos y que comáis tanto turrón que os explote el colon.
Se os quiere ",7790,248,49,2022-12-24 20:54:13,8087,Medio,Alegría,Alta,0.88
369,EL MENSAJE DEL AUTÉNTICO REY,15426,1239,137,2022-12-24 21:23:03,16802,Alto,Neutral,Media,0.716
370,"Esta semana y la que viene no habrá podcast por pequeñas vacaciones navideñas, vuelvo a la trinchera después de Reyes.
¡El día 10 de Enero regresa The Wild Project!",5225,97,86,2022-12-27 14:08:17,5408,Medio,Alegría,Alta,0.905
371,"Llego a sacar la colonia Olvidona y me hago trillonario.
Gran trabajo de todos en este Rewind 2022 ¡Espectacular!: 
https://
youtu.be/IbAuuxBFwoo",38104,2760,554,2022-12-29 18:27:18,41418,Alto,Alegría,Alta,0.993
372,EL ÚNICO MENSAJE DE FIN DE AÑO QUE OS TIENE QUE IMPORTAR.,13662,1334,145,2022-12-31 19:33:14,15141,Alto,Neutral,Alta,0.971
373,2023 va a ser PEOR o MEJOR que el 2022,1119,68,99,2023-01-01 14:42:34,1286,Bajo,Neutral,Alta,0.844
374,"Hoy estáis de resaca, NO ME MINTÁIS!!!!
Nada mejor que un día post-alcohol, para ver el resumen de lo mejor de The Wild Project del 2022, con auténticas leyendas que me han visitado:

https://
youtu.be/HtF9nZnEukU
Feliz año.",2253,69,37,2023-01-01 16:18:32,2359,Bajo,Alegría,Alta,0.968
375,"Nominado definitivamente.
¡¿Vamos a México o qué pasa?!",15421,279,163,2023-01-02 20:41:53,15863,Alto,Neutral,Media,0.627
376,"No conocía el caso de Elena Huelva hasta hace unos pocos días, pero me parece admirable como una chica tan joven con un cáncer así visibilice los peores momentos de la enfermedad y como su positividad puede ayudar a otros en su situación.
Pase lo que pase, ánimos y gracias.",7760,209,28,2023-01-03 14:30:51,7997,Medio,Alegría,Alta,0.962
377,"Me encantaría saber cuál es el juego con más porcentaje de devoluciones de Steam.
Yo apostaría por Elden Ring, mucho nombre pero chungo para los más casuals.
¿Cuál dirías vosotros?",19100,244,669,2023-01-04 13:46:55,20013,Alto,Neutral,Alta,0.981
378,"La comunidad hispana antes de anunciarse los Esland: paz y amor.
La comunidad ahora:",9373,289,91,2023-01-04 22:09:07,9753,Medio,Neutral,Alta,0.949
379,"Mi gente, lo he intentado todo, pero YOUTUBE me está dando muchos problemas para procesar el podcast, y no sé ni a qué hora podría subirlo. Por lo que lo dejo para mañana, a las 5 de la tarde como siempre, y el 1vs1 el viernes a la misma hora. Y os aviso que se viene un genio ",5267,95,100,2023-01-10 17:05:00,5462,Medio,Neutral,Alta,0.987
380,"NUEVO PODCAST
Hoy sí, hoy regresa la tertulia a The Wild Project, junto a mi Tamayito y Nate. ¡No os lo perdáis!

https://
youtu.be/0r3XtsYmNzI",1322,53,33,2023-01-11 14:09:22,1408,Bajo,Alegría,Alta,0.945
381,Desde Tupac y Notorious no se había visto un diss track con tanta mala hostia OMG,83749,4337,1130,2023-01-12 00:25:01,89216,Viral,Sorpresa,Media,0.686
382,shakira volviendo a casa después de grabar el bzrp session,55456,4039,292,2023-01-12 02:37:07,59787,Viral,Neutral,Alta,0.953
383,Todos histéricos y la reacción de Piqué va a ser anunciar un fichaje de la King’s League y un emoji.,48013,1377,436,2023-01-12 14:44:23,49826,Alto,Neutral,Alta,0.947
384,Y este verano querían echar a Frenkie de Jong… madre mía.,14562,462,95,2023-01-15 20:42:54,15119,Alto,Neutral,Baja,0.386
385,"TODOS A LA XAVINETA, NO ESPERA A NADIE!!",19405,901,113,2023-01-15 21:03:18,20419,Alto,Alegría,Media,0.52
386,"NUEVO PODCAST
Papa Giorgio y Antonio García Villarán juntos en una tertulia épica que os va a encantar. ¡No os la perdáis!",997,43,14,2023-01-17 15:21:26,1054,Bajo,Alegría,Alta,0.994
387,"El 17 de febrero nace DWT - Dogfight Wild Tournament
Mi evento de combate underground que no os vais a querer perder…
17 de Febrero en streaming desde El Rincón de Giorgio, estad atentos que se vienen novedades ",12449,1126,215,2023-01-17 18:31:54,13790,Alto,Alegría,Alta,0.762
388,"NUEVO PODCAST
Juan Carlos Unzué, ex jugador y entrenador de la élite del fútbol, y enfermo de ELA, me visita para un podcast donde comprobaremos que las ganas de vivir pueden existir en cualquier situación.",1574,187,33,2023-01-19 15:48:50,1794,Bajo,Neutral,Alta,0.992
389,"Como os habéis portado bien, en pocos minutos nuevo videaso en EL RINCÓN DE GIORGIO...",7354,129,86,2023-01-22 14:54:22,7569,Medio,Neutral,Alta,0.929
390,"NUEVO VÍDEO
El terrible caso Becowitz, o como una pareja de amantes estuvieron durante 3 días haciendo lo que nadie se hubiera atrevido...",2527,84,40,2023-01-22 15:09:11,2651,Bajo,Neutral,Media,0.657
391,"NUEVO PODCAST
Tertulia como cada semana, con las noticias más interesantes. Y sí, revelo lo de ""obsceno""...",1304,59,61,2023-01-24 15:54:55,1424,Bajo,Neutral,Alta,0.97
392,"NUEVO PODCAST
Lo habíais pedido durante años... y aquí lo tenéis: EL BANANERO, leyenda de internet antes de que existiera la viralidad, me visita y la charla vale mucho la pena!

https://
youtu.be/qBp2f_vJcD4",6744,543,207,2023-01-26 14:56:03,7494,Medio,Alegría,Alta,0.995
393,"Mañana operan a mi papi, mandad los besos y abrazos más grandes de internet ",9124,200,148,2023-01-26 22:15:10,9472,Medio,Alegría,Alta,0.967
394,"Deciros simplemente que Papa Giorgio aka DIOS ha superado la operación, todo ha ido genial y mañana estará en casa preparado para la guerra.
Gracias por vuestros mensajes de ánimo  sois muy bonicos ",95784,2437,731,2023-01-27 21:10:24,98952,Viral,Alegría,Alta,0.996
395,Tamayo te va a unos premios internacionales igual que a comprar chicles #real,49035,1672,333,2023-01-29 18:51:54,51040,Viral,Neutral,Alta,0.968
396,¿No ha ganado follacamiones? Ya pueden cerrar los Esland AHORA MISMO.,46436,2103,207,2023-01-29 20:51:13,48746,Alto,Neutral,Alta,0.991
397,"Va por ti Tamayo y follacamiones
#SegundoEsland",48883,1546,153,2023-01-29 22:19:42,50582,Alto,Neutral,Alta,0.99
398,"NUEVO PODCAST
Como cada semana, tertulia con los mejores colaborares charlando sobre las noticias más interesantes de los últimos días. Por supuesto, hablaremos de los ESLAND y mucho más!",984,41,16,2023-01-31 15:39:03,1041,Bajo,Alegría,Alta,0.982
399,"NUEVO PODCAST
Carles Porta, periodista y creador de uno de los programas más potentes ahora mismo: Crims, me visita para un podcast BRUTAL, con algunos casos de crónica negra tremendos. ¡No os lo perdáis!",1446,117,45,2023-02-02 15:28:33,1608,Bajo,Alegría,Alta,0.977
400,"Influencers/streamers/youtubers/otrosvividores que sigo:
Si queréis venir al evento de este 17 de Dogfight (DWT), decidme algo por MD y veo de cuadrarlo. Va a haber muy poquitas plazas, por lo que no puedo garantizar que todo el mundo tenga sitio... Será en la Catalunya central.",12853,212,209,2023-02-09 14:38:04,13274,Alto,Neutral,Alta,0.982
401,"NUEVO PODCAST
Sandra Estok, que fue víctima de un cibercriminal que le robó la identidad durante años, se recuperó y hoy en día es una grandísima experta en ciberseguridad. Un podcast con una historia personal muy chula y enriquecedora.

https://
youtu.be/rL_vk6fxCxY",1273,70,31,2023-02-09 15:29:28,1374,Bajo,Alegría,Alta,0.992
402,"#UFC284 
RÁPIDO, ¿QUIÉN GANA?",678,31,71,2023-02-12 05:11:57,780,Bajo,Neutral,Alta,0.962
403,"EN UNOS MINUTOS: NUEVO VÍDEO EN EL RINCÓN DE GIORGIO
Un caso muy reciente y muy bestia que sucedió en uno de nuestros países favoritos... Japón.",6249,141,77,2023-02-12 16:19:44,6467,Medio,Neutral,Alta,0.913
404,"NUEVO VÍDEO
El caso de la Yandere real: Yuka Takaoka...",1475,76,25,2023-02-12 16:48:34,1576,Bajo,Neutral,Alta,0.981
405,Xokas separando la violencia con el poder de la Fuerza,89366,3149,593,2023-02-16 21:35:31,93108,Viral,Neutral,Alta,0.985
406,"Gracias a todos por los mensajes tan bonitos por lo de ayer.
Hicimos historia, un evento de combate underground, sin casi móviles, violencia a la par que respeto y honor, y 320.000 espectadores de media. Impresionante.
Dogfight ha empezado.

PD: voy a matar al puto David Suárez.",77806,2482,730,2023-02-18 15:20:34,81018,Viral,Alegría,Alta,0.995
407,"NUEVO PODCAST
Como cada semana, tertulia en The Wild Project con las noticias más interesantes de los últimos días. Hablemos del DWT, de David Suárez y Tiparraco, por supuesto.",1228,48,20,2023-02-21 15:43:44,1296,Bajo,Neutral,Alta,0.934
408,Al menos ganaremos la liga.,22729,761,714,2023-02-23 21:55:45,24204,Alto,Neutral,Alta,0.936
409,"Voy a ir subiendo todos los combates del DOGFIGHT WILD TOURNAMENT al nuevo canal.
¡Comenzamos por esta auténtica locura: 2VS1!

https://
youtu.be/RyfQRhGwcRk
Todos a darle mucho cariño ",1550,54,23,2023-02-24 16:01:11,1627,Bajo,Alegría,Alta,0.986
410,Amouranth,28600,344,288,2023-02-27 22:15:34,29232,Alto,Alegría,Media,0.581
411,Luzu vs Fernanfloo va a ser un combate de amor y abrazos,16861,394,75,2023-02-27 23:58:16,17330,Alto,Neutral,Media,0.596
412,"NUEVO PODCAST
Tertulia como cada semana en The Wild Project. En esta semana hablamos de la locura de Amouranth y más cositas. No os lo perdáis!",892,38,11,2023-02-28 15:57:56,941,Bajo,Alegría,Alta,0.97
413,"NUEVO PODCAST
Jony de viviendoenlacalle, me visita para contarme su turbulenta vida, sus pasos por la cárcel, las adicciones, y como estuvo 7 años viviendo en la calle, hasta que encontró la motivación para volver a disfrutar de la vida. Brutal.",1651,72,30,2023-03-02 15:26:26,1753,Bajo,Alegría,Alta,0.988
414,"JON JONES, LA MADRE QUE LO PARIÓ.
Mejor de la historia.
#UFC285",2850,183,76,2023-03-05 05:52:18,3109,Medio,Alegría,Baja,0.436
415,"NUEVO PODCAST
Tertulia como cada semana, en esta ocasión Tamayo se pondrá a si mismo en serios problemas. Ídolo.

https://
youtu.be/XUfJ3HoZWZw",717,34,29,2023-03-07 15:57:41,780,Bajo,Neutral,Alta,0.979
416,"NUEVO PODCAST
Ilia Topuria, estrella de la UFC y futuro campeón, me visita para un podcast donde hablamos de lo que significa pelear en una competición así, y que pasaría si alguien le buscara las cosquillas por la calle... spoiler, no termina bien.

https://
youtu.be/3-kXug_KlSs",1315,79,45,2023-03-09 15:38:03,1439,Bajo,Neutral,Alta,0.993
417,Jagger ya se ha pasado tantas veces la vida que tiene que inventarse nuevos personajes.,26918,1059,126,2023-03-10 16:55:22,28103,Alto,Neutral,Alta,0.986
418,"Al conocernos tuvimos nuestros más y menos, pero al final nos quedó un gran cariño mútuo, y me apena mucho saber que el gran Tongo ha fallecido hoy 
Un abrazo enorme a la familia y espero que siga cantando y haciendo reír en el otro lado.",103202,9496,1075,2023-03-11 05:53:59,113773,Viral,Tristeza,Alta,0.931
419,"NUEVO PODCAST
Como cada semana, tertulia con mi gente. En esta ocasión toca hablar del triste fallecimiento de Tongo, y de la genialidad de Jagger (y van…)",826,34,16,2023-03-14 14:55:48,876,Bajo,Alegría,Media,0.549
420,"NUEVO PODCAST
Impresionante este podcast, en serio. Uno de los neurocirujanos más top del mundo me visita, hablaremos del cerebro, de operar a gente que está despierta, de donde nacen la consciencia y las emociones… y mucho más. No te lo pierdas!",2050,111,47,2023-03-16 15:28:05,2208,Bajo,Alegría,Alta,0.985
421,"NUEVO VÍDEO
Día del Padre, pues ración del grandísimo PAPA GIORGIO en El Rincón, a lo old school. En esta ocasión reacciona a uno de los más locos de interntet, Gaspi... no os lo podéis perder!
(Y sí, esta semana comenzaré RESIDENT EVIL 4 REMAKE )",1434,59,29,2023-03-19 15:15:46,1522,Bajo,Alegría,Alta,0.986
422,"Hoy estoy invitado a ver el Barça-Madrid desde el palco presidencial, iba a ir en tirantes pero me han dado el stop…
Creo que va a ser una de las experiencias más curiosas de mi vida en los últimos años.",22014,310,193,2023-03-19 15:37:02,22517,Alto,Alegría,Alta,0.967
423,"Ter Stegen es alemaaaaannnnn 
Estaba pensando en De Jong y se me coló jaja

Bueno ya tengo clip para el podcast ",12546,227,71,2023-03-19 21:17:50,12844,Alto,Alegría,Alta,0.793
424,"NUEVO PODCAST
Episodio 200 de The Wild Project, con dos personas espectaculares: 
@illojuan
 y 
@mariaisabelrr9
, espero que tengáis unas 300 horas libres. Porque no veas lo que hablan... Os quiero ",12210,878,118,2023-03-21 15:31:54,13206,Alto,Alegría,Alta,0.996
425,"Hoy ha llegado esto a casa y a mi padre se le han saltado las lágrimas 
El 13 de abril se cumple uno de los sueños de su vida, su propio libro sale a la venta para que todos podáis conocer su vida y sus historias. Un libro precioso.
Aquí tenéis el link: 
https://
amzn.eu/d/7OR3qK4",11209,531,101,2023-03-21 17:23:44,11841,Alto,Alegría,Alta,0.98
426,"SEGUNDA PARTE DEL PODCAST CON MASI E ILLOJUAN
¿Os pensabais que nosotros 3 solo podemos charlas tres horas y media? Imposible, aquí están más horas de charla tremenda con estos cracks :)",1955,78,24,2023-03-23 16:22:25,2057,Bajo,Alegría,Alta,0.985
427,"Hoy he empezado la serie de RESIDENT EVIL 4 REMAKE en mi canal.
¡Más de dos horas de vídeo de un juego que os va a encantar!
Apoyad este primer capítulo porque me lo han puesto +18 y me está jodiendo vivo (aunque me lo acabaran quitando seguro, el daño está hecho). ¡Thx YouTube!",4764,145,57,2023-03-23 16:26:32,4966,Medio,Alegría,Alta,0.842
428,"NO ES BROMA
Acaban de anunciar un juego para Switch cuyo protagonista se llama POLLON. A veces, el mundo puede ser un lugar maravilloso.",24569,1161,229,2023-03-23 22:31:11,25959,Alto,Neutral,Alta,0.959
429,"NUEVO VÍDEO
Seguimos con Resident Evil 4 Remake, en esta ocasión Leon encuentra por fin a Ashley, con la que tendrá sus historietas...",960,33,28,2023-03-24 16:00:06,1021,Bajo,Alegría,Alta,0.868
430,"Nooooooooooo ha muerto CHABELO 
Esto sí que significa que el Apocalipsis ha llegado.
Descanse en paz maestro.",46101,1588,273,2023-03-25 16:51:51,47962,Alto,Tristeza,Alta,0.916
431,"Muy contento con el EXITAZO de la Kings League 
Esto nos va bien a todos los que nos dedicamos a lo digital, demostrar que podemos ofrecer productos que rivalicen a nivel de números y entretenimiento con cualquier televisión o productora. Bravo.",23982,446,101,2023-03-26 21:58:06,24529,Alto,Alegría,Alta,0.997
432,"DIRECTO EN MI CANAL
Hoy me vuelvo streamer (por un ratito, no nos flipemos) y termino en directo el Residente del Mal 4 Vuelto a Hacer.
Aquí lo tenéis: 
https://
youtube.com/live/BCdJcCV_e
a4?feature=share
…
A las 5 de la tarde, hora española ",1169,34,26,2023-03-29 13:23:15,1229,Bajo,Neutral,Alta,0.984
433,"NUEVO PODCAST
Tertulia de nuevo en The Wild Project, hablando de cositas interesantes entre las cuales está el programa de locos que El Rubius ha creado con IA. ¡No os lo perdáis!",797,29,12,2023-04-04 14:28:06,838,Bajo,Alegría,Alta,0.964
434,"NUEVO PODCAST
Me visita Bojan Krkic, ahora que se acaba de retirar, para charlar de su carrera, pero más importante, de salud mental y de como ha llevado la ansiedad y la presión de tener que ser una estrella desde adolescente...",1660,88,31,2023-04-06 14:55:31,1779,Bajo,Neutral,Alta,0.885
435,Dos genios en la tertulia de hoy ,5765,107,35,2023-04-11 17:38:04,5907,Medio,Alegría,Alta,0.751
436,"YA A LA VENTA EL LIBRO DE MI PAPI: Los cuentos de Papa Giorgio 
Está super contento e ilusionado, y me encanta verlo así 
Si queréis comprarlo, está aquí: 
https://
amzn.eu/d/ew409wV",7077,224,46,2023-04-13 14:33:31,7347,Medio,Alegría,Alta,0.994
437,mala época para ser del barça,13637,1033,834,2023-04-18 20:40:28,15504,Alto,Neutral,Alta,0.974
438,"NUEVO PODCAST
Ed Calderon, que ha luchado contra los narcos buena parte de su vida, me visita para un duro podcast sobre experiencias que cambian la vida, la realidad de la mafia mexicana y muchos temas que os abrirán los ojos. ¡No os lo perdáis!",1088,36,22,2023-04-20 14:56:08,1146,Bajo,Alegría,Alta,0.932
439,"Qué puta vergüenza que quiten el verificado a gente que lo necesita, que es reconocida y que puede tener miles de suplantadores. Elon, te aprecio, pero esta jugada es de rata absoluta.",44944,1468,1452,2023-04-21 04:42:40,47864,Alto,Enfado,Alta,0.933
440,"ta guapo mi nuevo verificado, gracias elon",27978,389,202,2023-04-22 13:36:56,28569,Alto,Alegría,Alta,0.809
441,"Y ahora, sin pagar nada, nos ponen la verificación de nuevo…
Elon deja la farlopa, primer aviso.",19017,299,186,2023-04-23 02:37:56,19502,Alto,Enfado,Media,0.664
442,"Estoy muy triste, y cabreado con la organización de la firma de libros que he hecho este St Jordi junto a mi papi 
@PapaGiorgioReal
 en Barcelona. Estas firmas las organizan las editoriales, en mi caso Penguin Random House, una de las más serias y grandes del mundo.

Sabiendo quién",19492,948,333,2023-04-23 20:49:00,20773,Alto,Enfado,Alta,0.894
443,"NUEVO PODCAST
Tertulia como cada semana con las temas más interesantes de los últimos días. Un besico ",699,27,23,2023-04-25 14:57:22,749,Bajo,Alegría,Alta,0.948
444,"Hermosuras, este mayo mi padre y yo vamos a hacer otra firma de libros en Barcelona, para toda la gente que se quedó fuera por la horrorosa organización. Esta vez todo estará bien montado y os aseguro que podremos estar bien por vosotros
No sé fecha aún, pero en breves la diré.",4271,81,36,2023-04-25 15:54:59,4388,Medio,Alegría,Alta,0.977
445,"Gracias a todos los que habéis mandado mensajes bonitos a mi padre, el tío es un samurai total, cada año más fuerte. Me lo tenéis que cuidar para que llegue a los 100 ",6562,107,49,2023-04-25 20:13:49,6718,Medio,Alegría,Alta,0.997
446,"Hermosos, la tertulia se publicará mañana y el 1vs1 el viernes, que llegué ayer de un viaje y no he podido grabar hasta hoy.
¡Se os quiere!
Spoiler tertulianos: Nate y Shaun
Adiossssss",3000,44,68,2023-05-09 14:50:57,3112,Medio,Alegría,Alta,0.988
447,"Youtube está pensando en bloquear adblock, irónico.",11053,181,140,2023-05-11 12:43:06,11374,Alto,Neutral,Alta,0.933
448,"Todo el mundo a felicitar a este titán, que hoy cumple años y está más machote que nunca. Te quiero papi ",13923,332,258,2023-05-11 15:51:13,14513,Alto,Alegría,Alta,0.993
449,"NUEVO PODCAST
Amarna Miller me visita para contarme sus aventuras por el mundo, como beber sangre recién extraída de un cuerpo o vivir dos años en una furgoneta. Anécdotas mil de una crack, no os lo perdáis!",1506,49,45,2023-05-12 15:05:00,1600,Bajo,Alegría,Alta,0.996
450,"Mi padre del Barça.
Mi madre del Espanyol.
Hoy se divorcian.",15414,335,102,2023-05-14 19:12:13,15851,Alto,Neutral,Media,0.674
451,"Visca el Barça!!!
En un año rarísimo, viniendo de la depresión, hemos ganado la liga 4 jornadas antes del final de forma brillante.
Ahora a seguir reconstruyendo y a rezar para que no nos toque el Bayern nunca más ",11477,456,108,2023-05-14 20:57:11,12041,Alto,Alegría,Alta,0.996
452,Grande el Madrid ,12233,448,382,2023-05-17 20:25:15,13063,Alto,Alegría,Alta,0.991
453,"No os enfadéis los del Madrid, que los culés llevamos años aguantando mierda y nos tocaba una alegría, hombre yaaaaaaaaaaaaaaaa",12557,532,261,2023-05-17 22:17:26,13350,Alto,Enfado,Alta,0.92
454,"El podcast de hoy con El Estepario Siberiano lleva desde ayer procesando y no se completa, no entiendo por qué, pero es un nuevo error de YT. Lo he resubido ahora para ver si acaba funcionando, pero de otra forma no lo podrá publicarse hoy. Esperemos que sí ",1857,48,33,2023-05-18 11:47:23,1938,Bajo,Neutral,Alta,0.985
455,"Ojalá un día el Xokas y Tamayo se conocieran y se sentaran a hablar un rato, y no estuvieran contaminados por la peste de las redes sociales y de los fanatismos de ambos lados.
Estoy seguro de que solucionarían buena parte de sus “problemas” porque son dos excelentes personas.",19919,650,756,2023-05-21 16:04:13,21325,Alto,Enfado,Media,0.526
456,"Para que veáis lo que me pasa CON TODOS los vídeos en los últimos dos meses:
Por si no lo sabéis, un vídeo amarillo = casi no cobrar nada.
Lo que tengo que hacer es pedir revisión uno a uno, y al cabo de varios días me los ponen casi todos en verde. Pero por supuesto, han perdido",13573,451,388,2023-05-23 14:15:08,14412,Alto,Neutral,Alta,0.901
457,"NUEVO PODCAST
Mientras decido que hago con mi The Wild Project, y en qué plataforma lo acabo haciendo... Seguimos trabajando: aquí tenéis la tertulia de hoy, ¡Con Leo y Albert y muchos temas interesantes!
¡No os lo perdáis!

https://
youtu.be/SJFJkxXCLME",3575,84,66,2023-05-23 14:35:17,3725,Medio,Alegría,Alta,0.813
458,"NUEVO PODCAST
Aunque sigo sin monetizar ni un solo vídeo de los que hago, la cosa no para. Hoy se viene un tío MUY GRANDE, Joan Pradells, que me hace parecer un chico de 155 y 48kg.
No os perdáis la charla, porque está muy interesante ",3376,120,68,2023-05-25 14:59:09,3564,Medio,Alegría,Alta,0.977
459,"He visto imágenes similares, incluso he reaccionado en el podcast, pero cada vez que veo un vídeo de Kengsinton y de la pandemia de fentanilo me quedo fatal, poco se habla de lo que está pasando a día de hoy en Estados Unidos. Es como una película apocalíptica real.",9418,735,191,2023-05-28 18:05:43,10344,Alto,Tristeza,Media,0.594
460,"NUEVO PODCAST
Tertulia como cada semana en The Wild Project. En esta ocasión hablamos de muchas cosas, siendo una de ellas la mala situación que tengo con YT y la posibilidad de llevar TWP a otras plataformas... ¡Todos a verlo!",1410,44,29,2023-05-30 14:34:25,1483,Bajo,Neutral,Alta,0.985
461,"NUEVO PODCAST
Mariah Oliver, que fue fundadora, madrina y reina de los Latin Kings me visita para una charla brutal. Desde su paso por la cárcel, hasta como reinsertar a los pandilleros. Una maravilla de historia y de persona. ¡No os lo perdáis!",1175,47,27,2023-06-01 14:36:36,1249,Bajo,Alegría,Alta,0.991
462,"Si Messi viene al Barça la temporada que viene, me tiño de rubio. Guardad esto.",26203,1189,289,2023-06-05 12:48:20,27681,Alto,Neutral,Alta,0.849
463,Me saldrá barato ver 4 pulpos este verano,5972,208,31,2023-06-06 14:40:39,6211,Medio,Neutral,Alta,0.869
464,"NUEVO PODCAST
Tertulia como cada semana con uno de los temas más interesantes de los últimos tiempos: ¡¡Desvelado el Asesino de Zodiaco 50 años después!!",646,22,16,2023-06-06 15:05:01,684,Bajo,Neutral,Baja,0.493
465,"ESPECIAL CINE EN THE WILD PROJECT
Un crack total, 
@JMaquiavello
 viene para hablar durante 5 horas de cine (y series). Los mejores de la historia, la cara B de Hollywood, la inclusión, películas polémicas, diectores top y sobrevalorados... ¡Tremendo!",2093,198,70,2023-06-08 14:41:55,2361,Bajo,Alegría,Alta,0.994
466,Guardiola es el mejor entrenador del mundo. No busquéis más excusas.,6077,262,135,2023-06-11 05:01:18,6474,Medio,Neutral,Media,0.717
467,"Tenía mis dudas, pero STARFIELD tiene una pinta tan tremenda, que me lo voy a meter por donde sea con mucho gusto ",2365,62,53,2023-06-11 21:46:33,2480,Bajo,Neutral,Media,0.588
468,"Y tras Starfield, Baldur’s Gate 3 muestra esta putísima locura… Vuelvo a poner sobre la mesa que este 2023 puede ser el mejor año de la historia de los videojuegos ",1338,45,32,2023-06-12 12:16:42,1415,Bajo,Alegría,Media,0.743
469,"Después del desastre de la firma de St Jordi, 
@PapaGiorgioReal
 y yo os prometimos otra en Barcelona… pues aquí está 
Tenéis que registraros en el link para que os apunten y así no haya problemas como la otra vez. Nos vemos el viernes 

https://
eventbrite.es/e/entradas-fir
ma-de-jordi-wild-y-papa-giorgio-652057370147?aff=oddtdtcreator
…",1231,37,18,2023-06-13 14:34:53,1286,Bajo,Neutral,Media,0.57
470,"NUEVO PODCAST
Javi Santaolalla 
@JaSantaolalla
  y Enric de Adictos a la Filosofia me acompañan para esta tertulia tan bonita, con tantas risas y conocimiento. ¡No os lo perdáis!",793,46,19,2023-06-13 15:05:54,858,Bajo,Alegría,Alta,0.996
471,"NUEVO PODCAST
Especial Filosofía y Ciencia en The Wild Project. ¿Existe Dios? ¿Vivimos en una simulación? ¿El tiempo existe de verdad? Muchas preguntas existenciales se lanzan en este episodio que os romperá la cabeza ",932,55,29,2023-06-15 15:16:31,1016,Bajo,Neutral,Alta,0.908
472,"NUEVO PODCAST
Nacho, siempre te tendremos en nuestros corazones ",711,24,32,2023-06-20 14:57:34,767,Bajo,Alegría,Alta,0.971
473,"Acaba de salir el nuevo FINAL FANTASY XVI en exclusiva para PlayStation5.

Mi saga favorita nos trae una nueva historia en Valisthea, combate único en un Final Fantasy, espectacular máximo, batallas épicas con eikons gigantes...

Aunque no seais expertos de la saga o no hayáis",3774,88,92,2023-06-22 19:25:48,3954,Medio,Alegría,Alta,0.887
474,"Sorpresa: nuevo vídeo en El Rincón de Giorgio 
El caso de torturesoup.avi es uno de los más intrigantes y terroríficos de la historia de internet… ¡Todos a verlo!",2682,119,47,2023-06-25 13:57:50,2848,Medio,Alegría,Media,0.726
475,Yo si fuera Ibai me pego un tiro con todos los problemas de este año ,52786,963,441,2023-06-26 21:58:37,54190,Viral,Neutral,Alta,0.851
476,"Este sábado 8 de julio ESPECIAL VERANO (EN DIRECTO) en The Wild Project. De 4 de la tarde a 6 de la madrugada. Con:
- Debate sobre la existencia de DIOS ft 
@QuantumFracture
 y Josué Moreno
- Charla con 
@TheGrefg
 
- Tertulia especial
- Terror con sorpresas",1967,108,56,2023-07-06 19:44:47,2131,Bajo,Neutral,Alta,0.967
477,hola buenas tardes,11496,284,436,2023-07-07 15:27:01,12216,Alto,Neutral,Media,0.699
478,"Hoy pasará esto en el ESPECIAL VERANO de The Wild Project…
Id conectando que empieza ya

https://
youtube.com/live/qs7CGpmXM
hQ
…",2806,91,27,2023-07-08 13:59:03,2924,Medio,Neutral,Alta,0.996
479,"Y empezamos con esta locura:

https://
youtube.com/live/qs7CGpmXM
hQ
…",1597,79,49,2023-07-08 15:03:17,1725,Bajo,Neutral,Alta,0.87
480,"Se ha cortado la conexión del directo por motivos desconocidos, este es el nuevo link:",1317,56,57,2023-07-08 23:28:32,1430,Bajo,Neutral,Alta,0.987
481,Mark Zuckerberg parece más robot que los robots.,8117,140,65,2023-07-13 01:14:49,8322,Medio,Neutral,Alta,0.94
482,"Brad Pitt en 2023. 59 años.
Se tomó en serio lo de Benjamin Button eh.",16633,643,59,2023-07-16 13:51:08,17335,Alto,Neutral,Alta,0.863
483,"A Alcaraz se le está poniendo cara de Nadal.
Qué escándalo.",8118,210,45,2023-07-16 17:55:30,8373,Medio,Sorpresa,Alta,0.803
484,"Cariño, sal un momento a comprar comida.
El cariño:",12637,457,80,2023-07-18 13:06:40,13174,Alto,Neutral,Alta,0.982
485,Más ciencia ficción que STAR WARS,7577,196,66,2023-07-24 13:25:25,7839,Medio,Neutral,Alta,0.936
486,La nueva X de Twitter parece diseñada por mi primo chico con problemas de visión que ha repetido 5 años secundaria.,7167,223,90,2023-07-26 12:54:40,7480,Medio,Neutral,Alta,0.976
487,"Si lo que David Grusch (ex alto cargo de la inteligencia estadounidense) ha jurado, bajo pena de perjurio, es cierto, de que el gobierno americano tiene muestras de restos extraterrestres reales… Estaríamos ante una de las noticias más gordas de la historia. Veremos qué pasa.",40903,2558,832,2023-07-27 14:59:41,44293,Alto,Sorpresa,Baja,0.306
488,Esto no me lo pierdo ,5606,341,54,2023-07-28 14:34:08,6001,Medio,Neutral,Alta,0.861
489,Los que me conozcan entienden el lore,8912,249,94,2023-07-28 17:19:05,9255,Medio,Neutral,Alta,0.978
490,real,58535,4306,153,2023-08-09 14:43:00,62994,Viral,Neutral,Baja,0.496
491,La primera táctica que les enseña Bordalás a sus equipos,15213,909,131,2023-08-13 20:34:20,16253,Alto,Neutral,Alta,0.952
492,Top 1 momentos de este verano: mi padre en una fiesta de la espuma ,23544,776,157,2023-08-16 18:27:07,24477,Alto,Alegría,Alta,0.98
493,"Estoy un poco desconectado este verano, pero quiero mandar mi cariño y apoyo más grande a mis hermanos de Tenerife por este jodido incendio que, por lo que he visto, está siendo terrorífico.
Ojalá pueda controlarse en breve, y si ha sido provocado, que el peor de los castigos",6753,189,69,2023-08-18 21:09:51,7011,Medio,Tristeza,Alta,0.959
494,Sigue el show de mi padre en Mexico ,5706,200,61,2023-08-27 15:57:30,5967,Medio,Neutral,Alta,0.981
495,Mi padre siempre gana,1385,37,12,2023-08-27 16:06:26,1434,Bajo,Alegría,Alta,0.934
496,"Aquí con los panas celebrando mi cumple 

¡Mil gracias a tod@s por vuestros mensajes y felicitaciones! Sois the best 

PD: Regreso en poquitos días… ",12714,291,235,2023-08-28 16:31:02,13240,Alto,Alegría,Alta,0.997
497,"STARFIELD es un juego Bethesda old school, para lo bueno y para lo malo.
Lo bueno: mucho texto y de cierta calidad, bastantes decisiones importantes, libertad para ser cómo quieras, seguramente un buen puñado de misiones interesantes, el combate me ha parecido de lo mejor que han",3994,167,144,2023-09-01 13:57:29,4305,Medio,Neutral,Media,0.542
498,"Cada hora que juego a STARFIELD me gusta más 
Todd Howard te como los huevos.",5572,209,132,2023-09-06 16:47:27,5913,Medio,Alegría,Alta,0.966
499,"Si Strickland acaba ganando a puntos a Adesanya, es una de las mayores sorpresas de la historia de la UFC 
#UFC293",1678,44,42,2023-09-10 04:27:38,1764,Bajo,Neutral,Alta,0.841
500,"Qué puta locura lo de Strickland!!!!!
#UFC293",1586,54,42,2023-09-10 04:35:20,1682,Bajo,Sorpresa,Alta,0.932
501,"MAÑANA REGRESA THE WILD PROJECT
A las 5 de la tarde (hora española) comenzamos temporada, con Salva y Albert que se reconcilian después de meses sin hablarse.
Y hay novedades con el Justin Bieber de la suerte…",3632,143,66,2023-09-11 15:00:51,3841,Medio,Alegría,Alta,0.93
502,"Regresa THE WILD PROJECT hoy:

https://
youtu.be/vb-MM2qn4nI

Todo el mundo a verlo, volvemos con fuerza, con amor y cariño ",2017,115,61,2023-09-12 14:05:02,2193,Bajo,Alegría,Alta,0.992
503,por qué los supuestos aliens parecen un extra de Men In Black 2,53454,1794,628,2023-09-13 19:34:12,55876,Viral,Sorpresa,Media,0.629
504,"NUEVO PODCAST

@gerardromero
 se viene para contarme cositas muy jugosas del Barça ",1646,89,63,2023-09-14 15:56:30,1798,Bajo,Neutral,Alta,0.93
505,"SORPRESA: Nuevo vídeo en El Rincón de Giorgio
Os dije que volvería a los dos canales 
Las cintas de vídeo de Ricardo López, o como un hombre grabó su descenso a la locura con la intención de matar a la cantante Björk.",3472,142,55,2023-09-17 15:48:45,3669,Medio,Neutral,Alta,0.934
506,"NUEVO PODCAST
Tertulia con mi querida Leo y mi querido Sergio 
¡Todo el mundo a verla!",829,31,25,2023-09-19 14:56:14,885,Bajo,Alegría,Alta,0.992
507,"Amores, me ha dado un ataque fuerte de vértigo (mareos constantes, vómitos, no puedo levantarme), por lo que dudo mucho que este lunes haya tertulia, y ya veremos cuando regreso.
No es nada grave, pero mientras esté con ello, me es imposible hacer nada que no sea estar estirado.",13102,248,476,2023-09-22 17:40:13,13826,Alto,Neutral,Media,0.575
508,"La cara de felicidad por poder jugar en cualquier sitio con el mejor portátil que he tenido en mi vida: el Legion Pro 7i, que viene con #IntelCorei9Processor y serie 40 de Nvidia. Puedes conseguirlo con 20% dto. aquí: 
https://
lenovo.com/es/es/p/laptop
s/legion-laptops/legion-pro-series/legion-pro-7i-gen-8-(16-inch-intel)/len101g0023
…
#Patrocinado",2966,52,129,2023-09-27 14:57:29,3147,Medio,Alegría,Alta,0.99
509,"Buenas noticias, aunque aún no estoy al 100%, ya me he recuperado lo suficiente como para grabar podcasts de nuevo 
Así que hoy regresa THE WILD PROJECT y jueves nuevo invitado espectacular (espero que os gusten las aventuras...)",3136,52,84,2023-10-03 14:07:08,3272,Medio,Alegría,Alta,0.995
510,"NUEVO PODCAST
El crack de Aníbal Bueno me visita para un podcast de aventuras en el que aprenderemos algunas cosas casi inimaginables. ¡No os lo perdáis!",601,35,25,2023-10-05 14:55:08,661,Bajo,Alegría,Alta,0.993
511,"Cuando la UFC venga a España con Ilia Topuria quiero estar involucrado de algún modo, como si tengo que llevar las toallas a los luchadores, pero metedme ahí por algún lado. Os quiero 
@UFCEspanol
 
@ufc",6535,155,74,2023-10-09 21:41:56,6764,Medio,Neutral,Media,0.681
512,"NUEVO PODCAST
David Jiménez regresa al podcast para un episodio en el que analizará lo que está pasando en Israel,  sin olvidar los propios problemas de España como la amnistía. También contará más aventuras que ha vivido y mucho más. ¡No os lo perdáis!",1488,141,46,2023-10-12 14:37:34,1675,Bajo,Neutral,Media,0.538
513,"NUEVO PODCAST
Arkano me visita, para un podcast en el que hablaremos de todo, desde batallas de gallos legendarias, hasta su paso por tv, así como las críticas que ha tenido que aguantar y su no tan idílica vida privada. Un genio 
@SmoothArkano",878,46,38,2023-10-19 14:37:33,962,Bajo,Alegría,Alta,0.966
514,El ser humano más fachero del planeta,10093,253,68,2023-10-20 18:41:37,10414,Alto,Alegría,Media,0.64
515,Volkanovski nooooooooooooooooooooooooooooooo,4884,165,140,2023-10-21 20:08:09,5189,Medio,Neutral,Alta,0.79
516,"También en audio, el número 1 indiscutible.
Hemos vuelto con fuerza, gracias a vosotros por el cariño y la lealtad.
Este año será grandioso.",3943,87,80,2023-10-22 13:36:07,4110,Medio,Alegría,Alta,0.997
517,"Para todos los que me preguntáis:
Como HALLOWEEN es el martes, esta SEMANA DE HALLOWEEN en el Rincón de Giorgio comenzará el lunes 30 de Octubre, y terminará el 5 de Noviembre. Así la noche de Halloween está dentro de la propia semana 
Os vais a cagar de miedo...",5814,262,105,2023-10-27 14:14:44,6181,Medio,Neutral,Alta,0.867
518,Se me acaba de romper el corazón en pedazos,20183,1522,221,2023-10-29 01:32:33,21926,Alto,Tristeza,Alta,0.991
519,"COMIENZA LA SEMANA DE HALLOWEEN 2023
Cada día, contenido de temática oscura y de terror.
Hoy: la historia real de Luis Alfredo Garavito, LA BESTIA, el mayor y más repugnante asesino en serie de la historia.",1834,163,38,2023-10-30 14:17:46,2035,Bajo,Enfado,Media,0.598
520,"1, 2 o 3",1110,25,54,2023-10-31 17:44:03,1189,Bajo,Neutral,Alta,0.954
521,"Todos hoy de fiesta y yo trabajando como un cabrón como cada Halloween. Maldito el día que me inventé La Semana de jalouin 
Disfrutad por mi por favor, haced el amor y bailad en akelarres. Gracias.",5725,158,84,2023-10-31 21:47:44,5967,Medio,Alegría,Media,0.695
522,"NUEVO PODCAST
Especial TERROR en The Wild Project con el gran Iker Jiménez 
@navedelmisterio
 en el que relatará un montón de historias terroríficas que os van a dejar el culo torcido. Continuamos con LA SEMANA DE HALLOWEEN  

https://
youtu.be/1IL4LgKSUzk?si
=PmAOvh9-J3L3WAQm
…",1228,106,33,2023-11-01 15:59:38,1367,Bajo,Neutral,Alta,0.962
523,"NOCHE DE TERROR CONMIGO
Directo especial para seguir con esta SEMANA DE HALLOWEEN 2023 en mi canal, no os lo perdáis… o maldición para vosotros!!!",988,48,16,2023-11-03 20:27:14,1052,Bajo,Alegría,Alta,0.945
524,"NUEVO VÍDEO
Terminamos la SEMANA DE HALLOWEEN 2023 por todo lo alto, con el caso del monstruo real que inspiró la saga SAW: el Asesino de la Caja de Juguetes.",1114,59,11,2023-11-05 14:38:46,1184,Bajo,Neutral,Media,0.747
525,"Mi gente, se renderizó mal el sonido del podcast de hoy, por lo que debo resubirlo y publicarlo mañana, a la misma hora de siempre: 5 de la tarde (hora española).
El 1vs1 se publicará el viernes.
Lo siento amigos ",3337,39,74,2023-11-07 16:43:03,3450,Medio,Neutral,Alta,0.954
526,"NUEVO PODCAST
Hoy sí, aquí tenéis el podcast con un sonido maravilloso :)

https://
youtu.be/OI0H-HvHxGk",689,30,21,2023-11-08 15:41:16,740,Bajo,Alegría,Alta,0.962
527,Muchos años esperando el GTA 6 ,34495,1462,246,2023-11-08 15:43:46,36203,Alto,Neutral,Media,0.593
528,"NUEVO PODCAST
Vamos a romper el tabú y a hablar de la energía nuclear, sus ventajas, problemas, y las famosas explosiones de Chernobyl y Fukushima. Todo sin mentiras y sin miedo. Con un crack en la materia: 
@OperadorNuclear",1318,163,39,2023-11-10 15:20:53,1520,Bajo,Neutral,Media,0.734
529,"NUEVO PODCAST
Tertulia como cada semana, en este caso la noticia estrella es el retorno sorpresa de la Yandere Real de una forma totalmente inesperada.",733,34,23,2023-11-14 16:43:23,790,Bajo,Neutral,Media,0.637
530,"NUEVO PODCAST
Regresa la tertulia con bombazo incorporado ",665,28,37,2023-11-21 17:04:26,730,Bajo,Neutral,Alta,0.887
531,"¡Regresa Dogfight Wild Tournament!
MMA, Bare Knucle, Contacto Sangriento, 3vs1, Last Survivor… y muchas batallas más.
El evento más loco del año, el 9 de Febrero en Tarraco Arena 
Entradas YA A LA VENTA aquí: 
https://
tarracoarena.com/evento/dwt-2nd
-impact/
…",9160,945,228,2023-11-22 14:00:44,10333,Alto,Alegría,Alta,0.805
532,Holy shit,3746,66,68,2023-11-23 11:32:18,3880,Medio,Sorpresa,Media,0.671
533,"Si no es una broma de mal gusto, que en el fondo me gustaría, ha fallecido Villano Fitness.
Tuve el placer de entrevistarle hace tiempo, y fue un tío espectacular y sincero, que era consciente de que se la jugaba con su estilo de vida. Siempre fue realista con esto.
No sé qué le",27867,2506,513,2023-11-28 15:45:32,30886,Alto,Tristeza,Alta,0.774
534,Estaré en directo con Salva y Albert haciendo cositas aquí. Ya podéis entrar :,472,15,8,2023-12-03 18:30:59,495,Bajo,Neutral,Alta,0.962
535,Con la salida del trailer del GTA 6 ya podemos dar por terminado el año. ¿No?,16336,747,177,2023-12-04 23:52:33,17260,Alto,Neutral,Alta,0.977
536,GTA VI COMPRADO DÍA 1,21008,943,172,2023-12-05 00:09:29,22123,Alto,Neutral,Alta,0.95
537,"Que los protagonistas de GTA 6 sean una pareja me parece brutal. Ojalá permitan explorar su relación: celos, infidelidades, matrimonio, incluso cortar…
Si alguien puede hacerlo, es Rockstar.",34761,1362,278,2023-12-05 02:11:35,36401,Alto,Alegría,Alta,0.757
538,Muy grande la referencia de mi padre en GTA 6,35810,899,132,2023-12-05 23:17:17,36841,Alto,Alegría,Alta,0.945
539,"He puesto una entradas extra a la venta de DOGFIGHT WILD TOURNAMENT 2nd Impact.
No van a haber más, si queréis venir, este es vuestro momento, porque van a durar poco me temo.
ENTRADAS AQUÍ: 
https://
tarracoarena.com/evento/dwt-2nd
-impact/
…",878,32,60,2023-12-06 13:44:31,970,Bajo,Neutral,Alta,0.979
540,Hideo Kojima + Terror = Perfección,3939,199,31,2023-12-08 02:38:58,4169,Medio,Alegría,Baja,0.492
541,"BALDUR’S GATE 3 no es el GOTY.

Es el juego de la década.",9861,557,302,2023-12-08 04:04:49,10720,Alto,Neutral,Alta,0.992
542,"Que se abra un debate sobre un problema de salud como es la obesidad, siempre que sea con respeto y educación, no es gordofobia.
Promover una mejor alimentación y un estilo de vida saludable y poco sedentario es algo necesario y bueno para nosotros.

A partir de aquí, que cada",26249,3629,753,2023-12-08 14:46:41,30631,Alto,Neutral,Media,0.739
543,"Bueno, hemos perdido con el equipo más grande de Catalunya.",4886,104,54,2023-12-10 22:21:10,5044,Medio,Neutral,Alta,0.949
544,Joder pues sí que habla Juan sí,10596,232,52,2023-12-13 17:15:01,10880,Alto,Neutral,Media,0.521
545,"Nueva red social, qué bien.

Fuera de coñas, podéis seguirme aquí, a ver si se carga Twitter de una puta vez:",281,7,26,2023-12-16 15:58:13,314,Bajo,Neutral,Media,0.664
546,latinos pueden confirmar?,15503,620,279,2023-12-17 03:16:04,16402,Alto,Neutral,Alta,0.91
547,"Tony Ferguson, te queremos y eres leyenda absoluta, pero es hora de retirarse. Ni que sea por salud.
#UFC296",2936,126,56,2023-12-17 04:02:50,3118,Medio,Neutral,Alta,0.962
548,españoles confirmen,57127,2327,332,2023-12-18 14:56:27,59786,Viral,Neutral,Alta,0.807
549,"Hoy ESPECIAL NAVIDAD en directo a las 5 de la tarde en The Wild Project. Todo el mundo a verlo 
Muchos sorteos, regalos y todos disfrazados, un show.",917,31,43,2023-12-19 13:58:34,991,Bajo,Alegría,Alta,0.956
550,"Mi participación en el REWIND HISPANO de este año. Como no, repartiendo cera y oliendo a motor.

La verdad es que a nivel audiovisual es una puta locura esta edición, miradlo y ya me diréis: 
https://
youtu.be/TjkRhh3Gh1U?si
=K0d1Pk_QVCy4_aTy3
…",6950,293,133,2023-12-22 22:54:15,7376,Medio,Neutral,Media,0.639
551,Feliz Navidad,22902,458,217,2023-12-25 16:46:08,23577,Alto,Alegría,Alta,0.942
552,"¿Es verdad que se ha muerto el Black Alien y la novia? ¿O es alguna locura galáctica de las suyas con final feliz?
Espero sinceramente que sea puro marketing ",18069,260,181,2023-12-26 23:13:58,18510,Alto,Neutral,Baja,0.468
553,"Lo de Corea del Sur y los suicidios da para que algunos abran los ojos y dejen de idealizar un país con una sociedad enferma, mucho más bonita por fuera que por dentro.
Sigo queriendo entrevistar a un coreano o a alguien que haya vivido muchos años allí, para que cuente la",21605,1187,666,2023-12-27 11:17:09,23458,Alto,Tristeza,Media,0.728
554,"Si estáis jodidos porque os ha tocado pasar fin de año en casa sin amigos, pensad que al menos no habéis iniciado el año así",63051,2197,224,2023-12-31 23:14:06,65472,Viral,Tristeza,Alta,0.761
555,Rellena el texto.,29213,825,750,2024-01-05 22:07:15,30788,Alto,Neutral,Alta,0.991
556,"1% DE POSIBILIDADES, 99% DE FE",6477,144,78,2024-01-08 00:31:54,6699,Medio,Neutral,Media,0.648
557,"El otro día estuve 6 horas en el podcast de mi amigo Caith_Sith hablando de videojueguitos y mierdas así, no os lo podéis perder (si tenéis mucho tiempo libre xD):",2088,92,41,2024-01-12 17:09:36,2221,Bajo,Neutral,Alta,0.967
558,¿Estoy a tiempo de hacerme del Madrid?,34874,1701,2310,2024-01-14 20:11:22,38885,Alto,Neutral,Alta,0.948
559,Este debate tendría que publicarlo en pornhub,39659,2571,762,2024-01-18 21:46:44,42992,Alto,Neutral,Alta,0.99
560,¡Qué bueno es JOAO FELIX cuando quiere!,9472,249,222,2024-01-21 19:21:39,9943,Medio,Alegría,Alta,0.84
561,TIBUROOOOOON TORRES ,8164,270,145,2024-01-21 19:23:56,8579,Medio,Alegría,Alta,0.795
562,Is this how flat earthers think the attack on Pearl Harbor happened?,419462,25210,5082,2024-01-24 02:10:38,449754,Viral,Neutral,Alta,0.844
563,"NINTENDO, TE ELIJO A TI!

Nintendo ha usado *demanda millonaria*
Palworld ha sido derrotado",4933,155,143,2024-01-25 14:30:37,5231,Medio,Alegría,Alta,0.985
564,Cada like son 100 años más de vida para estos fenómenos,38826,399,163,2024-01-26 20:59:38,39388,Alto,Alegría,Alta,0.96
565,"El legendario Carl Weathers, Apollo Creed en Rocky, ha fallecido hoy.

Uno de los tíos grandes con más carisma de la historia. Qué jodida es la vida y que descanse en paz ",17136,1517,103,2024-02-02 20:13:27,18756,Alto,Tristeza,Alta,0.991
566,"Semana de DOGFIGHT WILD TOURNAMENT 2nd IMPACT 
 Miércoles 7 - Directo con el Xokas en el podcast: 
https://
youtube.com/live/--PXOSgQ6
U0
…
 Jueves 8 - CAREOS de los luchadores: 
https://
youtube.com/live/24irJzW9j
8o
…
 Viernes 9 - DWT 2nd Impact: 
https://
youtube.com/live/XnwHtzBf-
c8
…
 Sábado 10 - Mi muerte",3652,346,87,2024-02-05 17:18:44,4085,Medio,Neutral,Alta,0.986
567,"Si MICROSOFT anuncia que se convierte en compañía Third Party sería el movimiento más importante de la historia de los videojuegos.
¿Creéis que va a pasar o que todo es humo y falsedades?",765,23,112,2024-02-06 16:56:29,900,Bajo,Enfado,Media,0.619
568,"¡CAREOS DWT 2nd Impact YA EN DIRECTO!

https://
youtube.com/live/24irJzW9j
8o?si=VyTT9LwYnR8aO52S
…",2948,119,33,2024-02-08 18:47:40,3100,Medio,Neutral,Alta,0.91
569,qué coño ha pasado,20026,839,453,2024-02-08 23:02:18,21318,Alto,Sorpresa,Alta,0.833
570,Quedan horas para el evento pero ya tenemos el puto MVP.,19164,1019,97,2024-02-08 23:41:58,20280,Alto,Neutral,Alta,0.951
571,COMIENZA DOGFIGHT WILD TOURNAMENT 2nd Impact:,6146,717,192,2024-02-09 18:14:30,7055,Medio,Neutral,Alta,0.977
572,Gracias a todos ,52207,1670,1140,2024-02-10 02:28:07,55017,Viral,Alegría,Alta,0.982
573,"Este 14 de Marzo sale mi nuevo libro a la venta: ANATOMÍA DEL MAL: 8 casos que te harán perder la fe en la humanidad.

Mi primer libro true crime en el que reflexiono sobre el concepto del MAL, analizando 8 casos reales terribles.

Link de reserva: 
https://
amzn.eu/d/7T96Doo",5007,468,191,2024-02-15 14:13:47,5666,Medio,Neutral,Alta,0.973
574,"NADIE ES PERFECTO 

Yo ya he ganado el clip del año para los siguientes ESLAND jajajajaja

Evidentemente era una broma en un ambiente de vacileo y una referencia a la peli “Con faldas y a lo loco”, de Jack Lemon y Marylin Monroe. El mejor final ever:",16994,627,305,2024-02-16 21:41:38,17926,Alto,Alegría,Alta,0.972
575,"Con una chica imperfecta, pero genial.",92492,2525,801,2024-02-17 06:35:03,95818,Viral,Neutral,Media,0.508
576,"Hoy esta locura.
¿Quién se lo lleva?",11513,316,356,2024-02-17 18:48:31,12185,Alto,Neutral,Alta,0.88
577,"Ilia finaliza el combate en el tercer round. Guardad tweet.
#UFC298",11440,244,293,2024-02-18 05:28:05,11977,Alto,Neutral,Alta,0.99
578,"Quiero que gane Ilia, pero Volkanovski es un puto dios y uno de los luchadores que me cae mejor del mundo. Así que si la cosa va mal para Topuria, al menos caerá contra un tío de puta madre.

Si estáis despiertos, mirad este combate ni que sea por , porque va a ser histórico.",17511,296,148,2024-02-18 05:43:50,17955,Alto,Neutral,Alta,0.889
579,"OS LO HE DICHO, ILIA TOPURIA CAMPEÓN DEL MUNDO JODER!!!!!!!!!!!!
#UFC298",39644,2273,386,2024-02-18 05:59:18,42303,Alto,Alegría,Alta,0.985
580,"Histórico
#UFC298",31347,1740,139,2024-02-18 06:01:35,33226,Alto,Neutral,Media,0.615
581,"Mi gente, por temas personales (nada malo, al contrario) hoy no va a haber tertulia en el podcast.
Pero jueves, episodio brutal con el genio de 
@LethalCrysis
 que tiene que contarme MUCHAS novedades...",7055,119,110,2024-02-27 14:32:52,7284,Medio,Alegría,Alta,0.865
582,"A veces odio el mundo.

Ha fallecido de forma repentina Akira Toriyama, papá de Dragon Ball, Dr Slump, e ilustrador de infinidad de juegos y sagas. Una tragedia.

Descansa en paz y ojalá algún día te revivan con las bolas de dragón ",110891,12087,606,2024-03-08 04:45:54,123584,Viral,Tristeza,Alta,0.991
583,Esto fue más épico que la Superbowl,34332,3970,104,2024-03-11 03:22:36,38406,Alto,Alegría,Baja,0.348
584,Diosito solo te pido que ni Cubarsí ni Lamine se lesionen en lo que queda de temporada. Gracias mi rey.,31991,2607,188,2024-03-12 21:57:37,34786,Alto,Neutral,Alta,0.832
585,"¡Hoy sale oficialmente a la venta mi nuevo libro de True Crime!:
ANATOMÍA DEL MAL - 8 casos que te harán perder la fe en la humanidad.

Un libro en el que analizo el concepto del MAL en base a 8 casos reales terribles.

Si os interesa, aquí tenéis el link de compra:",3993,212,115,2024-03-14 05:18:44,4320,Medio,Neutral,Alta,0.976
586,"Regreso al Rincón con un vídeo de esos que os gustan tanto, en este caso con un episodio de más de media hora de duración sobre el terrible caso de Stephen McDaniel, un frío asesino que se obsesionó con su vecina... ¡No os lo perdáis!",1834,107,56,2024-03-24 14:37:29,1997,Bajo,Neutral,Alta,0.783
587,"Estoy preparando un debate sobre el CAMBIO CLIMÁTICO para el podcast.
Busco un perfil científico que defienda la extrema gravedad del momento actual. ¿Conocéis a alguien, a poder ser que sepa expresarse bien, que quiera venir a defender esa postura?
El otro perfil ya lo tengo.",17950,791,1668,2024-03-30 15:05:40,20409,Alto,Neutral,Alta,0.997
588,"Amigos, gracias a todos por los perfiles, el debate del Cambio Climático está cerrado y va a ser la bomba 

Otra cosita, estas semanas ando muy liado con proyectos y me es imposible grabar tertulias, por lo que tendréis “solo” las entrevistas. Habrá invitados geniales, eso sí.",5612,122,155,2024-04-02 16:55:53,5889,Medio,Neutral,Alta,0.975
589,"Este viernes estoy en MADRID firmando mi nuevo libro, simplemente tenéis que registraros gratis aquí y ya: 
https://
eventbrite.es/e/jordi-wild-f
irma-ejemplares-de-anatomia-del-mal-en-madrid-tickets-879365545017
…
Recordad traer el librito para que os lo firme 
¡Nos vemos!",850,39,34,2024-04-08 13:28:35,923,Bajo,Neutral,Media,0.552
590,Hoy todos los culés,7455,231,46,2024-04-16 18:47:15,7732,Medio,Neutral,Alta,0.887
591,"Muy orgulloso del Barça hoy, se ha perdido (con una expulsión durísima y seguramente injusta), pero se ha dado la cara hasta el último segundo.

Tenemos equipo de futuro, seguro.",32538,3316,1605,2024-04-16 20:56:43,37459,Alto,Alegría,Alta,0.997
592,Cosas más pesadas del universo,24649,1607,251,2024-04-17 21:50:36,26507,Alto,Neutral,Alta,0.88
593,"Buenas noticias, Anatomía del Mal ya es 2a edición (y me han chivado que casi 3a), y os lo agradezco de todo corazón.

Este St Jordi, si queréis un librito de true crime lleno de casos truculentos, este es el vuestro. Lo podéis comprar aquí: 
https://
amzn.eu/d/5AUjXG3

Un beso ",1193,48,41,2024-04-22 20:02:49,1282,Bajo,Alegría,Alta,0.97
594,qué miau es real,2854,190,85,2024-05-08 20:05:25,3129,Medio,Neutral,Media,0.517
595,"Odio el Madrid, en serio.",41862,4077,720,2024-05-08 20:56:36,46659,Alto,Enfado,Alta,0.813
596,esto es real?,13284,433,262,2024-05-10 11:19:25,13979,Alto,Sorpresa,Alta,0.871
597,"Hoy es el cumple de mi papi, todo el mundo a felicitarlo a la de YA ",37963,965,839,2024-05-11 15:12:55,39767,Alto,Alegría,Alta,0.936
598,"Oigan 
@Planetadelibros
 y 
@penguinlibros
, podéis dejar de mandarme decenas de libros al mes a casa para ver si suena la flauta y traigo el escritor al podcast. Me tenéis hasta los cojones con los paquetes. Gracias.",7879,403,440,2024-05-22 11:37:24,8722,Medio,Enfado,Alta,0.972
599,"Todo mi apoyo a XAVI, quizás demasiado buena persona para entrenar en un momento tan convulso. Pero ni que sea por respeto, cesarlo antes del último partido de Liga es indigno para alguien con su trayectoria. Vergonzoso.
La Xavineta siempre en nuestro corasao.",23018,1595,170,2024-05-24 12:01:25,24783,Alto,Enfado,Alta,0.873
600,odio haber nacido en esta época,30421,1176,347,2024-06-01 21:57:39,31944,Alto,Neutral,Media,0.599
601,"Va, que ahora estoy en directo con dos culés y Salva: 
https://
twitch.tv/elbunkersa

Todo el mundo para adentro.",394,8,7,2024-06-02 18:20:06,409,Bajo,Neutral,Alta,0.971
602,Lo único bueno de que Mbappé fiche de una vez por el Madrid es que se terminará la turra de cada año por fin (estoy llorando),20264,600,220,2024-06-03 17:46:00,21084,Alto,Neutral,Baja,0.449
603,"Si esta es la mejor conferencia de videojuegos del año, quizás es el momento de volver a leer.
#summergamefest",2879,101,88,2024-06-07 22:59:25,3068,Medio,Neutral,Media,0.716
604,"Un regalito de domingo, NUEVO VÍDEO en el Rincón de Giorgio. ¡A disfrutarlo!:",831,36,39,2024-06-09 14:21:00,906,Bajo,Alegría,Alta,0.992
605,"Este VIERNES 14 DE JUNIO, voy a estar, junto a 
@PapaGiorgioReal
 , en la Feria del Libro de Madrid firmando ANATOMÍA DEL MAL y LOS CUENTOS DE PAPA GIORGIO

- Horario: de 6 a 9 de la tarde

- Lugar: Carpa ROSALEDA en el Retiro

Importante, tenéis que traer los libros, y os darán un",670,29,26,2024-06-10 17:47:15,725,Bajo,Neutral,Alta,0.915
606,"Y así amigos, empieza el fin del mundo.",11035,356,138,2024-06-10 19:31:59,11529,Alto,Neutral,Alta,0.967
607,Calentando motores para las liadas,24876,474,149,2024-06-12 12:43:55,25499,Alto,Alegría,Baja,0.394
608,Will Smith viene a cantar o a darse de hostias. Ojalá lo segundo.,6596,131,43,2024-06-13 19:22:29,6770,Medio,Neutral,Alta,0.949
609,"Es brutal que alguien como Will Smith actúe en un show como la Velada.
Quién nos hubiera dicho cuando empezamos con esto de ser youtubers y streamers en nuestras habitaciones, grabandonos con un móvil y cámaras baratas, que lograríamos llegar tan lejos.
Mis felicitaciones al",40068,741,162,2024-06-13 21:45:56,40971,Alto,Alegría,Alta,0.961
610,"Hago muchas bromas con el Espanyol, pero me alegro un montón que haya subido. Ni que sea por mi mami, y por mi abuelo en paz descanse. La Liga es mucho mejor con ellos, no doubt.",4146,75,81,2024-06-23 18:45:37,4302,Medio,Alegría,Alta,0.929
611,"Venga va, que hoy rompemos el internet.
Recordad que Jesús os vigila.
Especial verano: 
https://
youtube.com/live/4AkzacJ96
5k?si=gdqFsgvkLbYwSJmD
…",13965,683,215,2024-06-28 13:01:35,14863,Alto,Neutral,Alta,0.972
612,"Me acabo de despertar después de la locura de ayer, más de 150k de espectadores en youtube viendo a un doctor en física intentar refutar que el presidente de Camerún se transforma en león 
Os quiero.",58254,2257,416,2024-06-29 14:54:24,60927,Viral,Alegría,Alta,0.995
613,"MrTartaria explica a Santaolalla porque la ecuación de Einsten está incompleta.
H.",17754,1053,522,2024-06-29 17:37:01,19329,Alto,Neutral,Alta,0.994
614,Esto es surrealista.,70735,3043,142,2024-06-30 22:16:36,73920,Viral,Sorpresa,Alta,0.872
615,Lo de Lamine no tiene ningún puto sentido ,20765,469,90,2024-07-09 20:03:23,21324,Alto,Enfado,Alta,0.913
616,Alana podría competir en cualquiera de los combates de hoy. Bestia.,101495,3238,277,2024-07-13 18:10:11,105010,Viral,Neutral,Alta,0.759
617,Espero que la ficción no se haga realidad. Pero da miedo.,9944,351,139,2024-07-14 00:11:18,10434,Alto,Miedo,Alta,0.851
618,"Para lo que no lo sepáis, acaban de intentar asesinar a Trump durante un miting. El vídeo es una locura.",41412,2869,588,2024-07-14 00:16:48,44869,Alto,Sorpresa,Media,0.558
619,"El mundo no tiene sentido, en un mismo día hemos pasado de tener a Plex y el Mariana dándose de hostias, a Trump casi asesinado en directo. Y lo jodido es que no es broma.",45154,1506,177,2024-07-14 00:39:37,46837,Alto,Enfado,Alta,0.771
620,"Gracias 
@PlacitaAmarilla
 por darme la oportunidad de seguir creciendo 
Os quiero.",1486,57,18,2024-07-14 17:34:02,1561,Bajo,Alegría,Alta,0.996
621,Pues al final sí que es verdad que el amor es lo único que la ciencia no puede explicar.,76789,6636,345,2024-07-17 21:47:09,83770,Viral,Neutral,Alta,0.879
622,O SEA QUE,54146,2218,808,2024-07-19 14:50:19,57172,Viral,Neutral,Media,0.663
623,"Como cada año, bañito con el patrón ",45433,734,178,2024-07-21 13:59:58,46345,Alto,Alegría,Alta,0.899
624,"- Yo: hago un estornudo sin motivo

- Mi madre, un microsegundo después:",3933,117,61,2024-07-31 13:56:28,4111,Medio,Neutral,Alta,0.965
625,"Viendo que quieren darse de hostias, invito formalmente a 
@elonmusk
 y 
@NicolasMaduro
 a DWT 3 en un combate No Rules donde todo valga. Main Event. El que pierda, abandona su cargo de poder.


@realDonaldTrump
 si quieres apuntarte, te hacemos hueco rápido.",47905,3967,513,2024-08-01 12:52:28,52385,Viral,Neutral,Alta,0.993
626,"Aparte de las bromas, muchos venezolanos me estáis pidiendo que haga un programa especial, ahora me es imposible, necesito desconectar durante este verano; pero sí me encantaría, al regresar, traer a algún experto sobre la situación de Venezuela y Maduro, que analice cómo es",21339,1282,1289,2024-08-01 14:26:20,23910,Alto,Neutral,Alta,0.974
627,Ojalá Puigdemont hubiera regresado de repente con la música del Undertaker.,4721,148,63,2024-08-08 12:45:55,4932,Medio,Neutral,Alta,0.985
628,"Con lo de Frank Cuesta y Yuyee, yo solo os diré que en el primer podcast que hice con él (online), grabamos de tarde/noche en España, duró varias horas y terminamos a lo que sería la madrugada en Tailandia.
Después de grabar, Frank y yo estuvimos charlando un rato más y le",55597,5030,418,2024-08-14 12:46:31,61045,Viral,Neutral,Alta,0.962
629,"Me encantaría tener a 
@MariaCorinaYA
 en mi The Wild Project para charlar de la situación real de Venezuela y de todo lo que está pasando en los últimos años en su país.

Le he escrito por Instagram, pero también aprovecho Twitter, o X, para ver si le puede llegar, a ella o a",49577,9942,1422,2024-08-18 14:32:43,60941,Viral,Neutral,Alta,0.988
630,"Aprovecho el meme para anunciar que The Wild Project regresa la semana que viene con uno de los invitados más tops de su historia.
Este año va a estar interesante ",8306,306,229,2024-09-06 13:49:32,8841,Medio,Alegría,Alta,0.762
631,"Este jueves a las 5 de la tarde (hora española) regresa THE WILD PROJECT, con invitado top y con muchas energías renovadas.

Nachete y su pie, vienen incluidos en el pack.",6948,194,131,2024-09-09 14:43:06,7273,Medio,Neutral,Media,0.581
632,"¡MAÑANA REGRESA THE WILD PROJECT!
Vuelve el podcast número 1 en vuestros corazones con una temporada que será histórica.
No os perdáis la estrena 

https://
youtube.com/@TheWildProject",7025,296,123,2024-09-11 12:21:37,7444,Medio,Alegría,Alta,0.993
633,"Este jueves, charla con María Corina Machado (
@MariaCorinaYA
) para el primer episodio de The Wild Project en esta temporada. El fraude electoral, represión en Venezuela, pobreza y mafias, su complicada situación actual en el país, Maduro...
Ya os dije que comenzaríamos con un",48444,10092,1195,2024-09-11 21:19:10,59731,Viral,Neutral,Alta,0.988
634,estoy llorando,113819,14682,5522,2024-09-13 03:12:02,134023,Viral,Tristeza,Media,0.716
635,"DWT 3:
Triple threat
Nicolás Maduro vs Jordi Wil vs Elon Mok
Special referee Donald Trump

Que alguien me haga un cartel de esto por favor.",38671,2148,301,2024-09-13 17:12:27,41120,Alto,Neutral,Alta,0.897
636,"Toma, te lo cambio por una entrada VIP pa cuando lo montes.",3008,126,13,2024-09-13 18:09:56,3147,Medio,Neutral,Alta,0.965
637,listo,13547,770,58,2024-09-13 18:37:34,14375,Alto,Neutral,Media,0.585
638, ¡URGENTE! Se filtra el primer asalto del Triple Treat del DWT 3:,1993,121,10,2024-09-13 18:43:44,2124,Bajo,Neutral,Media,0.544
639,"Preguntándole a Tebas sobre Negreira, el tito Floren (acaba mal), el Barça y los fichajes y la piratería. Un crack y muy buena charla. 

@LaLigaCorp
 
@Tebasjavier
 

https://
youtu.be/FxatA6h_j28?si
=mNxC-OuNGqRyHJGZ
…",10508,550,1073,2024-09-19 12:38:32,12131,Alto,Alegría,Alta,0.827
640,"Me paso por el mejor podcast de Europa del este: 
https://
twitch.tv/estonoes1juego
Entrando todos ya!",291,11,5,2024-09-26 18:46:25,307,Bajo,Alegría,Alta,0.951
641,"COMIENZA EL CLUB DE LA LUCHA EN LA VIDA REAL - DWT Fight Club
¿Te gusta El Club de la Lucha? ¿Siempre has soñado con que fuera real? Pues tus deseos han sido cumplidos: Empieza el DWT Fight Club, cada semana nuevo combate underground ",42749,3793,811,2024-09-27 13:20:58,47353,Alto,Alegría,Alta,0.948
642,"Comienza el CLUB DE LA LUCHA DE DWT:


https://
youtu.be/lVi5hWIACh8?si
=ga3DlhubXSob-2jD
…

Patadas VS Puños, ¿quién ganaría si solo pudiese usar uno de los dos?",3084,243,75,2024-09-28 15:42:35,3402,Medio,Neutral,Alta,0.98
643,"Se retira el señor Rafael Nadal Parera, el mejor deportista español de la historia y un ejemplo en todos los sentidos.

Gracias por todo, genio ",14188,559,118,2024-10-10 14:15:31,14865,Alto,Alegría,Alta,0.959
644,Este Barça vuelve a mear colonia ,17138,524,104,2024-10-20 20:57:16,17766,Alto,Neutral,Alta,0.849
645,"Qué bueno es Ilia, la madre que lo parió ",24075,630,80,2024-10-26 20:50:18,24785,Alto,Neutral,Baja,0.413
646,"EL BARÇA LE METE TREMENDA GOLPIZA AL MADRID Y TOPURIA NOQUEA A HOLLOWAY.
Fin de semana completo.",38184,2575,170,2024-10-26 20:58:20,40929,Alto,Neutral,Alta,0.918
647," COMIENZA LA SEMANA DE HALLOWEEN 2024 
Cada día, ¡Un vídeo de terror en El Rincón de Giorgio! Comenzamos fuerte.
Jaime Osuna, el preso más malvado y peligroso del mundo, caníbal y satánico.",3476,413,83,2024-10-27 16:11:08,3972,Medio,Neutral,Media,0.514
648,"Amigos, estos días he desaparecido porque estoy pasando una situación familiar muy grave, de difícil pronóstico. Es una persona extremadamente cercana a mí.
Tengo que dejar inacabada la Semana De Halloween y de momento no podré grabar nada más, ni podcast ni dogfight, hasta que",77217,1951,2232,2024-11-01 10:23:48,81400,Viral,Tristeza,Media,0.698
649,"Esto es lo más difícil que me ha tocado escribir en mi vida, una pesadilla que me cuesta aceptar, pero tengo que comunicar que mi padre ha fallecido.

Sabéis que valoro mucho mi privacidad, pero sin entrar en muchos detalles, ha sido algo totalmente inesperado y que nos ha tenido",543242,58727,24203,2024-11-05 13:43:06,626172,Viral,Tristeza,Alta,0.992
650,"Me lo han pasado varias personas, no sé quién es el creador, pero gracias de todo corazón 
Lo echo mucho de menos.",416637,27042,2665,2024-11-06 22:07:47,446344,Viral,Tristeza,Alta,0.963
651,"Hoy vuelvo al trabajo, con un podcast que dedico a mi padre, que siempre estará conmigo, y con todos nosotros.

https://
youtu.be/4SK1gFl7eDA?si
=DkOiHBqasblDuy63
…",105784,6581,933,2024-11-19 14:12:56,113298,Viral,Alegría,Alta,0.913
652,"Hoy no hay podcast porque el invitado se lio con las fechas y pensaba que era otra semana 
Pero no pasa nada, la semana que viene habrá dos episodios muy jugosos.
Un abrasote  (y gracias por todas las buenas vibras que me mandáis por lo de mi papi)",38652,582,291,2024-11-28 18:54:20,39525,Alto,Alegría,Alta,0.987
653,"Ojito, estoy preparando las peleas del Club de la Lucha, y os comento que mañana sale TODA la info de DWT 3... ¡ y salen a la venta las entradas!
Atentos, porque va a ser el evento más brutal del año (y las entradas van a volar).",13842,429,134,2024-12-21 15:25:59,14405,Alto,Alegría,Alta,0.927
654,"Último podcast del año HOY MISMO, con mi querido 
@illojuan
 y 
@BaityBait
, hablando de los videojuegoh y mucho más ",4100,205,62,2024-12-22 13:47:09,4367,Medio,Neutral,Alta,0.838
655,"ESTE 31 DE ENERO EN EL OLIMPIC ARENA DE BADALONA: DOGFIGHT WILD TOURNAMENT Tertium Mortis (Tercera Muerte).
3a edición del evento más brutal y sangriento de internet. Este año voy a crear algo que no se habrá visto jamás, ni en Rusia se han atrevido a tanto. De verdad.
¡Entradas",12191,994,198,2024-12-22 17:13:51,13383,Alto,Alegría,Alta,0.964
656,"Amigos, estos días no están siendo fáciles para mí ni para mi madre, pero como dijo aquel ""sabio"": Así es la **** vida 
Os quiero desear una Feliz Navidad a todos, cuidad muchísimo a vuestros seres queridos, que es lo más importante que tenemos y gozadla fuerte.
Os quiero. Os",118256,7252,964,2024-12-24 21:00:06,126472,Viral,Alegría,Alta,0.991
657,"Después de un parón por motivos familiares (ya sabéis), vuelve el CLUB DE LA LUCHA de DWT. Y vuelve muy fuerte, batalla de habilidad entre dos luchadores que SOLO pueden usar sus patadas. ¡No os lo perdáis que es una locura!",1562,60,15,2024-12-28 16:21:18,1637,Bajo,Alegría,Alta,0.951
658,"yo el 1 de enero de 2024: Este va a ser mi mejor año.

yo 31 de diciembre:",51628,2729,394,2024-12-31 16:37:16,54751,Viral,Neutral,Alta,0.79
659,"Tienen 17 y 39 años y son los semifinalistas del mundial de dardos.
Supongo que en ese deporte se desayuna cigarrillos con whisky.
Como tiene que ser.",30760,1644,212,2025-01-03 17:15:09,32616,Alto,Neutral,Alta,0.986
660,"Comienza 2025 y me han puesto de villano en un cómic del régimen de Maduro.
Este año promete.",117487,8363,1403,2025-01-08 14:20:05,127253,Viral,Alegría,Alta,0.763
661,Don Lamine Yamal appreciation post,15060,387,85,2025-01-12 21:16:06,15532,Alto,Neutral,Alta,0.887
662,"No puedo pqrticipar porque estoy con Dogfight hasta los topes de trabajo, pero todo mi apoyo a esta iniciativa maravillosa ",5631,181,13,2025-01-15 18:08:29,5825,Medio,Alegría,Alta,0.877
663,pues bueno ya no puedo ir a japón,104741,2310,750,2025-01-17 00:13:46,107801,Viral,Neutral,Alta,0.929
664,"Mis amigos de 
@WinamaxDeportes
 sortean 5 entradas dobles VIP para el Dogfight 3!
Os animo fuerte a participar ",610,23,11,2025-01-17 20:04:07,644,Bajo,Alegría,Alta,0.991
665,"Quedan 10 días para DWT 3 y ya casi están las entradas agotadas, quedan POQUÍSIMAS en la anilla central y solo la mitad de la superior.
Si queréis venir, compradlas ya o es muy posible que os quedéis fuera: 
https://
entradas.com/artist/dogfigh
t-wild-tournament-3/?affiliate=DFW
…
Va a ser una locura ",1123,45,17,2025-01-21 18:20:14,1185,Bajo,Neutral,Media,0.583
666,"""Emilia Pérez"" 13 nominaciones a los Oscar...
Es una película que está bien, a secas, muy original y arriesgada eso sí. Me pareció correcta pero irregular. Empieza fuerte y se va desinflando.
Pero vamos, que llega a protagonizarla otra persona o a ir de otra temática, y ya os",13830,615,573,2025-01-23 19:11:27,15018,Alto,Neutral,Alta,0.898
667,"Nuevo vídeo en El Rincón de Giorgio, en este caso el terrible caso de un chico que asesinó a toda su familia y lo compartió todo con sus amigos en discord. La fusión de tecnología y criminología clásica.
No te lo pierdas ",1515,93,22,2025-01-26 15:36:09,1630,Bajo,Neutral,Alta,0.889
668,"Esta es la SEMANA DOGFIGHT 3

- Miércoles: Directito con 
@elxokas
 en The Wild Project
- Jueves: CAREOS en directo (aún no sé cómo haré uno de 10 tíos )
- Viernes: El Gran Evento

¡A disfrutarla que va a estar intensa!",11208,414,102,2025-01-28 15:02:01,11724,Alto,Alegría,Alta,0.95
669,"Con el bonico de 
@elxokas
 en minutos para un directo muy especial en el podcast. No os lo perdáis 

https://
youtube.com/live/omFo8AaCn
FU?si=ymBhUsx86mLKUARr
…",6450,135,61,2025-01-29 18:03:17,6646,Medio,Alegría,Alta,0.899
670,"Gracias a 
@elxokas
 por este regalo tan importante para mí y a todos vosotros por las bonitas palabras.
Mi padre siempre vivirá con mi madre y conmigo, y con todos vosotros que lo queríais tanto.",174277,12688,856,2025-01-29 23:06:10,187821,Viral,Alegría,Alta,0.994
671,"EN UNA HORITA TENEMOS LOS CAREOS DE DWT 3:

https://
youtube.com/live/mNnyP__C-a

No os lo perdáis porque no cada día ponemos a 10 tíos con antecedentes a pegarse a la vez.

Es bromita a medias.

Os quiero",2360,68,27,2025-01-30 18:04:59,2455,Bajo,Neutral,Alta,0.939
672,"En unas horas DWT 3 llega el evento más caótico y brutal de toda la historia:

https://
youtube.com/live/tOV2Gy9AQ
Pg?si=Y3wH2qn9RGPK_55X
…

No te lo pierdas ",2221,314,89,2025-01-30 22:53:04,2624,Bajo,Neutral,Alta,0.888
673,"¡El DWT es hoy! y mis amigos de 
@WinamaxDeportes
 han preparado un universo de apuestas brutal para la ocasión*

*Crea tu cuenta y aprovecha el Bono de 10€ : 
https://
winamax.es/registration/l
anding/afiliacion_20242025_dwt?language=ES&banid=74615
…",2450,79,34,2025-01-31 12:49:13,2563,Bajo,Alegría,Media,0.583
674,"DWT 3 AQUÍ: 

https://
youtube.com/live/tOV2Gy9AQ
Pg?si=hwVWF7r3kG6eKvdX
…",7195,289,83,2025-01-31 16:43:34,7567,Medio,Neutral,Alta,0.986
675,"Bueno ya estoy en casa, gracias a todos por el cariño y por las buenas palabras.
Os quiero y me siento orgulloso de haber hecho un evento old school de verdad.",52316,1934,602,2025-02-01 06:36:26,54852,Viral,Alegría,Alta,0.997
676,Mejor cartel de la historia. Insuperable.,4508,358,115,2025-02-05 14:35:42,4981,Medio,Alegría,Alta,0.936
677,"Ya en casita el cuadro que 
@elxokas
 me regaló. La verdad es que es un detalle que ni mi madre ni yo olvidaremos nunca.",174370,5892,402,2025-02-09 14:02:14,180664,Viral,Alegría,Alta,0.989
678,Kanye West la está liando tanto que lo veo presidente de USA en unos años.,37608,1366,233,2025-02-09 16:27:53,39207,Alto,Neutral,Alta,0.895
679,es real esto me confirman?,12990,621,87,2025-02-10 14:18:39,13698,Alto,Sorpresa,Alta,0.799
680,"Ha muerto Gene Hackman, uno de mis actores favoritos de siempre. Cada papel suyo era mítico, tenía una presencia impresionante y podía ser aterrador en pantalla.
La Conversación, The French Connection, Missisipi Burning, Marea Roja, Hoosiers... y mi favorita, The Unforgiven, uno",4237,222,70,2025-02-27 14:39:23,4529,Medio,Tristeza,Alta,0.88
681,"No conozco nadie que haya dado su vida más por los animales que él. Literal que vive apartado de la gente en un ""contenedor"" para estar con ellos cada día. Ha rescatado innumerables animales de las mafias que campan por Tailandia.
Os podrá caer mejor o peor, pero detener a Frank",119939,12559,868,2025-02-28 14:32:34,133366,Viral,Enfado,Media,0.736
682,"Zelensky y Trump en la Velada. Main Event.

Ibai hazlo antes de que nos vayamos todos a tomar por culo.",18393,728,126,2025-02-28 19:22:17,19247,Alto,Neutral,Alta,0.932
683,"Me he creado una realidad paralela en la que Demi Moore gana el Oscar. Soy más feliz ahí.
#Oscars",10272,826,98,2025-03-03 04:31:40,11196,Alto,Alegría,Alta,0.985
684,"Mi preferida era The Brutalist pero Anora me encantó y me alegro un montón por Sean Baker y lo que representa.
Viva el cine independiente, cojones 
#Oscars2025",4877,168,32,2025-03-03 05:39:37,5077,Medio,Alegría,Alta,0.997
685,"Por problemas técnicos, hoy no habrá podcast  Pero la semana que viene, 2 podcasts de temas espectaculares, ya veréis.
Un beso en la mejilla.",4799,96,86,2025-03-06 18:48:43,4981,Medio,Alegría,Alta,0.854
686,No puedes ser fan del fútbol y que no te guste el Barça de Flick.,59302,4286,378,2025-03-16 22:00:38,63966,Viral,Neutral,Alta,0.984
687,Hago el trend y todos mis amigos pasan a ser japoneses jubilados,20621,378,129,2025-03-30 18:39:46,21128,Alto,Neutral,Alta,0.951
688,"Y con esto se termina el trend, y el studio ghibli de paso.",13849,507,91,2025-03-31 12:44:13,14447,Alto,Neutral,Alta,0.989
689,"A ver, vamos a acabar con el debate:
¿Es la Switch 2 cara?",1895,95,503,2025-04-02 17:53:24,2493,Bajo,Neutral,Alta,0.961
690,"Tema de la Switch 2: el precio de la consola me parece justo tirando para arriba, su hardware puede justificarlo.

PERO, los juegos... se les ha ido la cabeza. 90€ por un juego en físico es ya ir demasiado lejos. Y esto abre la puerta a los tiburones de EA, Ubisoft, entre otros,",24299,1109,401,2025-04-03 13:59:11,25809,Alto,Enfado,Alta,0.831
691,"¿Quiénes son?
Solo respuestas incorrectas.",6464,112,335,2025-04-07 22:26:51,6911,Medio,Neutral,Alta,0.994
692,China y Estados Unidos ahora mismo:,8755,462,62,2025-04-09 20:59:02,9279,Medio,Neutral,Alta,0.991
693,Dadle cariño a mi colega Tania que mañana tiene una pelea tremenda ,744,20,10,2025-04-11 14:07:59,774,Bajo,Neutral,Media,0.627
694,Este Barça es una puta fiesta por partido.,28152,1169,204,2025-04-19 16:25:45,29525,Alto,Neutral,Baja,0.462
695,"Feliz Sant Jordi, al mejor Jordi que jamás ha existido. Te quiero mucho, y te echo de menos como el primer día. Siempre conmigo ",82200,2866,253,2025-04-23 13:28:16,85319,Viral,Alegría,Alta,0.994
696,"- Traigo a Pedro Baños: Empieza la guerra de Ucrania
- Traigo un cura: Muere el Papa
- Traigo a un experto en supervivencia: Apagón en Europa
¿A quién le toca ahora?",83862,4360,4182,2025-04-28 15:22:04,92404,Viral,Neutral,Alta,0.966
697,Este Barça es el equipo más divertido de la historia.,26040,972,180,2025-04-30 19:41:17,27192,Alto,Alegría,Media,0.527
698,EN SERIO PERO ESTO QUÉ ES,12503,201,93,2025-04-30 20:25:25,12797,Alto,Sorpresa,Alta,0.957
699,"Si tiene esta pinta, por mí como si tardan 8 años más ",60313,3017,384,2025-05-06 13:54:25,63714,Viral,Neutral,Media,0.741
700,VISCA EL BARÇA COLLONS!!!!!,22106,964,154,2025-05-06 20:20:06,23224,Alto,Alegría,Alta,0.99
701,vale ahora estoy aterrado,37059,2352,1157,2025-05-20 19:02:14,40568,Alto,Sorpresa,Alta,0.778
702,"Vuelven los combates del Club De La Lucha:


https://
youtu.be/bu3bFA8TD-I?si
=UGRNKUWnj45Iumsk
…

El primero es una locura ",410,13,14,2025-05-31 14:32:09,437,Bajo,Alegría,Baja,0.42
703,"o sea qué cojones 
https://
x.com/elonmusk/statu
/elonmusk/status/1930703865801810022
…",27184,830,282,2025-06-05 20:02:34,28296,Alto,Sorpresa,Media,0.735
704,Musk y Trump han pasado de Goku/Vegeta a Guts/Griffith.,12265,638,117,2025-06-05 22:47:48,13020,Alto,Neutral,Alta,0.92
705,La mejor novela desde la Rosa de Guadalupe,109097,6067,167,2025-06-07 00:03:24,115331,Viral,Alegría,Alta,0.893
706,"YOUTUBE ES INCREÍBLE
Me han puesto restricción de edad a mi podcast con Jero García dedicado al acoso escolar y al bullying, bajo la excusa de ""suicidio infantil"", cuando hablamos de los casos extremos en los niños/as piensan en terminar con todo debido a la presión.
SI HAY un",27558,1857,236,2025-06-10 13:25:02,29651,Alto,Enfado,Media,0.61
707,"Estoy en directo con el gran JOSEBAS EL AUTÉNTICO en una nueva movida que he creado, todo el mundo PA'DENTRO!!!!!

https://
twitch.tv/josebas__",505,18,5,2025-06-16 18:12:39,528,Bajo,Alegría,Alta,0.963
708,Joan García dejando el Espanyol por el Barça con todo el drama detrás,11318,290,41,2025-06-18 15:25:08,11649,Alto,Neutral,Alta,0.98
709,"En 2 semanas...
¡El 4 de Julio llega el ESPECIAL VERANO del podcast!
En directo más de 15 horas de contenido:
- Viene 
@yosoyplex
 para contarme sus aventuras
- Debate sobre la inmigración (esto va a ser una bomba)
- De madrugada, vendrá un hacker y entraremos en la DEEP WEB en",10220,372,161,2025-06-20 17:11:22,10753,Alto,Neutral,Alta,0.798
710,"¿Pero Donald Trump no era el presidente de la paz, que nunca se metía en conflictos ajenos?
#ElMundoVaAExplotar",29704,1580,1895,2025-06-22 02:34:20,33179,Alto,Neutral,Media,0.538
711,"Ojo, no os equivoquéis, a mí, el régimen de Iran, me parece de los más asquerosos del mundo, ojalá lo derroquen mañana y se carguen a todos los altos mandos. PERO, las fantasmadas de Trump deben tener un límite... como cuando ASEGURÓ terminar con la guerra Rusia-Ucrania en 48h...",44295,1710,1357,2025-06-22 03:18:14,47362,Alto,Enfado,Alta,0.817
712,"Mi gente, estoy en directo con Salva y Albert, hablando de muchas cosas poco interesantes, todo el mundo pa'dentro:",761,27,17,2025-06-22 19:29:05,805,Bajo,Neutral,Alta,0.995
713,"Y hoy me toca estar con mi amigo 
@Caith_Sith
 en este podcast de 12 horas de duración, no os lo podéis perder:",2168,154,52,2025-06-23 18:13:44,2374,Bajo,Neutral,Media,0.748
714,"Topuria tiene que estar ya en la conversación de mejor peleador de la historia.
Lo suyo no es normal.",66803,2332,656,2025-06-29 05:03:04,69791,Viral,Neutral,Alta,0.857
715,gta 6 in real life,7407,253,99,2025-07-03 15:35:37,7759,Medio,Neutral,Alta,0.979
716,"MAÑANA HACEMOS HISTORIA EN THE WILD PROJECT EN EL ESPECIAL VERANO
- El crack de 
@yosoyplex
 
- Debate inmigración
- Entrando en la Deep Web con un hacker
- Invitado sorpresa a última hora...
Guardadlo ya:",3835,196,119,2025-07-03 15:38:25,4150,Medio,Neutral,Media,0.669
717,Charlito ,6685,93,46,2025-07-06 01:03:57,6824,Medio,Neutral,Media,0.581
718,Vamo a juga,6771,89,82,2025-07-11 14:03:24,6942,Medio,Neutral,Alta,0.776
719,"Ha muerto el jodido Ozzy Osbourne, uno de mis grandes ídolos y una auténtica leyenda.

Con su vida loquísima, ya era un milagro que hubiera pasado de los 70, aunque parecía que nos iba a enterrar a todos.

Se fue como el maestro que era: delante de millones de personas en",17436,3554,265,2025-07-22 18:59:04,21255,Alto,Tristeza,Alta,0.95
720,La casa de los horrores (solo los sabios entenderan),8636,168,182,2025-07-25 12:55:43,8986,Medio,Neutral,Alta,0.932
721,"BUENO SE ACABARON LAS VACACIONES

Este martes 9 de Septiembre vuelve THE WILD PROJECT y en unos pocos días, el RINCÓN DE GIORGIO.

Este inicio de podcast será brutal: ciencia, humor, Imperio Romano (de verdad), Leyendas en persona, y mucho más...",10704,253,205,2025-09-07 13:19:58,11162,Alto,Alegría,Alta,0.99
722,"VUELVE THE WILD PROJECT
Regresamos con una hermosa tertulia Espero que esta temporada os guste tanto como las anteriores.
¡Todo el mundo a verlo!:",2077,93,58,2025-09-09 11:12:37,2228,Bajo,Alegría,Alta,0.996
723,Se vienen cositas...,1291,34,41,2025-09-19 16:15:58,1366,Bajo,Neutral,Media,0.65
724,"Venga, este miércoles regresa El Rincón de Giorgio con uno de los casos que más me habíais pedido: ED GEIN, El Carnicero de Plainfield.
No os perdáis la historia real del psicópata más macabro de todos los tiempos ",4430,197,81,2025-09-30 22:10:59,4708,Medio,Neutral,Alta,0.795
725,"Bueno, ahora que ha pasado el boom 

Para los moralistas y las charitos de twitter:
¿Qué es una raya para un tigre? 

Para la gente normal:
En los últimos años salgo poquísimo de fiesta, no fumo, no vapeo, no como azúcar ni ultraprocesados, en mi día a día no bebo nada de",40493,2811,1975,2025-10-16 10:44:24,45279,Alto,Neutral,Alta,0.975
726,"POR CIERTO, 
@rbarragan_ entiendo que en 
@MeriStation
 estáis en horas bajas como revista de videojuegos, y os tenéis que dedicar a hablar de los influencers constantemente para que os lean, pero la redacción de este titular es directamente para que os meta un puro legal, a ambos.",15261,622,596,2025-10-16 12:26:12,16479,Alto,Neutral,Alta,0.987
727,"Y ya termino con todo este tema por aquí, comentaré más en la próxima tertulia, que la historia da para debatir y charlar un buen rato. 

Esta tarde podcast especial sobre el Caso Alcàsser, con dos periodistas que han investigado lo que nadie había hecho antes.

Este mes no habrá",9602,172,197,2025-10-16 13:49:55,9971,Medio,Neutral,Alta,0.996
728,"NUEVO PODCAST
Los periodistas Jorge Saucedo y Genar Martí vienen para un episodio especial sobre el CASO ALCÀSSER. Son los creadores de un documental que investiga a fondo la fuga de Antonio Anglés y tienen testigos con los que nadie había hablado antes.
¡No os lo perdáis tigres!",1815,68,82,2025-10-16 18:39:37,1965,Bajo,Neutral,Alta,0.954
729,Un orgullo tener delante a Gustavo Santaolalla mientras toca The Last Of Us ,22093,1790,190,2025-10-24 15:59:08,24073,Alto,Alegría,Alta,0.995
730,"ESPECIAL HALLOWEEN EN THE WILD PROJECT
Beatriz de Vicente analizando los mayores asesinos en serie de la historia ",1458,76,53,2025-10-30 16:29:38,1587,Bajo,Neutral,Alta,0.98
731,Pues se acabó la guerra de consolas,16287,641,388,2025-11-12 22:38:44,17316,Alto,Neutral,Alta,0.942
732,"Vale, definitivamente ya nos hemos hecho viejos ",22692,573,70,2025-12-10 20:25:52,23335,Alto,Neutral,Alta,0.974
733,"Podcast con uno de los mayores genios de física cuántica del mundo: Juan Ignacio Cirac.
No te pierdas un podcast que va a romperte la cabeza.",1393,83,23,2025-12-11 16:20:55,1499,Bajo,Neutral,Media,0.691
734,LEON EN RESIDENT EVIL ES TODO LO QUE ESTÁ BIEN #TheGameAwards,28828,2446,140,2025-12-12 01:51:24,31414,Alto,Neutral,Media,0.631
735,"Expedition 33 es un grandísimo juego, pero el GOTY era Kingdom Come 2. Y se acabó.
#TheGameAwards",9533,628,541,2025-12-12 04:16:10,10702,Alto,Neutral,Alta,0.878
736,A Expedition 33 solo le ha faltado ganar mejor película de habla no inglesa. #TheGameAwards,5242,168,86,2025-12-12 04:22:56,5496,Medio,Neutral,Alta,0.945
737,"Entre mis 5.000€ y las donaciones vuestras de 18.115€ en una semana, se ha donado casi 25.000€ para la investigación de la ELA.
Mil gracias a todos, sois muy grandes 

Si queréis donar, la cantidad no importa, por pequeña que sea ayuda mucho, aquí tenéis:

Donaciones Bizum",23167,1295,109,2025-12-20 16:12:52,24571,Alto,Alegría,Alta,0.996
738,tus tíos en la cena de navidad a la tercera copa,8785,303,95,2025-12-23 14:31:56,9183,Medio,Neutral,Baja,0.497
739,ya estoy borracho felzi año,14092,710,133,2026-01-01 03:40:58,14935,Alto,Alegría,Alta,0.966
740,"Maduro, ¿quién está seco ahora, eh?
Venga te me cuidas.",162103,17078,2865,2026-01-03 12:55:14,182046,Viral,Neutral,Alta,0.954
741,"Podcast especial sobre la detención de Nicolás Maduro, un análisis de cómo se realizó la operación ABSOLUTE RESOLVE y qué futuro le espera al dictador.

No os lo perdáis, porque son 3 horas de máximo interés para todos:",3620,302,138,2026-01-04 19:57:38,4060,Medio,Neutral,Alta,0.996
742,"Lamine es el futuro, pero el auténtico líder de este Barça es Raphinha.",50168,2315,149,2026-01-11 19:38:54,52632,Viral,Neutral,Alta,0.905
743,"¡Visca el Barça hostia!

Partidazo de los dos equipos ",25194,859,235,2026-01-11 21:07:00,26288,Alto,Alegría,Alta,0.997
744,Al menos han competido.,27637,1037,304,2026-01-14 22:14:14,28978,Alto,Neutral,Alta,0.958
745,No Raphinha No fun,6553,125,179,2026-01-18 22:09:24,6857,Medio,Neutral,Alta,0.923
746,este es de los míos,23325,1126,102,2026-01-20 23:03:42,24553,Alto,Alegría,Media,0.715
747,Inicios de año y ya tenemos la cárcel de Arkham en la vida real.,8520,381,70,2026-02-19 16:04:25,8971,Medio,Neutral,Alta,0.956
748,"De pequeño nos decían que en el futuro los coches volarían. Llegué al futuro, y lo que hay son therians.",56085,5049,647,2026-02-20 03:26:47,61781,Viral,Neutral,Alta,0.9
749,"SE VIENEN COSAS ESTA SEMANA
- HoyNuevo caso terrorífico en el Rincón: 
https://
youtu.be/3R8ib0JPlo0
- Miércoles  Especial CASO EPSTEIN en The Wild Project
- Jueves  Comienzo RESIDENTE DEL MAL 9 en el Rincón: cada día gameplay hasta terminarlo
Nada mal, eh.",2143,149,84,2026-02-22 13:53:57,2376,Bajo,Neutral,Alta,0.764
750,"VUELVE LA TRADICIÓN
Residente del Mal 9 Descanso en El Rincón de Giorgio.
Cada día nuevo vídeo hasta terminarme el juego ",4159,240,104,2026-02-26 14:25:57,4503,Medio,Neutral,Alta,0.911
751,"Si fui viendo a esta joya con la tradición del Residente del mal 
@JordiWild",0,0,0,2026-02-27 08:49:19,0,Bajo,Alegría,Baja,0.449
752,El main event que merecíamos,22152,1118,117,2026-03-09 22:11:46,23387,Alto,Neutral,Alta,0.887
753,"Showtime
#Incredibles3 is coming to theaters June 16, 2028",199757,29258,1995,2026-03-18 17:25:05,231010,Viral,Neutral,Alta,0.971
754,"The new 
http://
checoperez.com is LIVE.
Everything Checo. One place.
 
http://
checoperez.com",6626,806,64,2026-03-18 17:35:10,7496,Medio,Neutral,Alta,0.988
755,Que comentario más estúpido,1,0,0,2026-03-18 20:07:00,1,Bajo,Enfado,Alta,0.803
756,"

The famous British comedian Mr. Bean:

“I feel ashamed of the United Kingdom for allowing Israel to besiege two million people in Gaza, cutting off their electricity, water, and medicine, and then claiming it is defending human rights.”",126639,30267,572,2026-03-18 20:56:20,157478,Viral,Enfado,Baja,0.478
757,Bubble Butt ,85832,3131,765,2026-03-18 23:04:35,89728,Viral,Neutral,Media,0.747
758,i mean dad dad son,38689,2708,22,2026-03-19 01:07:51,41419,Alto,Neutral,Alta,0.932
