Tweet Link,Author Handle,Tweet Content,Views,Likes,Retweets,Replies,Tweet Creation Date,Scraped Date
https://x.com/JordiWild/status/1494690634011140104,"JordiWild","Aquí está (GOG): C3VNC2977F1196EFC4
El primero que lo pille, se lo lleva.",0,2604,21,40,2022-02-18T15:09:51+00:00,2026-03-19T17:27:14.035195+00:00
https://x.com/JordiWild/status/1494440362135404544,"JordiWild","Esta noche estaré en #Horizonte con mi querido Iker Jiménez 
@navedelmisterio
 
¡Estad atentos al programa, en Cuatro, porque ahí podréis verme hablando de un tema bastante duro y trágico que ha pasado esta semana!
Besos",0,3204,90,33,2022-02-17T22:35:22+00:00,2026-03-19T17:27:14.035195+00:00
https://x.com/JordiWild/status/1494397635930820608,"JordiWild","Fuera de bromas, el Barça ha hecho un partido para ganar de sobras, sobre todo hacia el final.
¡Sigo subido en la XAVINETA hasta que derrape del todo hostia!",0,14916,752,151,2022-02-17T19:45:35+00:00,2026-03-19T17:27:14.035195+00:00
https://x.com/JordiWild/status/1494379432861126659,"JordiWild","La defensa del Barça",0,15112,536,75,2022-02-17T18:33:15+00:00,2026-03-19T17:27:14.035195+00:00
https://x.com/JordiWild/status/1494337773091778570,"JordiWild","NUEVO PODCAST
Pedro Baños 
@geoestratego
 me visita al The Wild Project para charlar de geopolítica y cómo funciona el mundo de verdad, en uno de los episodios más interesantes. ¡No os lo perdáis!",0,1889,220,73,2022-02-17T15:47:43+00:00,2026-03-19T17:27:14.035195+00:00
https://x.com/JordiWild/status/1494330405909975044,"JordiWild","Cuando este tweet llegue a 20.000 likes, pondré una respuesta con un código del CYBERPUNK 2077 para PC, un regalito para vosotros ",0,29795,294,194,2022-02-17T15:18:26+00:00,2026-03-19T17:27:14.035195+00:00
https://x.com/JordiWild/status/1493652453534965768,"JordiWild","Perdón me dejé EL OTRO GRANDE DEL MUNDO DEL RAP",0,5932,177,45,2022-02-15T18:24:30+00:00,2026-03-19T17:27:14.035195+00:00
https://x.com/JordiWild/status/1493616682979504128,"JordiWild","NUEVO PODCAST
Tertulia semanal en The Wild Project. ¡No os la podéis perder!

https://
youtu.be/u2univQCdEI",0,1142,40,12,2022-02-15T16:02:21+00:00,2026-03-19T17:27:14.035195+00:00
https://x.com/JordiWild/status/1493352477445562368,"JordiWild","Mi San Valentín 2022",0,27156,1367,70,2022-02-14T22:32:30+00:00,2026-03-19T17:27:14.035195+00:00
https://x.com/JordiWild/status/1493053649953640459,"JordiWild","El único rapero legendario que faltó en el Halftime de la Superbowl",0,32587,1580,133,2022-02-14T02:45:04+00:00,2026-03-19T17:27:14.035195+00:00
https://x.com/JordiWild/status/1493050162926825472,"JordiWild","A mí la SUPERBOWL me da igual, no voy a aparentar que me interesa como a casi todos sin tener ni puta idea.
Pero el halftime show de Dr. Dre, Snoop Dogg, Eminem, Kendrick Lamarr y Mary J Blidge es de lo mejor que he visto en la vida.",0,16074,979,192,2022-02-14T02:31:13+00:00,2026-03-19T17:27:14.035195+00:00
https://x.com/JordiWild/status/1492735315118862338,"JordiWild","Ojalá los buenos combates de la UFC duraran 10 asaltos.",0,8640,156,67,2022-02-13T05:40:07+00:00,2026-03-19T17:27:14.035195+00:00
https://x.com/JordiWild/status/1492186942410211329,"JordiWild","La prensa cada vez que un youtuber hace una cagada",0,17491,434,53,2022-02-11T17:21:05+00:00,2026-03-19T17:27:14.035195+00:00
https://x.com/JordiWild/status/1491814479847436290,"JordiWild","NUEVO PODCAST
Cris Gutiérrez, 3a clasificada del Dakar,me visita para una charla llena de aventuras y anécdotas brutales ",0,1332,58,36,2022-02-10T16:41:03+00:00,2026-03-19T17:27:14.035195+00:00
https://x.com/JordiWild/status/1491771545185890309,"JordiWild","HOLA QUE TAL BUENAS TARDES ESPERO QUE ESTEN MUY BIEN BUENAS TARDES",0,16674,387,245,2022-02-10T13:50:26+00:00,2026-03-19T17:27:14.035195+00:00
https://x.com/JordiWild/status/1491542443485016064,"JordiWild","la madre que os parió",0,18417,779,91,2022-02-09T22:40:04+00:00,2026-03-19T17:27:14.035195+00:00
https://x.com/JordiWild/status/1491079317006479360,"JordiWild","NUEVO PODCAST
Nueva tertulia de la semana en The Wild Project.",0,1115,41,30,2022-02-08T15:59:46+00:00,2026-03-19T17:27:14.035195+00:00
https://x.com/JordiWild/status/1491044488193921030,"JordiWild"," choca",0,19462,302,572,2022-02-08T13:41:22+00:00,2026-03-19T17:27:14.035195+00:00
https://x.com/JordiWild/status/1490817318590558209,"JordiWild","Laporta ha conseguido más por el Barça en unos meses que Bartomeu en 5 años. Mi tweet más basado.",0,33306,1706,242,2022-02-07T22:38:41+00:00,2026-03-19T17:27:14.035195+00:00
https://x.com/JordiWild/status/1490360970304180235,"JordiWild","Va Cholo, pon un par más de defensas que solo perdéis de 3.",0,16725,373,67,2022-02-06T16:25:19+00:00,2026-03-19T17:27:14.035195+00:00
https://x.com/JordiWild/status/1489263159760199685,"JordiWild","NUEVO PODCAST
David Saavedra, que estuvo buena parte de su vida dentro del movimiento nazi y consiguió salir, me visita y tenemos una larga charla sobre la radicalización y su propia experiencia. Muy interesante, no os lo podéis perder.",0,2673,199,107,2022-02-03T15:43:01+00:00,2026-03-19T17:27:14.035195+00:00
https://x.com/JordiWild/status/1489258422151245828,"JordiWild","Entrevista que le han hecho a mi maravilloso padre 
@PapaGiorgioReal
 en el periódico de su ciudad 
Está en catalán pero los navegadores lo traducen automáticamente.",0,1788,48,18,2022-02-03T15:24:11+00:00,2026-03-19T17:27:14.035195+00:00
https://x.com/JordiWild/status/1488915307133612038,"JordiWild","Basta ya",0,80625,3476,263,2022-02-02T16:40:46+00:00,2026-03-19T17:27:14.035195+00:00
https://x.com/JordiWild/status/1488581443861295105,"JordiWild","Mi sesión con 
@elxokas
 es un mix de una pareja enamorada a punto de casarse y los dos primos gamberros el día de su comunión. No entiendo nada.",0,73932,3102,345,2022-02-01T18:34:07+00:00,2026-03-19T17:27:14.035195+00:00
https://x.com/JordiWild/status/1488540235835355138,"JordiWild","NUEVO PODCAST
Tertulia en The Wild Project, como cada semana con los temas más interesantes de los últimos días. ¡Se os quiere!

https://
youtu.be/tx7SJK_VEug",0,1551,35,27,2022-02-01T15:50:22+00:00,2026-03-19T17:27:14.035195+00:00
https://x.com/JordiWild/status/1488157245858791430,"JordiWild","¿Queréis sentiros viejos?
Final Fantasy VII acaba de cumplir 25 años…",0,13063,389,177,2022-01-31T14:28:30+00:00,2026-03-19T17:27:14.035195+00:00
https://x.com/JordiWild/status/1487804444565774341,"JordiWild","Rafa Nadal es lo mejor que ha parido España. Y punto.",0,32057,1275,285,2022-01-30T15:06:36+00:00,2026-03-19T17:27:14.035195+00:00
https://x.com/JordiWild/status/1487580523010666506,"JordiWild","No sé por qué le dais tanta importancia a lo de Benidorm, si Eurovision van a ganar estas bestias alemanas

https://
youtu.be/OnzkhQsmSag",0,2431,202,79,2022-01-30T00:16:49+00:00,2026-03-19T17:27:14.035195+00:00
https://x.com/JordiWild/status/1487442623862292481,"JordiWild","¿Por qué estáis todos tan amargados en Twitter?",0,47524,2357,1187,2022-01-29T15:08:51+00:00,2026-03-19T17:27:14.035195+00:00
https://x.com/JordiWild/status/1486798524205445120,"JordiWild","Si Spotify pone pasta para fichar a Haaland, para mí como si el Camp Nou pasa a llamarse ""Lista de reproducción Stadium"".",0,26924,1410,142,2022-01-27T20:29:26+00:00,2026-03-19T17:27:14.035195+00:00
https://x.com/JordiWild/status/1486785512379723778,"JordiWild","NUEVO PODCAST
El Rubius en The Wild Project. Poco más que decir.
Disfruten todos ",0,29491,1269,170,2022-01-27T19:37:43+00:00,2026-03-19T17:27:14.035195+00:00
https://x.com/JordiWild/status/1486763047930712075,"JordiWild","Spoiler
No queda mucho para esto: hoy me visita el tío que se pasó el god of war en máxima dificultad…",0,45080,1584,305,2022-01-27T18:08:28+00:00,2026-03-19T17:27:14.035195+00:00
https://x.com/JordiWild/status/1486749575671070723,"JordiWild","Estoy tardando en subir el podcast de hoy porque he tenido bastantes problemas técnicos (gracias Vegas), pero os prometo que no os lo esperáis y que valdrá MUCHO la pena. En un rato lo tendréis en el canal, un poquito de paciencia...",0,8572,100,62,2022-01-27T17:14:55+00:00,2026-03-19T17:27:14.035195+00:00
https://x.com/JordiWild/status/1486725394703081475,"JordiWild","",0,13792,999,81,2022-01-27T15:38:50+00:00,2026-03-19T17:27:14.035195+00:00
https://x.com/JordiWild/status/1486434977411739655,"JordiWild","Simplemente mi padre",0,14310,1070,139,2022-01-26T20:24:49+00:00,2026-03-19T17:27:14.035195+00:00
https://x.com/JordiWild/status/1486003708219609088,"JordiWild","NUEVO PODCAST
Os explico qué tal fueron los premios ESLAND y los analizamos, se viene 
@PapaGiorgioReal
 de tertuliano junto a Leo Margets, ¿qué puede salir mal?",0,2056,63,31,2022-01-25T15:51:07+00:00,2026-03-19T17:27:14.035195+00:00
https://x.com/JordiWild/status/1485800688282124289,"JordiWild","",0,24562,877,281,2022-01-25T02:24:23+00:00,2026-03-19T17:27:14.035195+00:00
https://x.com/JordiWild/status/1485772705798529024,"JordiWild","No soy streamer, pero al próximo evento tipo Squid Games que haya, apúntadme.
Ni que sea una vez en mi vida quiero vivir algo así.
Sois muy grandes.",0,81647,1581,295,2022-01-25T00:33:12+00:00,2026-03-19T17:27:14.035195+00:00
https://x.com/JordiWild/status/1485313415975473153,"JordiWild","Lo del hacker de Andorra es el mejor anime de 2022. No puedo esperar a ver el siguiente giro argumental.",0,30281,805,131,2022-01-23T18:08:08+00:00,2026-03-19T17:27:14.035195+00:00
https://x.com/JordiWild/status/1485119801500516354,"JordiWild","Pues nada, no ha podido ser 
Combate muy táctico y reñido, podría haber ido para cualquier lado (para mí por poquito para Brandon), pero desde luego tiene que haber un cuarto combate entre Moreno y Figuereido. Aunque a este paso habrán 3.456 entre ellos…
#UFC270",0,5059,190,129,2022-01-23T05:18:47+00:00,2026-03-19T17:27:14.035195+00:00
https://x.com/JordiWild/status/1485106811380322306,"JordiWild","Hoy todos los hispanos y latinos con BRANDON MORENO joder.
Destroza a Figueiredo y demuestra de nuevo lo grande que eres.
#UFC270",0,8499,315,97,2022-01-23T04:27:10+00:00,2026-03-19T17:27:14.035195+00:00
https://x.com/JordiWild/status/1484552460710686731,"JordiWild","NUEVO PODCAST

@LethalCrysis
 y 
@HiClavero
 vuelven para un podcast especial de viajes, donde relataran sus mejores aventuras (algunas muy peligrosas). No os lo podéis perder porque es una pasada lo que cuentan.",0,2141,91,24,2022-01-21T15:44:22+00:00,2026-03-19T17:27:14.035195+00:00
https://x.com/JordiWild/status/1484225300623933440,"JordiWild","NUEVO VÍDEO
La secta de Jonestown, dirigida por el loco Reverendo Jim Jones, es una de las historias más terribles y trágicas de la historia moderna de la humanidad.",0,2529,98,41,2022-01-20T18:04:21+00:00,2026-03-19T17:27:14.035195+00:00
https://x.com/JordiWild/status/1484194400494399493,"JordiWild","Hoy no va a haber la segunda parte del podcast con Lethal y Clavero porque subiré un vídeo al Rincón de Giorgio muy chulo y no me quiero hacer la competencia a mí mismo.
El podcast será mañana por la tarde, no me peguéis.",0,17078,249,158,2022-01-20T16:01:34+00:00,2026-03-19T17:27:14.035195+00:00
https://x.com/JordiWild/status/1483502514154704914,"JordiWild","otra vez no por el amor de jesucristo",0,128225,7293,478,2022-01-18T18:12:16+00:00,2026-03-19T17:27:14.035195+00:00
https://x.com/JordiWild/status/1483498973860188164,"JordiWild","Relacionado con los premios ESLAND, después de levantarme con resaquita de amor, decir que Grefg lo hizo increíblemente bien como presentador, la organización fue muy buena, y el ambiente entre todos los presentes y creadores fue ES-PEC-TA-CU-LAR. Tenemos un grupito 10.",0,29052,501,60,2022-01-18T17:58:12+00:00,2026-03-19T17:27:14.035195+00:00
https://x.com/JordiWild/status/1508282429311700992,"JordiWild","Gracias Will Smith por darme contenido para el podcast.",0,82425,1896,513,2022-03-28T03:18:48+00:00,2026-03-19T17:26:44.076856+00:00
https://x.com/JordiWild/status/1507025760049115141,"JordiWild","NUEVO PODCAST
Especial sobre la GUERRA DE UCRANIA Y RUSIA, con Memorias de Pez. Me lo habíais pedido, y aquí lo tenéis ",0,1944,91,44,2022-03-24T16:05:15+00:00,2026-03-19T17:26:44.076856+00:00
https://x.com/JordiWild/status/1507016582760845319,"JordiWild","Hoy he subido a un taxi que estaba escuchando The Wild Project. Mi cara al escuchar mi voz:",0,51903,1570,143,2022-03-24T15:28:47+00:00,2026-03-19T17:26:44.076856+00:00
https://x.com/JordiWild/status/1506379988433518606,"JordiWild","#wildcris
-Abuelo: Quién ha roto la ventana?
-Los primos:",0,2986,86,7,2022-03-22T21:19:11+00:00,2026-03-19T17:26:44.076856+00:00
https://x.com/JordiWild/status/1505653531289792523,"JordiWild","Xavi cogió a un equipo deprimido, triste y perdido. Unos meses después, el Barça ilusiona, marca goles con facilidad, presiona y juega bien.
¡Todos a la XAVINETA ya!",0,36455,2660,233,2022-03-20T21:12:30+00:00,2026-03-19T17:26:44.076856+00:00
https://x.com/JordiWild/status/1505644757770457089,"JordiWild","El Barça está en modo FULL XAVINETA",0,27042,1215,131,2022-03-20T20:37:38+00:00,2026-03-19T17:26:44.076856+00:00
https://x.com/JordiWild/status/1505602857390727177,"JordiWild","Yo este fin de semana en twitter",0,57688,3282,363,2022-03-20T17:51:08+00:00,2026-03-19T17:26:44.076856+00:00
https://x.com/JordiWild/status/1505563388738510851,"JordiWild","NUEVO VÍDEO
Toda la verdad sobre Jeffrey Epstein, sus abusos, su casas con cámaras, su isla privada, sus contactos, la lista... Y por supuesto la extrañísima muerte.
¡Vuelvo con fuerza al principal!",0,3719,155,82,2022-03-20T15:14:18+00:00,2026-03-19T17:26:44.076856+00:00
https://x.com/JordiWild/status/1505557515525771265,"JordiWild","En serio, ¿Qué os habéis tomado este fin de semana? Calmaros un poquito que ya estoy mayor para tanto show.",0,41272,944,303,2022-03-20T14:50:58+00:00,2026-03-19T17:26:44.076856+00:00
https://x.com/JordiWild/status/1505555620346449927,"JordiWild","AMIGOS Y AMIGAS
Hoy, después de un mes y medio, vuelvo al RINCÓN DE GIORGIO con un vídeazo de 40 minutos sobre Jeffrey Epstein. De mis mejores investigaciones/resúmenes de la vida de alguien.
¡Dadle mucho amor!

En minutos en mi canal ",0,22299,585,209,2022-03-20T14:43:26+00:00,2026-03-19T17:26:44.076856+00:00
https://x.com/JordiWild/status/1505272251624611849,"JordiWild","INTERNAUTAS coño hoy mirando unas fotos de cuándo papagiorgio era más joven aquí estoy con el amor de mi vida mi querida Juanita, qué hace 43 años qué estamos juntos y nos seguimos queriendo mucho esto es el cariño, respeto y confianza entre los dos, abuelas estoy marriet coño ",0,4482,132,46,2022-03-19T19:57:26+00:00,2026-03-19T17:26:44.076856+00:00
https://x.com/JordiWild/status/1504920406981070851,"JordiWild","ELDEN RING finalizado.
Domingo nuevo vídeo en El Rincón de Giorgio ",0,10449,133,93,2022-03-18T20:39:19+00:00,2026-03-19T17:26:44.076856+00:00
https://x.com/JordiWild/status/1504854835673419781,"JordiWild","TWITTER QUÉ COJONES PASA AQUÍ",0,13797,442,287,2022-03-18T16:18:46+00:00,2026-03-19T17:26:44.076856+00:00
https://x.com/JordiWild/status/1504840264350900227,"JordiWild","La última vez que participé de un acto sexual yo era el espermatozoide",0,48007,4905,207,2022-03-18T15:20:52+00:00,2026-03-19T17:26:44.076856+00:00
https://x.com/JordiWild/status/1504487362583310338,"JordiWild","NUEVO PODCAST
En uno de los podcast más duros hasta el momento, Pablo Salum 
@LEYANTISECTAS
 me visita para contarme su terrible historia, de como se escapó de la secta en la que su familia aún está. De visión obligada.

https://
youtu.be/khJeCzG2u1c",0,1460,111,22,2022-03-17T15:58:33+00:00,2026-03-19T17:26:44.076856+00:00
https://x.com/JordiWild/status/1504163514985984006,"JordiWild","El cerebro del que ha diseñado los mapas en Elden Ring.",0,22512,909,174,2022-03-16T18:31:42+00:00,2026-03-19T17:26:44.076856+00:00
https://x.com/JordiWild/status/1503755963857313794,"JordiWild","NUEVO PODCAST
Tertulia en el proyecto salvaje del wild comentando las noticias más interesantes de las últimas semanas. ¡Se os quiere!",0,1573,47,29,2022-03-15T15:32:14+00:00,2026-03-19T17:26:44.076856+00:00
https://x.com/JordiWild/status/1503118637334470664,"JordiWild","Willy y Staxx jugando COD de nuevo es lo único que puede salvar al mundo de la destrucción.",0,54286,2824,101,2022-03-13T21:19:44+00:00,2026-03-19T17:26:44.076856+00:00
https://x.com/JordiWild/status/1502519094842638339,"JordiWild","Luka Doncic es el mejor jugador de la NBA a día de hoy. Y no admito discusión.",0,11220,513,529,2022-03-12T05:37:22+00:00,2026-03-19T17:26:44.076856+00:00
https://x.com/JordiWild/status/1502288617414316035,"JordiWild","HOLA BUENAS TARDES FELIS VIERNES AMIGOS",0,13168,356,161,2022-03-11T14:21:32+00:00,2026-03-19T17:26:44.076856+00:00
https://x.com/JordiWild/status/1502006615029030918,"JordiWild","Me encanta este 
@toninievas
, aunque tenga pinta de psycho killer de los 70. Muy recomendable su programa de entrevistas, además es colega, echadle un vistacillo. Es como The Wild Project pero con 4 tripis de más.",0,720,13,5,2022-03-10T19:40:57+00:00,2026-03-19T17:26:44.076856+00:00
https://x.com/JordiWild/status/1501943385627582467,"JordiWild","NUEVO PODCAST
Arturo Pérez-Reverte me visita para un podcast muy especial. Spoiler: es un crack y alguien que os va a sorprender.

https://
youtu.be/-K329j0iN5o",0,2427,289,90,2022-03-10T15:29:42+00:00,2026-03-19T17:26:44.076856+00:00
https://x.com/JordiWild/status/1501690610390122501,"JordiWild","PSG
Paquetes
Sin
Ganar",0,20813,966,161,2022-03-09T22:45:16+00:00,2026-03-19T17:26:44.076856+00:00
https://x.com/JordiWild/status/1501647466898276352,"JordiWild","En mi época, para hacerte el chulo tenías que fumar.
Hoy en día, para hacerte el culo tienes que decir que juegas a Elden Ring.",0,29936,1047,398,2022-03-09T19:53:50+00:00,2026-03-19T17:26:44.076856+00:00
https://x.com/JordiWild/status/1501407075758489604,"JordiWild","",0,18047,608,66,2022-03-09T03:58:36+00:00,2026-03-19T17:26:44.076856+00:00
https://x.com/JordiWild/status/1501227786161508352,"JordiWild","NUEVO PODCAST
Tertulia repleta de noticias interesantes 
¡¡Todo el mundo a verlo!!",0,1312,49,34,2022-03-08T16:06:10+00:00,2026-03-19T17:26:44.076856+00:00
https://x.com/JordiWild/status/1501207441316495363,"JordiWild","El Xokas es nuestro padre, y no hay más que hablar.",0,39024,1771,262,2022-03-08T14:45:19+00:00,2026-03-19T17:26:44.076856+00:00
https://x.com/JordiWild/status/1500524628942508042,"JordiWild","¡TODOS A LA XAVINETA, RÁPIDO QUE NO ESPERA!",0,26807,1051,243,2022-03-06T17:32:04+00:00,2026-03-19T17:26:44.076856+00:00
https://x.com/JordiWild/status/1500144374814068746,"JordiWild","Después de ver la follada de Residente a Balvin creo que me abstendré del sexo durante meses. He quedado lleno.",0,45564,1911,215,2022-03-05T16:21:04+00:00,2026-03-19T17:26:44.076856+00:00
https://x.com/JordiWild/status/1499521135318380546,"JordiWild","Oye 
@IbaiLlanos
 hemos hackeado Youtube",0,31398,607,107,2022-03-03T23:04:33+00:00,2026-03-19T17:26:44.076856+00:00
https://x.com/JordiWild/status/1499406545523777549,"JordiWild","NUEVO PODCAST
Segunda parte de la visita de 
@IbaiLlanos
 al Wild Project, en este caso centrada en su propia vida. ¡Una maravilla!

https://
youtu.be/ls0jdo2vSVY",0,2386,79,25,2022-03-03T15:29:12+00:00,2026-03-19T17:26:44.076856+00:00
https://x.com/JordiWild/status/1499092283483987970,"JordiWild","Hola hermosuras,
Estoy buscando editores para hacer clips del podcast para tik tok, facebook e instagram, si tenéis experiencia comprobable (con reel) y queréis trabajar conmigo, enviad mail con info y CV a trabajo@jordiwild.com
Remunerado por supuesto.",0,10372,305,171,2022-03-02T18:40:26+00:00,2026-03-19T17:26:44.076856+00:00
https://x.com/JordiWild/status/1498695235303620608,"JordiWild","Hoy me siento muy bien en el podcast ayudando a streamers pequeños como Ibai a que sean un poco más conocidos.",0,42829,932,243,2022-03-01T16:22:43+00:00,2026-03-19T17:26:44.076856+00:00
https://x.com/JordiWild/status/1498683539847532544,"JordiWild","NUEVO PODCAST

@IbaiLlanos
 se vino al The Wild Project para un doble episodio especial. Hoy, la tertulia como cada semana, donde ambos analizaremos los temas más interesantes de los últimos días.",0,6755,258,39,2022-03-01T15:36:14+00:00,2026-03-19T17:26:44.076856+00:00
https://x.com/JordiWild/status/1498053881032581135,"JordiWild","Qué pena que Xavi no viniera hace meses…",0,28850,1060,185,2022-02-27T21:54:12+00:00,2026-03-19T17:26:44.076856+00:00
https://x.com/JordiWild/status/1498051859248033796,"JordiWild","Me gustaría poder traeros bromas, salseos o novedades, pero es que todo mi fin de semana me lo he pasado dentro del culo de ELDEN RING. Y lo que me queda…",0,9866,137,71,2022-02-27T21:46:10+00:00,2026-03-19T17:26:44.076856+00:00
https://x.com/JordiWild/status/1497690103740866562,"JordiWild","Papagiorgiorex777",0,6709,122,31,2022-02-26T21:48:41+00:00,2026-03-19T17:26:44.076856+00:00
https://x.com/JordiWild/status/1497561665566564352,"JordiWild","esto qué mierda es me quiero pegar un tiro en los cojones",0,159172,6698,2036,2022-02-26T13:18:19+00:00,2026-03-19T17:26:44.076856+00:00
https://x.com/JordiWild/status/1496935084963807233,"JordiWild","El podcast con Nacho Vidal ha sido la polla la verdad.",0,24048,399,225,2022-02-24T19:48:30+00:00,2026-03-19T17:26:44.076856+00:00
https://x.com/JordiWild/status/1496876869383340045,"JordiWild","NUEVO PODCAST
El The Wild Project con mayo envergadura hasta el momento, sin duda. Nacho Vidal in da haus.",0,2150,51,45,2022-02-24T15:57:10+00:00,2026-03-19T17:26:44.076856+00:00
https://x.com/JordiWild/status/1496866991357014020,"JordiWild","Por si aca",0,86497,6753,582,2022-02-24T15:17:55+00:00,2026-03-19T17:26:44.076856+00:00
https://x.com/JordiWild/status/1496847694895230979,"JordiWild","Rusia y Ucrania:",0,40214,2657,195,2022-02-24T14:01:15+00:00,2026-03-19T17:26:44.076856+00:00
https://x.com/JordiWild/status/1496613212946677763,"JordiWild","Maldito Miyazaki hijo de puta lo has vuelto a hacer…",0,6698,274,44,2022-02-23T22:29:30+00:00,2026-03-19T17:26:44.076856+00:00
https://x.com/JordiWild/status/1496200737755385863,"JordiWild","Doy 4 bitcoins y un beso en el medio del culo a quien me dé una key anticipada del ELDEN RING para poder jugar YA",0,18986,320,207,2022-02-22T19:10:28+00:00,2026-03-19T17:26:44.076856+00:00
https://x.com/JordiWild/status/1496146865464786948,"JordiWild","NUEVO PODCAST
La tertulia de la semana en The Wild Project. Análisis de la velada de Ibai y mucho más 

https://
youtu.be/HRuY_3ZbJ7k",0,1364,43,27,2022-02-22T15:36:24+00:00,2026-03-19T17:26:44.076856+00:00
https://x.com/JordiWild/status/1495522636230705153,"JordiWild","Jagger va a ganar los 5 combates.",0,31338,770,103,2022-02-20T22:15:56+00:00,2026-03-19T17:26:44.076856+00:00
https://x.com/JordiWild/status/1495514501969584128,"JordiWild","Mañana analizaré LA VELADA DEL AÑO 2 en The Wild Project, y en unos días tendréis algo muy especial junto a mi querido 
@IbaiLlanos
.
Tened paciencia que os encantará ",0,21247,428,71,2022-02-20T21:43:37+00:00,2026-03-19T17:26:44.076856+00:00
https://x.com/JordiWild/status/1495498577602392065,"JordiWild","¡Desde ya Paracetamor VS Ari el puto MAIN EVENT de la velada!",0,43186,916,184,2022-02-20T20:40:20+00:00,2026-03-19T17:26:44.076856+00:00
https://x.com/JordiWild/status/1495427720557342726,"JordiWild","Ya sabéis que no soy demasiado de superhéroes, pero PEACEMAKER me ha ENCANTADO. La bso es brutal si te gusta el hard rock y acaba siendo una comedia loca con nazis y ciencia ficción.
Encima cuando toca el drama lo hace con gusto.
¡Un 10!
Ah, y John Cena es la polla.",0,15504,726,151,2022-02-20T15:58:46+00:00,2026-03-19T17:26:44.076856+00:00
https://x.com/JordiWild/status/1519786794191147009,"JordiWild","No hagáis ver que estáis preocupados por lo de Whatsapp, que no os escribe ni el tato.",0,20563,1245,228,2022-04-28T21:13:02+00:00,2026-03-19T17:26:14.084409+00:00
https://x.com/JordiWild/status/1519698327801053186,"JordiWild","Mino Raiola revive más veces que Krilin.",0,7346,226,39,2022-04-28T15:21:30+00:00,2026-03-19T17:26:14.084409+00:00
https://x.com/JordiWild/status/1519692744406757383,"JordiWild","NUEVO PODCAST

@JaSantaolalla
 y yo 3 horas hablando del Universo, de física, de la velocidad de la luz, del sentido de la vida... y de pirulas. ¿Quién da más? No os lo perdáis porque es una maravilla.",0,2977,150,50,2022-04-28T14:59:19+00:00,2026-03-19T17:26:14.084409+00:00
https://x.com/JordiWild/status/1519480247959314439,"JordiWild","NO AUTORIZO

No autorizo a que no me beséis ahora mismo, bribones.",0,11739,332,90,2022-04-28T00:54:56+00:00,2026-03-19T17:26:14.084409+00:00
https://x.com/JordiWild/status/1519383145220644867,"JordiWild","Eres un cabrón Tiparraco, y me debes dinerito.",0,1857,32,14,2022-04-27T18:29:05+00:00,2026-03-19T17:26:14.084409+00:00
https://x.com/JordiWild/status/1519057497222529024,"JordiWild","Lo bueno es que ahora todo el mundo piensa que el Madrid va a llegar a la final, y eso es lo que hará que el City les meta un saco de goles.
Guardad tweet.",0,18883,1232,990,2022-04-26T20:55:04+00:00,2026-03-19T17:26:14.084409+00:00
https://x.com/JordiWild/status/1519050679792377861,"JordiWild","Lo del Madrid no tiene ningún puto sentido, a ver si con suerte el City les mete 30 goles (y aún así serían capaces de remontar).",0,10404,323,115,2022-04-26T20:27:59+00:00,2026-03-19T17:26:14.084409+00:00
https://x.com/JordiWild/status/1519039091958063107,"JordiWild","Benzema eres muy pesao",0,20501,603,141,2022-04-26T19:41:56+00:00,2026-03-19T17:26:14.084409+00:00
https://x.com/JordiWild/status/1518992594801414145,"JordiWild","Hola 
@QuantumFracture
 te acuerdas de mí¿? ¿Cuándo me vienes a ver? Besos ",0,14299,207,94,2022-04-26T16:37:10+00:00,2026-03-19T17:26:14.084409+00:00
https://x.com/JordiWild/status/1518955034507198464,"JordiWild","NUEVO PODCAST
Mi hermano 
@JaSantaolalla
 vuelve a The Wild Project para un doble episodio, hoy tertulia y jueves Especial Ciencia con él. ¡Viejos sabrosos al poder!",0,3837,156,64,2022-04-26T14:07:55+00:00,2026-03-19T17:26:14.084409+00:00
https://x.com/JordiWild/status/1518730466769133574,"JordiWild","ELON MUSK HOLA TE QUIERO",0,30648,963,158,2022-04-25T23:15:34+00:00,2026-03-19T17:26:14.084409+00:00
https://x.com/JordiWild/status/1518338175000887296,"JordiWild","",0,18927,659,114,2022-04-24T21:16:44+00:00,2026-03-19T17:26:14.084409+00:00
https://x.com/JordiWild/status/1518310071041671169,"JordiWild","Me encantaría traer al podcast a 
@nayibbukele
, presidente de El Salvador y alguien que creo que podría dar mucho juego, de los pocos políticos que creo que se mojaría.
Invitación formal hecha ",0,31034,1874,723,2022-04-24T19:25:04+00:00,2026-03-19T17:26:14.084409+00:00
https://x.com/JordiWild/status/1518256229570826243,"JordiWild","Twitter hoy en día:
- 30% conflicto y hate por cualquier tema
- 20% dramas personales y quejas del estado de ánimo
- 49% memes
- 1% porno tan duro que ni en xvideos",0,27629,1859,227,2022-04-24T15:51:07+00:00,2026-03-19T17:26:14.084409+00:00
https://x.com/JordiWild/status/1518251309119512576,"JordiWild","HOLA BUENAS TARDES A TODOS OS QUIERO ADIOS",0,6964,151,77,2022-04-24T15:31:34+00:00,2026-03-19T17:26:14.084409+00:00
https://x.com/JordiWild/status/1517955749795745792,"JordiWild","Hoy es el santo de vuestros padres",0,13822,193,62,2022-04-23T19:57:07+00:00,2026-03-19T17:26:14.084409+00:00
https://x.com/JordiWild/status/1517927361555177475,"JordiWild","",0,12516,553,61,2022-04-23T18:04:19+00:00,2026-03-19T17:26:14.084409+00:00
https://x.com/JordiWild/status/1517923085424508929,"JordiWild","Sabes que vives la vida intensamente si el emoji que más usas es este: ",0,8813,230,212,2022-04-23T17:47:19+00:00,2026-03-19T17:26:14.084409+00:00
https://x.com/JordiWild/status/1517919820825731072,"JordiWild","Una de las cosas que más me está flipando del juicio entre Johnny Depp y Amber Heard es que ella literalmente replica los looks de él al día siguiente. ",0,10865,1767,264,2022-04-23T17:34:21+00:00,2026-03-19T17:26:14.084409+00:00
https://x.com/JordiWild/status/1517241975803719683,"JordiWild","Lo más grande que vais a ver hoy",0,32422,1582,305,2022-04-21T20:40:50+00:00,2026-03-19T17:26:14.084409+00:00
https://x.com/JordiWild/status/1517150104834113537,"JordiWild","NUEVO PODCAST
Un ex-miembro de las Fuerzas Especiales me visita para un podcast donde escucharéis algunas historias absolutamente increíbles, duras y terroríficas. Su entreno inhumano, su lucha contra los narcos... ¡No os lo podéis perder!",0,2470,104,52,2022-04-21T14:35:46+00:00,2026-03-19T17:26:14.084409+00:00
https://x.com/JordiWild/status/1516931401937035264,"JordiWild","Quisiera ser una mosca para posarme en tu piel.",0,20914,1237,287,2022-04-21T00:06:44+00:00,2026-03-19T17:26:14.084409+00:00
https://x.com/JordiWild/status/1516780408591032322,"JordiWild","Si tenéis problemas para ver mis vídeos en app por culpa de que se os haya puesto solo el MODO RESTRINGIDO, reiniciad el router y, en teoría, vuelve a la normalidad. También podéis quitar el wifi y volver a ponerlo.
Parece ser que es culpa de Vodafone…",0,3466,54,46,2022-04-20T14:06:44+00:00,2026-03-19T17:26:14.084409+00:00
https://x.com/JordiWild/status/1516432732020162568,"JordiWild","NUEVO PODCAST
Tertulia para hablar de las cositas que han pasado en los últimos días, ¡No os lo podéis perder!",0,1264,47,19,2022-04-19T15:05:11+00:00,2026-03-19T17:26:14.084409+00:00
https://x.com/JordiWild/status/1516247419930951683,"JordiWild","Me explica alguien por qué ahora el xokas es futbolista del Cádiz",0,9069,560,122,2022-04-19T02:48:50+00:00,2026-03-19T17:26:14.084409+00:00
https://x.com/JordiWild/status/1515796589138300933,"JordiWild","Madrid qué pesao eres",0,20569,532,242,2022-04-17T20:57:23+00:00,2026-03-19T17:26:14.084409+00:00
https://x.com/JordiWild/status/1514750282806304770,"JordiWild","¿Seguís subidos en la XAVINETA?",0,1955,110,299,2022-04-14T23:39:44+00:00,2026-03-19T17:26:14.084409+00:00
https://x.com/JordiWild/status/1514705241085722631,"JordiWild","Cosas seguras de nuestra era:
- Xokas tendrá liada semanal
- Willy venderá algún nft
- Jordi Wild irá en tirantes
- El Barça hará el ridículo en Europa",0,22615,858,134,2022-04-14T20:40:45+00:00,2026-03-19T17:26:14.084409+00:00
https://x.com/JordiWild/status/1514702018576896013,"JordiWild","A ver, que no os estáis enterando, el Barça no quiere ganar un título tan poco importante como la Europa League. No es digno de nosotros, y ya está.",0,14310,747,382,2022-04-14T20:27:57+00:00,2026-03-19T17:26:14.084409+00:00
https://x.com/JordiWild/status/1514696178201468929,"JordiWild","Hoy la Xavineta va sin gasolina.",0,25059,882,274,2022-04-14T20:04:45+00:00,2026-03-19T17:26:14.084409+00:00
https://x.com/JordiWild/status/1514611788838408207,"JordiWild","NUEVO PODCAST
Aquí no se descansa por Semana Santa, y os traigo un podcast brutal con Gervasio Deferr 
@gervideferr
 con el que hablaremos de sus increíbles éxitos, pero también de sus momentos más bajos, las drogas el alcohol y la mala vida.",0,959,48,23,2022-04-14T14:29:25+00:00,2026-03-19T17:26:14.084409+00:00
https://x.com/JordiWild/status/1514609217260335111,"JordiWild","Solo los OG entienden la referencia",0,6876,276,97,2022-04-14T14:19:12+00:00,2026-03-19T17:26:14.084409+00:00
https://x.com/JordiWild/status/1513997245468790786,"JordiWild","Lo del Madrid no tiene explicación.",0,20361,512,322,2022-04-12T21:47:26+00:00,2026-03-19T17:26:14.084409+00:00
https://x.com/JordiWild/status/1513987425747546119,"JordiWild","A ver si algún día entiendo como el Madrid puede jugar tan mal y acabar ganando casi siempre igual.",0,35119,2385,789,2022-04-12T21:08:25+00:00,2026-03-19T17:26:14.084409+00:00
https://x.com/JordiWild/status/1513979701953548293,"JordiWild","Me cago en dios",0,15400,499,297,2022-04-12T20:37:43+00:00,2026-03-19T17:26:14.084409+00:00
https://x.com/JordiWild/status/1513979284599279619,"JordiWild","No me atrevo aún a reírme del Madrid para no gafar al Chelsea",0,14515,330,329,2022-04-12T20:36:04+00:00,2026-03-19T17:26:14.084409+00:00
https://x.com/JordiWild/status/1513890675783262211,"JordiWild","NUEVO PODCAST
Retorna la tertulia al Wild Project, todo el mundo a verlo que hay muchos temitas interesantes ",0,1521,30,36,2022-04-12T14:43:58+00:00,2026-03-19T17:26:14.084409+00:00
https://x.com/JordiWild/status/1513210176702136320,"JordiWild","Lo siento pero Kingdom Hearts 4 me da una pereza extrema. Saturado quedé de tíos encapuchados y con cremalleras filosofando para acabar diciendo que son muy malos porque el mundo les ha hecho así.
Nomura vete a dormir un rato por favor.",0,7640,272,179,2022-04-10T17:39:54+00:00,2026-03-19T17:26:14.084409+00:00
https://x.com/JordiWild/status/1512072180900659204,"JordiWild","NUEVO PODCAST
¡Vuelve la SIENSIA a The Wild Project!

@ldobartra
 me visita para charlar del Universo, de extraterrestres y de su libro Luna de Plutón. ¡Todos a verlo mis panas!

https://
youtu.be/t9UJYI89NZs",0,2296,124,62,2022-04-07T14:17:55+00:00,2026-03-19T17:26:14.084409+00:00
https://x.com/JordiWild/status/1511750463712116737,"JordiWild","La gripe ha sido intensa pero corta, ya hoy me encuentro de puta madre por lo que grabaré podcast para que mañana tengáis vuestra dosis semanal del Proyecto Salvaje.
Volvemos a la ciencia con una de las leyendas de la divulgación en español... no os digo más ",0,9868,145,106,2022-04-06T16:59:32+00:00,2026-03-19T17:26:14.084409+00:00
https://x.com/JordiWild/status/1511425360117837825,"JordiWild","",0,48401,3595,358,2022-04-05T19:27:41+00:00,2026-03-19T17:26:14.084409+00:00
https://x.com/JordiWild/status/1511365885805711364,"JordiWild","Hoy cumple años AKIRA TORIYAMA, creador de Dr. Slump.",0,21081,466,197,2022-04-05T15:31:21+00:00,2026-03-19T17:26:14.084409+00:00
https://x.com/JordiWild/status/1511022155047317512,"JordiWild","Tengo muchas ganas de hacer un podcast de ciencia y curiosidades (cualquier tipo), ¿me recomendáis a alguien muy top y que se exprese bien?
Da igual España o LATAM.",0,27965,429,2870,2022-04-04T16:45:29+00:00,2026-03-19T17:26:14.084409+00:00
https://x.com/JordiWild/status/1511012825128476678,"JordiWild","Mucho cachondeo con la guerra del mural de reddit hasta que el primer país lance un misil.",0,21067,598,107,2022-04-04T16:08:25+00:00,2026-03-19T17:26:14.084409+00:00
https://x.com/JordiWild/status/1510722937774616587,"JordiWild","Se habla mucho de Haaland y Mbappé, pero cuánto valdría Pedri hoy si se pusiera a la venta…",0,28951,950,582,2022-04-03T20:56:30+00:00,2026-03-19T17:26:14.084409+00:00
https://x.com/JordiWild/status/1510717881461395460,"JordiWild","Este tweet es simplemente para recordaros que Pedri tiene tan solo 19 años.",0,32392,1422,161,2022-04-03T20:36:25+00:00,2026-03-19T17:26:14.084409+00:00
https://x.com/JordiWild/status/1510650399543513089,"JordiWild","Malas noticias
Esta semana no va a haber Tertulia en The Wild Project porque estoy con un gripazo espectacular (de momento no es covid), y ya veremos si hay 1vs1...
Una pena porque esta semana venía todo un capo de internet, y ahí dejo la pista.
¡Ya os voy informando amores!",0,10767,185,201,2022-04-03T16:08:16+00:00,2026-03-19T17:26:14.084409+00:00
https://x.com/JordiWild/status/1509954956060676111,"JordiWild","La JORDINETA ya ha llegado",0,21847,691,254,2022-04-01T18:04:49+00:00,2026-03-19T17:26:14.084409+00:00
https://x.com/JordiWild/status/1509941712420061189,"JordiWild","Para los que os mola el tema extraterrestre, interesantísimo vídeo de mi tertuliano 
@fugastronautica
 con mi aparición estelar como gran experto mundial en el tema ",0,1236,35,10,2022-04-01T17:12:12+00:00,2026-03-19T17:26:14.084409+00:00
https://x.com/JordiWild/status/1509531745028239370,"JordiWild","Lo siento amigos, pero no votar Die Hard (La Jungla de Cristal en ESPAÑITA) es un crimen contra la humanidad",0,1914,45,86,2022-03-31T14:03:08+00:00,2026-03-19T17:26:14.084409+00:00
https://x.com/JordiWild/status/1509530137968082955,"JordiWild","NUEVO PODCAST

@3gerardpique
 se viene al Project y me cuenta algunas historias dignas de American Pie 6. Es para quererlo ",0,10112,652,161,2022-03-31T13:56:45+00:00,2026-03-19T17:26:14.084409+00:00
https://x.com/JordiWild/status/1509316764580077577,"JordiWild","Noticias muy trágicas, Bruce Willis, uno de los grandes, se retira por una enfermedad degenerativa: afasia.
Hagamos un homenaje recordando su brutal carrera.
¿Cuál es su mejor película? (Solo caben cuatro menciones)",0,4088,191,281,2022-03-30T23:48:53+00:00,2026-03-19T17:26:14.084409+00:00
https://x.com/JordiWild/status/1509159578990264321,"JordiWild","Cuando pienso que en el especial THE WILD PROJECT 150 voy a estar 25 horas seguidas de podcast en directo me dan ganas de retirarme en el 149.",0,24044,399,241,2022-03-30T13:24:17+00:00,2026-03-19T17:26:14.084409+00:00
https://x.com/JordiWild/status/1508896314628661252,"JordiWild","Hay dos grandes tipos de persona en el mundo: los que escriben jaja y los que escriben haha",0,37881,1419,1243,2022-03-29T19:58:10+00:00,2026-03-19T17:26:14.084409+00:00
https://x.com/JordiWild/status/1508840288936206339,"JordiWild","INTERNAUTAS Muchas gracias, ya me estoy recuperando a la espera que me operen NAUR preocuparse estoy como un toro coño jajajaja ",0,52859,1469,904,2022-03-29T16:15:32+00:00,2026-03-19T17:26:14.084409+00:00
https://x.com/JordiWild/status/1508817564620800014,"JordiWild","NUEVO PODCAST
La tertulia como cada semana con las noticias más interesantes. Will Smith, gracias por todo.",0,1894,66,26,2022-03-29T14:45:14+00:00,2026-03-19T17:26:14.084409+00:00
https://x.com/JordiWild/status/1508301635193241608,"JordiWild","¿Oscars, esto que es? Yo he venido a hostiar.",0,29797,827,233,2022-03-28T04:35:07+00:00,2026-03-19T17:26:14.084409+00:00
https://x.com/JordiWild/status/1533471943588216832,"JordiWild","RAFA NADAL ES EL PUTO PADRE DE ESPAÑA",0,19417,793,116,2022-06-05T15:32:56+00:00,2026-03-19T17:25:44.554612+00:00
https://x.com/JordiWild/status/1533451541407051776,"JordiWild","NUEVO VÍDEO
Lo prometido es deuda, regreso al RINCÓN DE GIORGIO con uno de los casos más bestias hasta el momento. Los Baksheev, la familia rusa caníbal que vendía la carne de sus víctimas...

https://
youtu.be/XKvK5I7wPmU",0,2587,120,44,2022-06-05T14:11:52+00:00,2026-03-19T17:25:44.554612+00:00
https://x.com/JordiWild/status/1533248747328659456,"JordiWild","Estos como mucho han destapado un bote de ketchup.

@TamayoStuff
 siempre en mi equipo ",0,5676,366,30,2022-06-05T00:46:02+00:00,2026-03-19T17:25:44.554612+00:00
https://x.com/JordiWild/status/1533149209528090624,"JordiWild","Mi gente, para los que preguntan, no estoy en el Partido de 
@DjMaRiiO
 como comentarista por tema Covid muy cercano, nada grave, al contrario, pero por si las moscas me quedo en casa.
¡Un abrazo y seguro que será un evento brutal!",0,14884,176,82,2022-06-04T18:10:30+00:00,2026-03-19T17:25:44.554612+00:00
https://x.com/JordiWild/status/1533060334738718721,"JordiWild","Se acerca una época en la que tener buena salud mental y estabilidad emocional será un lujo al alcance de muy pocos.",0,55910,6264,433,2022-06-04T12:17:21+00:00,2026-03-19T17:25:44.554612+00:00
https://x.com/JordiWild/status/1532520244006232081,"JordiWild","Yo me creé el canal para subir entero el gameplay de RESIDENT EVIL 4 REMAKE.
No os preocupéis que el año que viene lo tendréis en vuestro canal favorito (el mío).",0,13157,561,152,2022-06-03T00:31:13+00:00,2026-03-19T17:25:44.554612+00:00
https://x.com/JordiWild/status/1532378885345755138,"JordiWild","NUEVO PODCAST
Darma, ex Fase2, me visita para una charla sobre Japón, ese país que muchos adoramos pero muy pocos conocen de verdad. No os lo perdáis 

https://
youtu.be/Eggbv5pYhNE",0,1555,77,29,2022-06-02T15:09:31+00:00,2026-03-19T17:25:44.554612+00:00
https://x.com/JordiWild/status/1532338054731599877,"JordiWild","Este domingo regreso al RINCÓN DE GIORGIO, ya es oficial.
Vídeo sobre un caso terrorífico de hace unos pocos años, en Rusia, de una pareja que hacía... mejor no os hago spoiler.
¡Nos vemos el domingo!",0,12303,332,124,2022-06-02T12:27:16+00:00,2026-03-19T17:25:44.554612+00:00
https://x.com/JordiWild/status/1532086555438899201,"JordiWild","Johnny Depp ",0,90600,5123,292,2022-06-01T19:47:54+00:00,2026-03-19T17:25:44.554612+00:00
https://x.com/JordiWild/status/1532068684566757376,"JordiWild","La espera para el veredicto del juicio de Johnny Depp vs Amber Heard parece la final de un Mundial.
Yo digo Depp 4-2 con hat-trick de su abogado.",0,17702,633,118,2022-06-01T18:36:53+00:00,2026-03-19T17:25:44.554612+00:00
https://x.com/JordiWild/status/1531836392761872386,"JordiWild","Disney, ¿Puedes dejar de matar Star Wars? Gracias.",0,23956,1403,686,2022-06-01T03:13:50+00:00,2026-03-19T17:25:44.554612+00:00
https://x.com/JordiWild/status/1531707235352694786,"JordiWild","Tamayo somos todos nosotros intentando vivir dignamente.",0,5153,164,32,2022-05-31T18:40:37+00:00,2026-03-19T17:25:44.554612+00:00
https://x.com/JordiWild/status/1531647985792303109,"JordiWild","NUEVO PODCAST
Tertulia semanal en vuestro podcast favorito. Esta semana me toca hablar del Madrid de los huevos y su Champions número 16374479.

https://
youtu.be/edKeuCp5eVY",0,985,31,28,2022-05-31T14:45:11+00:00,2026-03-19T17:25:44.554612+00:00
https://x.com/JordiWild/status/1531605575754481665,"JordiWild","ME APETECE UN MONTÓN ESTA SEMANA VOLVER AL RINCÓN DE GIORGIO.
¿Os viene de gusto un vídeo con una historia real acojonante?",0,30184,574,735,2022-05-31T11:56:39+00:00,2026-03-19T17:25:44.554612+00:00
https://x.com/JordiWild/status/1531006115034673179,"JordiWild","Si solo pudiera borrar una cosa de la faz de la Tierra, sería el lip sync en tik tok e instagram.",0,10931,313,124,2022-05-29T20:14:37+00:00,2026-03-19T17:25:44.554612+00:00
https://x.com/JordiWild/status/1530673145597902850,"JordiWild","Ala madrid",0,14369,356,297,2022-05-28T22:11:31+00:00,2026-03-19T17:25:44.554612+00:00
https://x.com/JordiWild/status/1530663825191714820,"JordiWild","El Madrid ganando la Champions sin superar ni a un solo rival en juego es lo más surrealista del año.",0,80385,7228,4075,2022-05-28T21:34:28+00:00,2026-03-19T17:25:44.554612+00:00
https://x.com/JordiWild/status/1530661983560814592,"JordiWild","Ojalá el Liverpool se marque un Madrid.",0,8117,147,217,2022-05-28T21:27:09+00:00,2026-03-19T17:25:44.554612+00:00
https://x.com/JordiWild/status/1530656094036676611,"JordiWild","Objetivamente, por la épica y por las remontadas surrealistas, el Madrid se merece la Champions. No queda más que aceptarlo.",0,18585,735,222,2022-05-28T21:03:45+00:00,2026-03-19T17:25:44.554612+00:00
https://x.com/JordiWild/status/1530626623120232448,"JordiWild","Yo soy del Liverpool desde que nací.",0,23710,1258,439,2022-05-28T19:06:39+00:00,2026-03-19T17:25:44.554612+00:00
https://x.com/JordiWild/status/1530576228956180481,"JordiWild","Hoy hay algún partidillo de equipos amateurs, ¿no?",0,15469,291,272,2022-05-28T15:46:24+00:00,2026-03-19T17:25:44.554612+00:00
https://x.com/JordiWild/status/1529859287807365125,"JordiWild","NUEVO PODCAST
Uno de los fundadores de Globalia, visita The Wild Project para explicar como se hizo millonario de la nada y como logró un imperio de 18mil trabajadores. ¡No te lo pierdas!",0,1103,35,39,2022-05-26T16:17:32+00:00,2026-03-19T17:25:44.554612+00:00
https://x.com/JordiWild/status/1529112972848771074,"JordiWild","NUEVO PODCAST
Nueva tertulia en The Wild Project, donde comentaremos el gran fichaje de Mbappé por parte del Madrid y mucho más ",0,1671,56,55,2022-05-24T14:51:56+00:00,2026-03-19T17:25:44.554612+00:00
https://x.com/JordiWild/status/1528088055223050240,"JordiWild","Lo de Mbappé es un ridículo histórico. Años dando por culo con su llegada para acabar renovando.
Al menos este año me llevo una alegría futbolística.",0,41585,2134,1116,2022-05-21T18:59:17+00:00,2026-03-19T17:25:44.554612+00:00
https://x.com/JordiWild/status/1527650848641363971,"JordiWild","Los únicos que nos pueden salvar el año a los culés son el Liverpool y la mamá de Mbappé.",0,39873,1811,626,2022-05-20T14:01:59+00:00,2026-03-19T17:25:44.554612+00:00
https://x.com/JordiWild/status/1527379485083017217,"JordiWild","Me encanta ",0,4176,78,15,2022-05-19T20:03:41+00:00,2026-03-19T17:25:44.554612+00:00
https://x.com/JordiWild/status/1527293051151990784,"JordiWild","NUEVO PODCAST
Oriol Junqueras me visita para un episodio muy chulo donde me explica su paso por la cárcel, sus motivos para la búsqueda de la independencia de Catalunya y mucho más.",0,2613,261,194,2022-05-19T14:20:13+00:00,2026-03-19T17:25:44.554612+00:00
https://x.com/JordiWild/status/1527098066913853441,"JordiWild","Espero que los japoneses hayan actualizado sus edificios anti-terremotos porque cuando Jagger y Bustamante se peleen el mundo temblará.",0,15239,360,73,2022-05-19T01:25:25+00:00,2026-03-19T17:25:44.554612+00:00
https://x.com/JordiWild/status/1527040996978089984,"JordiWild","Lo que nos faltaba para irnos a tomar por culo: la viruela del mono.",0,21233,853,185,2022-05-18T21:38:39+00:00,2026-03-19T17:25:44.554612+00:00
https://x.com/JordiWild/status/1526575841043423233,"JordiWild","NUEVO PODCAST
Como cada semana, la tertulia con las noticias más interesantes de la semana. Y sí, lo que queréis escuchar también. Puñeteros.",0,2132,64,47,2022-05-17T14:50:17+00:00,2026-03-19T17:25:44.554612+00:00
https://x.com/JordiWild/status/1526019550063599616,"JordiWild","A VER PODEMOS RECONOCER YA A LUKA DONCIC COMO MEJOR JUGADOR DE LA NBA POR FAVOR",0,18864,927,382,2022-05-16T01:59:47+00:00,2026-03-19T17:25:44.554612+00:00
https://x.com/JordiWild/status/1525854096678322176,"JordiWild","Acabo de ver el vídeo de un psicópata entrando armado a un supermercado en USA disparando y matando a todo aquel que se encontrara, mientras retransmitía la matanza en vivo en Twitch… En qué época más extraña y oscura nos ha tocado vivir.",0,102227,7298,2376,2022-05-15T15:02:20+00:00,2026-03-19T17:25:44.554612+00:00
https://x.com/JordiWild/status/1525610913771966466,"JordiWild","",0,10644,516,48,2022-05-14T22:56:00+00:00,2026-03-19T17:25:44.554612+00:00
https://x.com/JordiWild/status/1525598293174132744,"JordiWild","Si gana España es por mí y mi tweet anterior. De nada.",0,10647,142,56,2022-05-14T22:05:51+00:00,2026-03-19T17:25:44.554612+00:00
https://x.com/JordiWild/status/1525569019524403202,"JordiWild","De Eurovision solo me interesan los memes cuando España quede antepenúltima siendo favorita again.",0,17122,706,176,2022-05-14T20:09:32+00:00,2026-03-19T17:25:44.554612+00:00
https://x.com/JordiWild/status/1525235296366993410,"JordiWild","Mis bitcoins ahora mismo:",0,20597,633,124,2022-05-13T22:03:26+00:00,2026-03-19T17:25:44.554612+00:00
https://x.com/JordiWild/status/1524767978683781120,"JordiWild","NUEVO VÍDEO
Genio y figura. 
@LMDShow
 se viene al Wild Project para una charlaza de 12 horas sobre toda la existencia humana.",0,6877,427,64,2022-05-12T15:06:29+00:00,2026-03-19T17:25:44.554612+00:00
https://x.com/JordiWild/status/1524566536597524480,"JordiWild","Frenkie de Jong cuando vaya a cualquier otro equipo:",0,26751,761,142,2022-05-12T01:46:02+00:00,2026-03-19T17:25:44.554612+00:00
https://x.com/JordiWild/status/1524476155054759937,"JordiWild","Mis dos calvos favoritos ",0,1205,31,4,2022-05-11T19:46:53+00:00,2026-03-19T17:25:44.554612+00:00
https://x.com/JordiWild/status/1524404985697640448,"JordiWild","Hoy es el cumpleaños del padre de todos, 69 años… gran edad.
¡Todo el mundo a felicitarle!
Te quiero papi ",0,38695,1102,558,2022-05-11T15:04:05+00:00,2026-03-19T17:25:44.554612+00:00
https://x.com/JordiWild/status/1524023683785932800,"JordiWild","NUEVO PODCAST
Tertulia como cada semana con las noticias más interesantes. En este caso me acompaña mi amigo rata, y el legendario 
@Loulogio_Pi
. ¡No os lo perdáis!",0,1222,44,24,2022-05-10T13:48:55+00:00,2026-03-19T17:25:44.554612+00:00
https://x.com/JordiWild/status/1523167860448980992,"JordiWild","Canelo siempre en mi equipo",0,16024,344,133,2022-05-08T05:08:11+00:00,2026-03-19T17:25:44.554612+00:00
https://x.com/JordiWild/status/1523149332111044608,"JordiWild","De los mejores KOs de la historia
#UFC274",0,5401,214,81,2022-05-08T03:54:34+00:00,2026-03-19T17:25:44.554612+00:00
https://x.com/JordiWild/status/1523023281460326400,"JordiWild","El único equipo que tiene el derecho de ganar al Barça es mi Beti, el mejor equipo del universo.",0,9029,183,63,2022-05-07T19:33:41+00:00,2026-03-19T17:25:44.554612+00:00
https://x.com/JordiWild/status/1522610394208079872,"JordiWild","NOCHE ÉPICA
Tengo ganas de que llegue el podcast de martes para aburrir a mis tertulianos con el análisis de la velada durante media hora.",0,3596,85,122,2022-05-06T16:13:01+00:00,2026-03-19T17:25:44.554612+00:00
https://x.com/JordiWild/status/1522225487485063168,"JordiWild","¿Van a nominar los Oscars a Amber Heard por su gran interpretación en el juicio?",0,55830,3469,450,2022-05-05T14:43:32+00:00,2026-03-19T17:25:44.554612+00:00
https://x.com/JordiWild/status/1522220494497337348,"JordiWild","¡Hermosos!
¿Queréis conseguir una Ballantine’s x Moxxi’s Bar Edition?
Simplemente haced RT a este tweet y seguidme a mí y a 
@ballantines_ES
 #BallantinesxBorderlands.
No lo olvidéis, haz un consumo responsable con Moxxi: 
https://
youtu.be/aiZb_b-kg-A
#TweetPatrocinado",0,603,174,17,2022-05-05T14:23:42+00:00,2026-03-19T17:25:44.554612+00:00
https://x.com/JordiWild/status/1522216895407005696,"JordiWild","NUEVO PODCAST
Regresa Iker Jiménez a The Wild Project y no puedo estar más contento. Como siempre, un genio sin pelos en la lengua.",0,1411,67,43,2022-05-05T14:09:23+00:00,2026-03-19T17:25:44.554612+00:00
https://x.com/JordiWild/status/1521981232187326466,"JordiWild","Todos los culés ahora mismo.",0,16121,623,82,2022-05-04T22:32:57+00:00,2026-03-19T17:25:44.554612+00:00
https://x.com/JordiWild/status/1521970159031836672,"JordiWild","Quiero felicitar al Real Madrid por su Champions número 14. Hijos de puta.",0,40110,2222,618,2022-05-04T21:48:57+00:00,2026-03-19T17:25:44.554612+00:00
https://x.com/JordiWild/status/1521844804937781248,"JordiWild","Mañana el gran Iker Jiménez 
@navedelmisterio
 regresa a The Wild Project para un episodio ESPECTACULAR.
Ya veréis ya...",0,7956,295,133,2022-05-04T13:30:50+00:00,2026-03-19T17:25:44.554612+00:00
https://x.com/JordiWild/status/1521792191395418114,"JordiWild","Esta mañana nos encontramos esta maravilla de cartel y se nos ha ocurrido hacer un hilo para que entendáis por qué lo es y, de paso, conocéis algunos pufos donde el dinero del contribuyente podría haberse gastado mejor.",0,1500,558,22,2022-05-04T10:01:46+00:00,2026-03-19T17:25:44.554612+00:00
https://x.com/JordiWild/status/1521510049163747331,"JordiWild","NUEVO PODCAST
Como cada semana, la tertulia con las noticias más interesantes de los últimos días. ¡No os lo podéis perder!",0,975,34,23,2022-05-03T15:20:38+00:00,2026-03-19T17:25:44.554612+00:00
https://x.com/JordiWild/status/1554572065453346820,"JordiWild","Entro en Twitter después de bastante tiempo. Veo TERCERA GUERRA MUNDIAL. Cierro Twitter.",0,17929,646,107,2022-08-02T20:57:17+00:00,2026-03-19T17:25:14.473752+00:00
https://x.com/JordiWild/status/1553589046169010177,"JordiWild","¡¡Qué grande eres BRANDON MORENO!! 
#UFC277",0,7838,329,43,2022-07-31T03:51:07+00:00,2026-03-19T17:25:14.473752+00:00
https://x.com/JordiWild/status/1552421068840878082,"JordiWild","",0,15704,786,100,2022-07-27T22:30:00+00:00,2026-03-19T17:25:14.473752+00:00
https://x.com/JordiWild/status/1552033660098039810,"JordiWild","Contestad con un emoji lo que más os gusta/atrae de una persona físicamente.
Empiezo yo: ",0,18143,929,4776,2022-07-26T20:50:34+00:00,2026-03-19T17:25:14.473752+00:00
https://x.com/JordiWild/status/1551216568452915202,"JordiWild","Hay veces que cuando algo pequeño cae en el suelo entra en otra dimensión en el que nunca lo vas a encontrar. Aunque veas exactamente donde ha caído.",0,11971,447,129,2022-07-24T14:43:44+00:00,2026-03-19T17:25:14.473752+00:00
https://x.com/JordiWild/status/1550192272448299014,"JordiWild","Me hubiera encantado estar en la estrena de #RubiusX, ya sabéis que adoro a ese cabrón, pero estoy en la playita desconectando de (casi) todo y no he podido anular la reserva.
Todo lo bueno que le pase a 
@Rubiu5
 es merecido.
Mil ganas de ver el documental, me emocionaré seguro ",0,14431,353,46,2022-07-21T18:53:33+00:00,2026-03-19T17:25:14.473752+00:00
https://x.com/JordiWild/status/1549851117290508288,"JordiWild","O sea, me voy de vacaciones un tiempo y el mundo se vuelve completamente loco mientras.",0,12820,378,146,2022-07-20T20:17:55+00:00,2026-03-19T17:25:14.473752+00:00
https://x.com/JordiWild/status/1549782834373660673,"JordiWild","Hoy, final de temporada de la Taberna con Albert y con 
@motenai
. Como último programa hemos pensado en invitar a gente que está empezando en esto de hacer vídeos, así que vamos a tener a 
@JordiWild
. A las 22.30h aquí: 
https://
youtu.be/LRZdYU01FcE",0,1030,41,18,2022-07-20T15:46:35+00:00,2026-03-19T17:25:14.473752+00:00
https://x.com/JordiWild/status/1549754480538927105,"JordiWild","Esperando a las 8 de la tarde para dar un paseo sin tanto calor.
El paseo:",0,9922,386,59,2022-07-20T13:53:55+00:00,2026-03-19T17:25:14.473752+00:00
https://x.com/JordiWild/status/1548280001862045696,"JordiWild","El Barça ha pasado de tener que subir a un chaval del alevín D para poder completar la plantilla a fichar a Lewandowski y Raphinha a golpe de talonario.
Esto sí que es magia y no Harry Potter.",0,28189,1456,494,2022-07-16T12:14:52+00:00,2026-03-19T17:25:14.473752+00:00
https://x.com/JordiWild/status/1547977783783014400,"JordiWild","Netflix, por favor, deja de adaptar animes, videojuegos, y cualquier obra de ficción que exista. Gracias.

No miréis la nueva de Resident Evil, porque directamente es para pegarse un tiro.",0,21217,1249,626,2022-07-15T16:13:58+00:00,2026-03-19T17:25:14.473752+00:00
https://x.com/JordiWild/status/1546943443053731841,"JordiWild","Esto es lo mejor que he visto en muchos años",0,2868,161,67,2022-07-12T19:43:52+00:00,2026-03-19T17:25:14.473752+00:00
https://x.com/JordiWild/status/1546660232755044353,"JordiWild","Vale, ahora sí que se acaba el mundo.",0,15495,856,116,2022-07-12T00:58:29+00:00,2026-03-19T17:25:14.473752+00:00
https://x.com/JordiWild/status/1546117179195756550,"JordiWild","Si no has intentado hacer un Kamehameha junto a tus compañeros de colegio no has tenido infancia.",0,15446,823,220,2022-07-10T13:00:35+00:00,2026-03-19T17:25:14.473752+00:00
https://x.com/JordiWild/status/1546109437940744198,"JordiWild","Elon Musk al final no compra Twitter. ¿Nos reunimos los youtubers y streamers para comprarlo nosotros y convertirlo en un sitio de paz y amor?",0,19326,476,376,2022-07-10T12:29:49+00:00,2026-03-19T17:25:14.473752+00:00
https://x.com/JordiWild/status/1544747635306905600,"JordiWild","Pues a mí me parece ESPECTACULAR que muchos no metaleros hayan conocido a Metallica por Stranger Things y eso les consiga un público más joven y fan de otras músicas. Bravo por la serie.",0,31390,1488,310,2022-07-06T18:18:30+00:00,2026-03-19T17:25:14.473752+00:00
https://x.com/JordiWild/status/1541914251765452802,"JordiWild","Ghislaine Maxwell, amante y confidente de Jeffrey Epstein, sentenciada a 20 años de cárcel. Pocos me parecen.",0,12910,446,199,2022-06-28T22:39:39+00:00,2026-03-19T17:25:14.473752+00:00
https://x.com/JordiWild/status/1541791520902324224,"JordiWild","ÚLTIMO PODCAST ANTES DE VACACIONES
Tertulia final y me voy a rascarme los huevos un ratito. ¡No os la podéis perder!

https://
youtu.be/DHil4IJNLz8",0,2356,62,77,2022-06-28T14:31:58+00:00,2026-03-19T17:25:14.473752+00:00
https://x.com/JordiWild/status/1541140417256853504,"JordiWild","Os juro que Skrillex es un primo mío de Cuenca.",0,67189,948,162,2022-06-26T19:24:43+00:00,2026-03-19T17:25:14.473752+00:00
https://x.com/JordiWild/status/1541127206151274501,"JordiWild","Daros la noticia que mi padre ha sido operado hace poquitos días, de una hernia y de la vesícula (nada grave), que ya está en casa hecho un toro y que por fin de han acabado los médicos por una larga temporada.
Entrena duro Jagger, que el año que viene te lo envío ",0,37679,625,199,2022-06-26T18:32:13+00:00,2026-03-19T17:25:14.473752+00:00
https://x.com/JordiWild/status/1541072933023514625,"JordiWild","Al año que viene solo le pido un JAGGER VS LOGAN PAUL
La mayor batalla del bien contra el mal desde el Goku - Freezer.",0,64142,2598,745,2022-06-26T14:56:33+00:00,2026-03-19T17:25:14.473752+00:00
https://x.com/JordiWild/status/1540520679115726848,"JordiWild","El mejor combate, con diferencia, va a ser Momo - Viruzz. No tengo pruebas, pero tampoco dudas.",0,44916,1087,225,2022-06-25T02:22:06+00:00,2026-03-19T17:25:14.473752+00:00
https://x.com/JordiWild/status/1540073765727571972,"JordiWild","Para los que me preguntan:
No voy a poder estar como invitado en la maravillosa VELADA DEL AÑO de Ibai porque justo en ese momento, estoy casando a uno de mis mejores amigos. No es coña, surrealismo puro, pero feliz.
Me hubiera encantado estar... el año que viene SIN FALTA.",0,25903,357,186,2022-06-23T20:46:13+00:00,2026-03-19T17:25:14.473752+00:00
https://x.com/JordiWild/status/1539983831066869760,"JordiWild","NUEVO PODCAST
Dross y yo tenemos una charlita de horas hablando de todo, desde Buzz hasta Elden Ring, pasando por las IAs y peces. ¡No te lo pierdas!",0,3336,144,59,2022-06-23T14:48:51+00:00,2026-03-19T17:25:14.473752+00:00
https://x.com/JordiWild/status/1539557828368732161,"JordiWild","Una de las cosas más bonitas de The Wild Project es la familia tan bonita que he creado, donde además de hacer un producto, somos amigos y nos llevamos de diez. Este dibujo que me regaló el gran 
@TheAutenticoOne
 lo muestra 
Buscad todos los detalles...
Gracias 
@Olierart",0,10636,546,110,2022-06-22T10:36:04+00:00,2026-03-19T17:25:14.473752+00:00
https://x.com/JordiWild/status/1538631814557966341,"JordiWild","Número 1, 2 y 3 de Tendencias en Youtube 
Gracias a todos los que habéis estado en la absoluta locura que ha sido el THE WILD PROJECT 25 horas en directo, he sobrevivido y no puedo estar más orgulloso.",0,19088,684,234,2022-06-19T21:16:25+00:00,2026-03-19T17:25:14.473752+00:00
https://x.com/JordiWild/status/1538161783730540544,"JordiWild","25 HORAS EN DIRECTO EN THE WILD PROJECT - PODCAST RÉCORD MUNDIAL",0,2933,246,98,2022-06-18T14:08:41+00:00,2026-03-19T17:25:14.473752+00:00
https://x.com/JordiWild/status/1538154359502123009,"JordiWild","YA EMPIEZA ESTO, 25 HORAS EN DIRECTO!

https://
youtu.be/f4jHskFLmJU",0,6323,279,82,2022-06-18T13:39:11+00:00,2026-03-19T17:25:14.473752+00:00
https://x.com/JordiWild/status/1537900971400998914,"JordiWild","He resubido el tweet porque me había equivocado de hora, es a las 16h (4pm) hora española, y no a las 5pm.

OS QUIERO.",0,1884,24,16,2022-06-17T20:52:19+00:00,2026-03-19T17:25:14.473752+00:00
https://x.com/JordiWild/status/1537900464024342528,"JordiWild","¡DEJEMOS EL DRAMA!
Este sábado 18 de Junio a las 4pm (hora española) comienza en The Wild Project un RETO de locos: 25 horas en directo de podcast. Con:
- EL DEBATE
- Tertulia
- Terror y Ouija en directo
- Mesa de ciencia
- Tamayo stories
- Más...
El link:",0,4284,232,60,2022-06-17T20:50:18+00:00,2026-03-19T17:25:14.473752+00:00
https://x.com/JordiWild/status/1537814089526829057,"JordiWild","En resumen, creo que la idea de un debate entre un capitalista y un comunista (SEAN LOS QUE SEAN) es algo muy bonito, y voy a intentar que sea entretenido y que sirva para conocer más de ambas posturas.
Y si no os gusta, no estáis obligarlo a verlo.",0,12460,322,282,2022-06-17T15:07:04+00:00,2026-03-19T17:25:14.473752+00:00
https://x.com/JordiWild/status/1537810937654267904,"JordiWild","Twitter:
- Traigo a un comunista militante (el que sea)
Hate: es un garrulo, se lo van a comer

- Traigo a un comunista teórico (el que sea)
Hate: ese no es comunista de verdad, postureo, solo lee libros

Stop amargura
Y tranquilos, va a haber más debates con diferentes perfiles.",0,7064,200,166,2022-06-17T14:54:33+00:00,2026-03-19T17:25:14.473752+00:00
https://x.com/JordiWild/status/1537800290925256704,"JordiWild","Diego Ruzzarin estaba invitado y no ha podido venir por agenda (pero participará virtualmente). Armesilla me parece un crack y me encantaría tenerlo en un podcast y/o futuro debate.
Rallo y Vaquero darán juego y dejad de ser tan tóxicos y llorones porque hacéis el ridículo.",0,6958,327,189,2022-06-17T14:12:14+00:00,2026-03-19T17:25:14.473752+00:00
https://x.com/JordiWild/status/1537562072329879552,"JordiWild","FINAL FANTASY VII REBIRTH Y MI HYPE POR LAS PUTAS NUBES.",0,4954,227,79,2022-06-16T22:25:39+00:00,2026-03-19T17:25:14.473752+00:00
https://x.com/JordiWild/status/1537087162457509888,"JordiWild","NUEVO PODCAST
Siro López pasa por The Wild Project para hablar de todo, incluso de magia negra y la ouija (no es broma). ¡No os lo podéis perder!",0,1909,69,43,2022-06-15T14:58:31+00:00,2026-03-19T17:25:14.473752+00:00
https://x.com/JordiWild/status/1536466922660847618,"JordiWild","ESTE JUNIO EN THE WILD PROJECT

- Miércoles 15: TWP #148 - Entrevista 1vs1

- Sábado 18: Especial 25h en directo

- Jueves 22: TWP #149 - Entrevista 1vs1

- Martes 28: TWP #150 - Tertulia final y despedida antes de vacaciones

Os quiero con la libretita y todo bien apuntado.",0,7476,269,99,2022-06-13T21:53:55+00:00,2026-03-19T17:25:14.473752+00:00
https://x.com/JordiWild/status/1536012571798650880,"JordiWild","PERO EN SERIO HAY GENTE QUE SE QUIERE FOLLAR A UN VAPOREON¿?¿?¿¿?¿?¿?¿!?¿!¿!¿!?!¿!¿?!",0,29803,1568,1088,2022-06-12T15:48:29+00:00,2026-03-19T17:25:14.473752+00:00
https://x.com/JordiWild/status/1535596676169322496,"JordiWild","De aquí justo una semana estaré a punto de empezar un reto que me llevará a estar 25 horas ininterrumpidas de podcast en stream, con secciones diversas, debates, juegos, terror, sorpresas... ¡Espero que me acompañéis todos! (antes de que me muera)",0,16599,374,137,2022-06-11T12:15:52+00:00,2026-03-19T17:25:14.473752+00:00
https://x.com/JordiWild/status/1535037573051056150,"JordiWild","De verdad que NO entiendo el remake de THE LAST OF US 1. Es un juego que se sigue viendo y jugando de lujo, 0 desfasado. Y el remake tiene pinta que tampoco aportará nada tan diferencial como para justificar su existencia.
Bueno sí, sacar los cuartos con un juego repetido.",0,11376,470,368,2022-06-09T23:14:11+00:00,2026-03-19T17:25:14.473752+00:00
https://x.com/JordiWild/status/1535032985271128067,"JordiWild","Una pregunta, ¿El E3 cuándo empieza?",0,11047,127,223,2022-06-09T22:55:57+00:00,2026-03-19T17:25:14.473752+00:00
https://x.com/JordiWild/status/1534913687986872321,"JordiWild","NUEVO PODCAST
Me reúno con 
@KiddKeo95Flames
 para un intenso podcast donde conoceremos al Keo real, su curiosa infancia en una comuna hippie y mucho más!",0,1619,78,51,2022-06-09T15:01:55+00:00,2026-03-19T17:25:14.473752+00:00
https://x.com/JordiWild/status/1534261850002669569,"JordiWild","Mi gente:
Estoy preparando un debate Capitalismo VS Comunismo que voy a moderar yo.
Ya tengo al capitalista, y me falta el comunista. ¿Me ayudáis?
Busco una persona instruida y culta, que sepa y le guste debatir, con dotes para hablar; y que pueda venir a Catalunya (presencial).",0,39961,2733,5429,2022-06-07T19:51:44+00:00,2026-03-19T17:25:14.473752+00:00
https://x.com/JordiWild/status/1534184618232107008,"JordiWild","NUEVO PODCAST
Nueva tertulia semanal, las noticias más interesantes de los últimos días de mano de vuestro tito Jordi y sus amigos.

https://
youtu.be/vvv-poDwowI",0,1071,27,21,2022-06-07T14:44:51+00:00,2026-03-19T17:25:14.473752+00:00
https://x.com/JordiWild/status/1534163806821261313,"JordiWild","Las pruebas del mejor culo de España. ¿Lo superáis? Yo creo que no.",0,31185,1221,894,2022-06-07T13:22:09+00:00,2026-03-19T17:25:14.473752+00:00
https://x.com/JordiWild/status/1575846292567252992,"JordiWild","A muchos os está saliendo este mensaje de error al intentar ver el último podcast, y ya son varios vídeos los que me ha dado este mismo error. SOLO AFECTA a la app de los iphones, desde cualquier otra plataforma va todo bien.
Así que si usáis Iphone, podéis verlo en la web o pc.",0,2432,70,51,2022-09-30T13:53:28+00:00,2026-03-19T17:24:44.695773+00:00
https://x.com/JordiWild/status/1575496904045391878,"JordiWild","NUEVO PODCAST
Esta vez, Ayax y Prok me hablan de su vida, sus aventuras, lo que significa el rap para ellos, la importancia de la cultura y mucho más. ¡Gran podcast!",0,1142,51,52,2022-09-29T14:45:07+00:00,2026-03-19T17:24:44.695773+00:00
https://x.com/JordiWild/status/1575189100868833280,"JordiWild","Padres normales del mundo mandan saludos a sus hijos por whatsapp.
Mi padre 
@PapaGiorgioReal
 me envía esto:",0,5541,324,129,2022-09-28T18:22:01+00:00,2026-03-19T17:24:44.695773+00:00
https://x.com/JordiWild/status/1574744393692901376,"JordiWild","NUEVO PODCAST
Esta tarde me visitan los cracks de Ayax y Prok, para una tertulia muy diversa donde hablaremos de todo. ¡No te lo pierdas!",0,2237,149,77,2022-09-27T12:54:55+00:00,2026-03-19T17:24:44.695773+00:00
https://x.com/JordiWild/status/1573298867923292160,"JordiWild","Acabo de darme cuenta de que el DLC de Residente del Mal 8: Pueblo sale justo durante mi semana de Halloween... interesante...",0,9461,276,133,2022-09-23T13:10:55+00:00,2026-03-19T17:24:44.695773+00:00
https://x.com/JordiWild/status/1573029381827608577,"JordiWild","¡Amigos y amigas!
Estaré en directo en el canal de Josebas ahorita mismo: 
https://
twitch.tv/josebas__
Todos pa’dentro",0,773,32,16,2022-09-22T19:20:04+00:00,2026-03-19T17:24:44.695773+00:00
https://x.com/JordiWild/status/1572950853685837826,"JordiWild","NUEVO PODCAST
Anita Mateu, una de las sorpresas de los últimos tiempos en Youtube, me visita para charlar sobre como se vive en Cuba, las dificultades que existen para muchas cosas cotidianas, pero también las cosas buenas y curiosas. ¡No os lo perdáis!

https://
youtu.be/0UJT4_s6B3k",0,1728,117,67,2022-09-22T14:08:02+00:00,2026-03-19T17:24:44.695773+00:00
https://x.com/JordiWild/status/1572233019376689160,"JordiWild","NUEVO PODCAST
Esta tertulia es muy especial porque ROSA llega para dejar las cosas claras de una vez por todas a Albert… no te lo pierdas!",0,1401,52,26,2022-09-20T14:35:37+00:00,2026-03-19T17:24:44.695773+00:00
https://x.com/JordiWild/status/1571518386001043458,"JordiWild","NUEVO VÍDEO
Regreso al Rincón de Giorgio con un nuevo vídeo después de las vacaciones. En esta ocasión, el terrible caso de Todd Kohlhepp, el asesino de reseñas de Amazon. No os lo podéis perder...",0,1927,91,31,2022-09-18T15:15:55+00:00,2026-03-19T17:24:44.695773+00:00
https://x.com/JordiWild/status/1571509280351879169,"JordiWild","Me gusta mucho la idea de que en GTA 6 los protagonistas sean una pareja de novios, creo que se pueden tocar temas interesantes y sumarle una capa de complejidad a los personajes: celos, malentendidos, amor... Todo eso mientras matas al 12% de la población de la ciudad.",0,42503,1488,266,2022-09-18T14:39:44+00:00,2026-03-19T17:24:44.695773+00:00
https://x.com/JordiWild/status/1571233424869924864,"JordiWild","Venga va, este domingo vídeo en EL RINCÓN DE GIORGIO",0,10406,283,181,2022-09-17T20:23:35+00:00,2026-03-19T17:24:44.695773+00:00
https://x.com/JordiWild/status/1571121217557639170,"JordiWild","Y aún con toda la polémica alrededor, tenía muchas ganas de que me gustara, como fan no tan solo de ESDLA sino de la fantasía medieval en general. Pero nada, no le encuentro ningún sentido, los protagonistas en su mayoría un desastre, las tramas flojas, solo se salva lo visual.",0,3385,97,78,2022-09-17T12:57:42+00:00,2026-03-19T17:24:44.695773+00:00
https://x.com/JordiWild/status/1571116074137190401,"JordiWild","Me da igual si hay elfos negros, si Tolkien se remueve en su tumba, si el lore es invent o si los pelosos escuchan flamenco y fuman canutos. Los Anillos de Poder me está pareciendo simplemente ABURRIDA e insustancial. Como serie. El cuarto episodio me ha costado de terminar.",0,13807,888,657,2022-09-17T12:37:16+00:00,2026-03-19T17:24:44.695773+00:00
https://x.com/JordiWild/status/1571095777027719170,"JordiWild","Que haya polémica en 2022 porque un jugador de fútbol baile (Vinicius) cuando esté contento por algo, me parece tan surrealista que ni sé ni como expresarlo. Señores, es solo furbo, 22 personas intentando meter un balón en una red. No le demos más seriedad de la que tiene.",0,16327,732,314,2022-09-17T11:16:37+00:00,2026-03-19T17:24:44.695773+00:00
https://x.com/JordiWild/status/1570746042546782208,"JordiWild","Amores, este 3 de Noviembre publico mi nuevo libro:
ASÍ ES LA PUTA VIDA - El libro de ANTI-Autoayuda
Un libro en que trato muchos temas de actualidad, como veo la realidad de la vida, el negocio de la autoayuda, las redes, salud mental...
Resérvalo aquí: 
https://
amzn.to/3UdivRT",0,5937,1216,218,2022-09-16T12:06:54+00:00,2026-03-19T17:24:44.695773+00:00
https://x.com/JordiWild/status/1570422106797780992,"JordiWild","NUEVO PODCAST EN DIRECTO
En pocos minutos, haré mi primer podcast en streaming junto a Pablo Salum, que explicará como se ha cargado la secta que convirtió su vida en un infierno. ¡No te lo pierdas! #AntiSectasWild",0,850,56,20,2022-09-15T14:39:41+00:00,2026-03-19T17:24:44.695773+00:00
https://x.com/JordiWild/status/1570388699833307136,"JordiWild","A ver si yendo de blanco el Barça gana la Champions de una vez. Al menos los árbitros nos ayudarán más.",0,21092,997,898,2022-09-15T12:26:57+00:00,2026-03-19T17:24:44.695773+00:00
https://x.com/JordiWild/status/1570254298428104704,"JordiWild","Este jueves a las 5 de la tarde (hora española)
¡Especial EN DIRECTO de The Wild Project!",0,954,47,22,2022-09-15T03:32:53+00:00,2026-03-19T17:24:44.695773+00:00
https://x.com/JordiWild/status/1570185368493867008,"JordiWild","Este miércoles he tenido problemas técnicos grabando el podcast, por lo que el jueves POR PRIMERA VEZ, The Wild Project va a ser en riguroso directo, con un invitado espectacular que va a contar cosas muy heavys.
A las 5 de la tarde como siempre 
¡No os lo perdáis!",0,4843,92,42,2022-09-14T22:58:59+00:00,2026-03-19T17:24:44.695773+00:00
https://x.com/JordiWild/status/1569693832316321793,"JordiWild","NUEVO PODCAST
Regresan las tertulias, como cada semana comentando las noticias más interesantes de los últimos días. Con Leo y Tamayo super stars.",0,1130,40,27,2022-09-13T14:25:47+00:00,2026-03-19T17:24:44.695773+00:00
https://x.com/JordiWild/status/1568813069832261632,"JordiWild","Tony Ferguson Vs Nate Díaz llega 5 años tarde, pero al menos llega. Ojalá se vaya a 5 rounds de sangre y sudor. Combate legendario.
#UFC279",0,2293,67,46,2022-09-11T04:05:57+00:00,2026-03-19T17:24:44.695773+00:00
https://x.com/JordiWild/status/1568222665009152001,"JordiWild","Amigos streamers/youtubers, he regresado después de 2 meses sin subir absolutamente nada nuevo, y la recepción y el cariño de la gente es exactamente el mismo o mayor.
Nadie se olvida de vosotros por tomaros un descanso REAL, sobre todo si ya lo habéis petado. Hacedlo, por salud.",0,33616,908,236,2022-09-09T12:59:54+00:00,2026-03-19T17:24:44.695773+00:00
https://x.com/JordiWild/status/1567910805265420289,"JordiWild","foto para que actualicéis miniaturas de nada",0,13616,183,148,2022-09-08T16:20:41+00:00,2026-03-19T17:24:44.695773+00:00
https://x.com/JordiWild/status/1567873688078352386,"JordiWild","NUEVO VÍDEO
Regresa The Wild Project y lo hace con una leyenda del internet: alexelcapo 
@EvilAFM
 
¡No os lo perdáis!",0,4576,510,231,2022-09-08T13:53:11+00:00,2026-03-19T17:24:44.695773+00:00
https://x.com/JordiWild/status/1567864200952745985,"JordiWild","The Queen when Meghan Markle comes to say her goodbyes",0,615691,98319,3613,2022-09-08T13:15:29+00:00,2026-03-19T17:24:44.695773+00:00
https://x.com/JordiWild/status/1567600755460259840,"JordiWild","",0,14165,372,64,2022-09-07T19:48:39+00:00,2026-03-19T17:24:44.695773+00:00
https://x.com/JordiWild/status/1567479542280773633,"JordiWild","Mensaje importante.",0,7945,529,145,2022-09-07T11:46:59+00:00,2026-03-19T17:24:44.695773+00:00
https://x.com/JordiWild/status/1566844745980207104,"JordiWild","ESTE 8 DE SEPTIEMBRE VUELVE THE WILD PROJECT
Comenzamos con una charla con el gran 
@EvilAFM
 que os va a encantar.
La semana que viene regresa la tertulia, y por supuesto, un nuevo invitado.
(Y no me olvido de El Rincón de Giorgio, prometido)",0,19064,1158,280,2022-09-05T17:44:32+00:00,2026-03-19T17:24:44.695773+00:00
https://x.com/JordiWild/status/1566467404284182534,"JordiWild","REWIND HISPANO 2022 Si no se mueve ahora, no habrá Rewind.",0,27299,3688,362,2022-09-04T16:45:07+00:00,2026-03-19T17:24:44.695773+00:00
https://x.com/JordiWild/status/1566168333354942464,"JordiWild","ESTA XAVINETA VA CON EL TURBO",0,14912,532,144,2022-09-03T20:56:43+00:00,2026-03-19T17:24:44.695773+00:00
https://x.com/JordiWild/status/1565397582150606848,"JordiWild","Llega Septiembre y se terminan mis vacaciones.
El día 8 de este mes regresa THE WILD PROJECT con un invitado muy esperado por todos y que estoy seguro os va a encantar...
Además nuevos vídeos en EL RINCÓN DE GIORGIO y más sorpresas, una de ellas muy gorda.
¡Ya vuelve el papito!",0,14940,542,332,2022-09-01T17:54:01+00:00,2026-03-19T17:24:44.695773+00:00
https://x.com/JordiWild/status/1564050577964802051,"JordiWild","Hoy cumplo años",0,61777,1170,1642,2022-08-29T00:41:31+00:00,2026-03-19T17:24:44.695773+00:00
https://x.com/JordiWild/status/1563964578106687489,"JordiWild","Este año",0,12418,289,72,2022-08-28T18:59:47+00:00,2026-03-19T17:24:44.695773+00:00
https://x.com/JordiWild/status/1563176762669875208,"JordiWild","Famosos en verano: fotos en yates y mansiones bien bronceados.
Mis vacaciones:",0,17508,852,363,2022-08-26T14:49:17+00:00,2026-03-19T17:24:44.695773+00:00
https://x.com/JordiWild/status/1561536361756348417,"JordiWild","",0,16183,713,70,2022-08-22T02:10:55+00:00,2026-03-19T17:24:44.695773+00:00
https://x.com/JordiWild/status/1561103763087265793,"JordiWild","Temporada nueva y el Madrid sigue siendo igual de puto pesado.",0,13504,346,196,2022-08-20T21:31:55+00:00,2026-03-19T17:24:44.695773+00:00
https://x.com/JordiWild/status/1560797865194278913,"JordiWild","Muy contento por mi amigo Pablo Salum 
@LEYANTISECTAS
 por haberse cargado la terrible secta que secuestró a su familia y a él mismo, y que le hizo vivir un infierno como pocos aguantarían. Por una vez, los buenos ganan.
Tenéis un podcast con él recomendadísimo.",0,6118,521,46,2022-08-20T01:16:23+00:00,2026-03-19T17:24:44.695773+00:00
https://x.com/JordiWild/status/1560746100835106816,"JordiWild","Ahora Black Freezer… ¡Basta ya de inclusión forzada y politizar todo!

Es broma, me parece su mejor transformación DESDE YA.",0,20057,648,255,2022-08-19T21:50:42+00:00,2026-03-19T17:24:44.695773+00:00
https://x.com/JordiWild/status/1558818459512864768,"JordiWild","Esta podría ser la mejor foto de la historia de un OVNI.
Y esta sí es real.
Se ha desclasificado por el Ministerio de Defensa de UK después de 30 años guardada y forma parte del caso Calvine.
Impresionante.",0,96532,7845,1493,2022-08-14T14:10:56+00:00,2026-03-19T17:24:44.695773+00:00
https://x.com/JordiWild/status/1588248010999332864,"JordiWild","De los mejores defensas de la historia del club y una leyenda absoluta. ¡Mucho éxito en esta nueva etapa!",0,8917,238,47,2022-11-03T19:13:28+00:00,2026-03-19T17:24:14.248808+00:00
https://x.com/JordiWild/status/1588213284217491457,"JordiWild","Ya podéis encontrar en todas las librerías mi nuevo libro 
Librito donde hablo de temas sociales, experiencias vitales, y temas tabú como el suicidio y la salud mental, todo ello avalado con estudios científicos e investigaciones. ¡Espero que os guste!",0,5128,164,88,2022-11-03T16:55:29+00:00,2026-03-19T17:24:14.248808+00:00
https://x.com/JordiWild/status/1588199387603390464,"JordiWild","NUEVO PODCAST
Eduardo Sáenz de Cabezón, matemático y divulgador, me visita para un podcast mega interesante donde las matemáticas van a parecer misteriosas y diverdas, DE VERDAD. Un crack 
@edusadeci",0,1178,91,41,2022-11-03T16:00:15+00:00,2026-03-19T17:24:14.248808+00:00
https://x.com/JordiWild/status/1587437572644605955,"JordiWild","",0,8348,243,41,2022-11-01T13:33:05+00:00,2026-03-19T17:24:14.248808+00:00
https://x.com/JordiWild/status/1587170945185234944,"JordiWild","Esta SEMANA DE HALLOWEEN en el canal ha sido la de mayor éxito con diferencia, más de 11 millones de visitas en 6 días, estoy agotado pero ha valido la pena.
Gracias a todos por el apoyo y nos vemos el año que viene en la siguiente edición ",0,7538,283,139,2022-10-31T19:53:36+00:00,2026-03-19T17:24:14.248808+00:00
https://x.com/JordiWild/status/1587154595977076737,"JordiWild","PODCAST ESPECIAL HALLOWEEN
Recopilación de las mejores historias de terror y paranormales en todo el año. Feliz Halloween 

https://
youtu.be/R2XAcKxvAEg",0,906,47,9,2022-10-31T18:48:38+00:00,2026-03-19T17:24:14.248808+00:00
https://x.com/JordiWild/status/1587099503198457859,"JordiWild"," ÚLTIMO VÍDEO DE LA SEMANA DE HALLOWEEN 
Se termina esta Semana de Halloween por todo lo alto, con un vídeo de una web extremadamente macabra, que me ha dejado tocado al terminar de grabar...

https://
youtu.be/eG5nIllWtHU",0,1235,57,32,2022-10-31T15:09:43+00:00,2026-03-19T17:24:14.248808+00:00
https://x.com/JordiWild/status/1586752561343827969,"JordiWild","El Barça gana la Liga y la Copa del Rey. El Madrid la Champions.
¿Firmáis?",0,678,35,136,2022-10-30T16:11:05+00:00,2026-03-19T17:24:14.248808+00:00
https://x.com/JordiWild/status/1586746348061315074,"JordiWild","NUEVO VÍDEO DE LA SEMANA DE HALLOWEEN
Hoy toca una experiencia que imita lo que puede sentir una persona durante un brote psicótico, una sensación dura y terrorífica, peor que muchas películas de miedo.",0,972,49,21,2022-10-30T15:46:24+00:00,2026-03-19T17:24:14.248808+00:00
https://x.com/JordiWild/status/1586743540725448704,"JordiWild","Jake Paul ganó a Anderson Silva, leyenda de la UFC de 47 años en un combate de boxeo, que sinceramente, estuvo muy entretenido.
Todo esto es show, pero me muero de ganas de ver a Paul contra un boxeador de verdad a ver qué pasa… quizás hay sorpresa. O no.",0,5338,92,113,2022-10-30T15:35:15+00:00,2026-03-19T17:24:14.248808+00:00
https://x.com/JordiWild/status/1586735670332194817,"JordiWild","Uf, me expresé horrible aquí, quizás el no preparado intelectualmente soy yo 
Veníamos de varias noticias semanales de polémicas por su parte y me calenté, no tengo ni idea de su nivel intelectual, por lo que lo siento de verdad.
Pero, un activista NO debería ser ministro. 
https://
x.com/wallstwolverin
/wallstwolverine/status/1586082236927209472
…",0,14601,888,1187,2022-10-30T15:03:58+00:00,2026-03-19T17:24:14.248808+00:00
https://x.com/JordiWild/status/1586446564163133440,"JordiWild","EN UNA HORA EN DIRECTO JUGANDO AL RESIDENT EVIL 8 DLC PARA CELEBRAR LA SEMANA DE JALOUIN
¡Todo el mundo pa'dentro que esto es histórico!",0,1285,56,37,2022-10-29T19:55:10+00:00,2026-03-19T17:24:14.248808+00:00
https://x.com/JordiWild/status/1586074759573385217,"JordiWild","Like si os está gustando mucho esta SEMANA DE HALLOWEEN en mi canal ",0,10111,162,144,2022-10-28T19:17:45+00:00,2026-03-19T17:24:14.248808+00:00
https://x.com/JordiWild/status/1586004222281101312,"JordiWild","NUEVO VÍDEO DE LA SEMANA DE HALLOWEEN
Terrifier 2, la película de la que más se está hablando en años, con gente que tiene que salir mareada y vomitando del cine. ¿Hay para tanto? ¡Lo veremos en este análisis!

https://
youtu.be/qNUZla5VXHE",0,1403,69,33,2022-10-28T14:37:27+00:00,2026-03-19T17:24:14.248808+00:00
https://x.com/JordiWild/status/1585995787946688512,"JordiWild","Al final, esto de los ESLAND en Mexico ha provocado una especie de guerra sin sentido entre LATAM y España, cuando parecía que mejor nos estábamos llevando.
Los premios deberían unir, no separar y hacernos discutir por puras chorradas.",0,58924,2082,1968,2022-10-28T14:03:56+00:00,2026-03-19T17:24:14.248808+00:00
https://x.com/JordiWild/status/1585707748649734144,"JordiWild","¡YA NO PUEDO ESPERAR MÁS, LO ANUNCIO Y ALE!
Este sábado vuelve RESIDENTE DEL MAL 8 PUEBLO a mi canal. Voy a estar en directo pasándome el DLC de SHADOWS OF ROSE con todos vosotros, como parte de La Semana de Halloween.
Nos veremos este sábado a las 11pm (hora española). ¡Besos!",0,7556,304,103,2022-10-27T18:59:22+00:00,2026-03-19T17:24:14.248808+00:00
https://x.com/JordiWild/status/1585660751754280961,"JordiWild","NUEVO PODCAST
Esto no para 
El crack de Juan Soto Ivars, uno de los tíos más claros al hablar que puedes encontrarte, me visita para un podcast que levantara sentimientos, sin duda. ¡No os lo perdáis!

https://
youtu.be/bO39I7zvgkg",0,973,79,29,2022-10-27T15:52:38+00:00,2026-03-19T17:24:14.248808+00:00
https://x.com/JordiWild/status/1585635883826302976,"JordiWild","LA SEMANA DE HALLOWEEN 2022
Seguimos con el vídeo diario de terror, en este caso la historia real de Nevada-Tan, la niña de 11 años que mató de forma brutal a su amiga y compañera de clase.",0,1304,80,18,2022-10-27T14:13:49+00:00,2026-03-19T17:24:14.248808+00:00
https://x.com/JordiWild/status/1585622944709066758,"JordiWild","Este 4 de Noviembre voy a estar en Barcelona, en el FNAC TRIANGLE a las 18h, firmando mi nuevo libro. Me podréis conocer y sacaros una foto y un abrazote.
Os dejo un link porque SÍ O SÍ os tenéis que registrar, por un tema de aforo. ¡Plazas limitadas!

https://
bit.ly/3DAjjdo",0,1538,59,54,2022-10-27T13:22:24+00:00,2026-03-19T17:24:14.248808+00:00
https://x.com/JordiWild/status/1585615908634071042,"JordiWild","¿Los ESLAND van a ser en Mexico?
Ya tengo tema de debate en The Wild Project para un buen rato.",0,46356,615,470,2022-10-27T12:54:26+00:00,2026-03-19T17:24:14.248808+00:00
https://x.com/JordiWild/status/1585360701581066240,"JordiWild","El Barça en la Champions be like",0,3740,115,69,2022-10-26T20:00:20+00:00,2026-03-19T17:24:14.248808+00:00
https://x.com/JordiWild/status/1585322317986824192,"JordiWild","El genio de 
@nategentile7
 me ayuda a montar mi nuevo ordenador de 2.347.852.476.287€ en un vídeo en su canal que la verdad es que es la hostia :)
¡Echadle un vistacillo que os lo pasaréis bien!",0,2850,86,46,2022-10-26T17:27:49+00:00,2026-03-19T17:24:14.248808+00:00
https://x.com/JordiWild/status/1585283965170098178,"JordiWild"," COMIENZA LA SEMANA DE HALLOWEEN 2022 
Empezamos fuertes, con el análisis psicológico de una de las entrevistas más chocantes de la historia: la que se la hace a Jeffrey Dahmer delante de su padre…

https://
youtu.be/EnSI4itGkng
Y cada día, ¡Nuevo vídeo de terror y misterio!",0,1529,115,23,2022-10-26T14:55:25+00:00,2026-03-19T17:24:14.248808+00:00
https://x.com/JordiWild/status/1585024618116812800,"JordiWild","ESTE MIÉRCOLES EMPIEZA... ¡LA SEMANA DE HALLOWEEN EN EL RINCÓN DE GIORGIO!

Hasta el día 31 Halloween, cada día un vídeo de temática terrorífica.

Este año va a ser brutal y acojonante...",0,5785,380,100,2022-10-25T21:44:51+00:00,2026-03-19T17:24:14.248808+00:00
https://x.com/JordiWild/status/1584989304505667584,"JordiWild","",0,32986,2096,155,2022-10-25T19:24:32+00:00,2026-03-19T17:24:14.248808+00:00
https://x.com/JordiWild/status/1584917568212582400,"JordiWild","NUEVO PODCAST
Tertulia como cada semana en The Wild Project :)

https://
youtu.be/efrnMqwv2og",0,744,35,17,2022-10-25T14:39:29+00:00,2026-03-19T17:24:14.248808+00:00
https://x.com/JordiWild/status/1584551185297870849,"JordiWild","Internet es un sitio peligroso, hay mucho odio y malas personas.
El internet real:",0,18520,649,74,2022-10-24T14:23:36+00:00,2026-03-19T17:24:14.248808+00:00
https://x.com/JordiWild/status/1584264640707854336,"JordiWild","¿Este Barça no podría aparecer en la Champions? ",0,20676,1163,799,2022-10-23T19:24:59+00:00,2026-03-19T17:24:14.248808+00:00
https://x.com/JordiWild/status/1583459120958406657,"JordiWild","NUEVO VÍDEO
Me lo habíais pedido como locos, y yo cumplo con vuestros deseos. El vídeo con la historia REAL de Jeffrey Dahmer: El carnicero de Milwaukee.",0,3028,149,32,2022-10-21T14:04:08+00:00,2026-03-19T17:24:14.248808+00:00
https://x.com/JordiWild/status/1583448865440530432,"JordiWild","Pues al final tendré que hacer la serie de RESIDENTE DEL MAL 4, está demasiado guapo.",0,8283,216,127,2022-10-21T13:23:23+00:00,2026-03-19T17:24:14.248808+00:00
https://x.com/JordiWild/status/1582794353101385730,"JordiWild","",0,22897,1241,111,2022-10-19T18:02:35+00:00,2026-03-19T17:24:14.248808+00:00
https://x.com/JordiWild/status/1582388854434467843,"JordiWild","NUEVO PODCAST
La tertulia como cada semana en vuestro querido podcast, no os lo podéis perder o iréis al infierno.",0,852,35,23,2022-10-18T15:11:16+00:00,2026-03-19T17:24:14.248808+00:00
https://x.com/JordiWild/status/1581684759469920257,"JordiWild","- Eric García, Sergi Roberto, no pueden ser titulares del Barça
- Raphinha lo da todo pero no acaba nada. Ansu Fati 90 minutos de una vez
- Busquets solo funciona si el Barça juega a lo suyo, necesitamos otro titular que sea versátil
- De Jong siempre en mi equipo",0,20069,1139,438,2022-10-16T16:33:27+00:00,2026-03-19T17:24:14.248808+00:00
https://x.com/JordiWild/status/1581669502718464000,"JordiWild","Somos muy malos.",0,21875,754,375,2022-10-16T15:32:50+00:00,2026-03-19T17:24:14.248808+00:00
https://x.com/JordiWild/status/1580568524573249539,"JordiWild","NUEVO PODCAST
David Jiménez, exdirector de EL MUNDO, y que fue cesado un año después por no ceder ante la corrupción y la manipulación que impera en España, me visita en uno de los podcasts más tops que creo he hecho. ¡No lo podéis perder!",0,2491,327,67,2022-10-13T14:37:56+00:00,2026-03-19T17:24:14.248808+00:00
https://x.com/JordiWild/status/1580565098879672327,"JordiWild","El podcast de hoy creo sinceramente que es de los mejores de toda la historia de The Wild Project. Hablamos de la corrupción absoluta de la prensa, el poder del palco del Bernabeu, de conflictos por el mundo, de canibalismo, la realidad de Putin… De verdad, muy top.",0,13723,497,321,2022-10-13T14:24:19+00:00,2026-03-19T17:24:14.248808+00:00
https://x.com/JordiWild/status/1580298064115355648,"JordiWild","Por favor que se nos pegue por un partido la potra del Madrid, Jesucristo solo te pido esto.",0,13519,503,458,2022-10-12T20:43:13+00:00,2026-03-19T17:24:14.248808+00:00
https://x.com/JordiWild/status/1579974884394176512,"JordiWild","Este canal: 
@datos_twp
 es una de las locuras más grandes que he visto en mi vida. No sé quién es, pero hace estadísticas de absolutamente todo del podcast. Solo falta que nos haga una media del tamaño del miembro de los participantes, y listos.",0,4019,83,28,2022-10-11T23:19:01+00:00,2026-03-19T17:24:14.248808+00:00
https://x.com/JordiWild/status/1579890098644348928,"JordiWild","Que el puto culebrón de Mbappé vuelva a abrirse sí que es una historia de terror de Halloween.",0,8885,294,74,2022-10-11T17:42:07+00:00,2026-03-19T17:24:14.248808+00:00
https://x.com/JordiWild/status/1579838717405331462,"JordiWild","NUEVO PODCAST
Espero que me respeten: nueva tertulia en The Wild Project ",0,984,43,26,2022-10-11T14:17:56+00:00,2026-03-19T17:24:14.248808+00:00
https://x.com/JordiWild/status/1579096586910855168,"JordiWild","Like si queréis un vídeo en mi canal con toda la historia real de Jeffrey Dahmer.",0,64245,1426,610,2022-10-09T13:08:59+00:00,2026-03-19T17:24:14.248808+00:00
https://x.com/JordiWild/status/1578037689705603076,"JordiWild","NUEVO PODCAST
Darma y Kira Sensei me acompañan para un podcast centrado en Japón y en sus particularidades. ¡Muy recomendado!",0,996,50,23,2022-10-06T15:01:18+00:00,2026-03-19T17:24:14.248808+00:00
https://x.com/JordiWild/status/1577411098109939718,"JordiWild","Aunque ha sido un robo, el Barça ha jugado como el culo, mal partido en general, y desde luego a día de hoy no está para luchar de tú a tú con los grandes de Europa. Quizás en unos meses, pero no ahora.",0,12311,530,469,2022-10-04T21:31:27+00:00,2026-03-19T17:24:14.248808+00:00
https://x.com/JordiWild/status/1577402769270575130,"JordiWild","Pues se ha quedado buena noche de Europa League.",0,9269,261,99,2022-10-04T20:58:21+00:00,2026-03-19T17:24:14.248808+00:00
https://x.com/JordiWild/status/1577320559498924033,"JordiWild","Dejaros de salseos, lo mejor de 2022 es que Apple tendrá que jubilar de una puta vez su cable lightning.",0,8986,236,67,2022-10-04T15:31:41+00:00,2026-03-19T17:24:14.248808+00:00
https://x.com/JordiWild/status/1577305665441353728,"JordiWild","NUEVO PODCAST
Tertulia con los genios de Darma y Kira Sensei, donde hablaremos de las noticias más interesantes de los últimos días y también aprenderemos sobre Japón. No os lo perdáis :)

https://
youtu.be/VgmzQm2ig1k",0,1190,63,34,2022-10-04T14:32:30+00:00,2026-03-19T17:24:14.248808+00:00
https://x.com/JordiWild/status/1577035564049580032,"JordiWild","Hoy ha muerto mi admirado Jesús Quintero, para mí uno de los mejores entrevistadores de la historia y una referencia total sobre como llevar una conversación, cosa que intento aplicar a mi manera en The Wild Project.
Descansa en paz, genio.",0,4994,195,34,2022-10-03T20:39:13+00:00,2026-03-19T17:24:14.248808+00:00
https://x.com/JordiWild/status/1606755144951123968,"JordiWild","Estéis solos o acompañados, celebréis la Navidad o algún extraño ritual pagano, os deseo a todos que paséis unos días muy hermosos y que comáis tanto turrón que os explote el colon.
Se os quiere ",259086,7790,248,49,2022-12-24T20:54:13+00:00,2026-03-19T17:23:44.426881+00:00
https://x.com/JordiWild/status/1606309154112434177,"JordiWild","De las mejores entrevistas en prensa que me han hecho, nuy interesante ",179429,1106,36,15,2022-12-23T15:22:00+00:00,2026-03-19T17:23:44.426881+00:00
https://x.com/JordiWild/status/1606291999052611585,"JordiWild","Lo jodido de los ESLAND es que al matarse todos los nominados entre sí no quedará nadie para recoger premios en enero.",559291,8800,138,67,2022-12-23T14:13:50+00:00,2026-03-19T17:23:44.426881+00:00
https://x.com/JordiWild/status/1606117438889656320,"JordiWild","Han pasado días, pero gracias Argentina por no dejar que Francia ganara otro mundial.",1707623,38014,1245,245,2022-12-23T02:40:12+00:00,2026-03-19T17:23:44.426881+00:00
https://x.com/JordiWild/status/1605945935934017536,"JordiWild","NUEVO PODCAST
Podcast maravilloso y duro a la vez. Uno de los supervivientes de la tragedia de los Andes me visita para explicarme lo que vivió. Desde la antropofagia, hasta aguantar temperaturas extremas 2 meses y medio...¡No os lo perdáis!",289583,1787,116,58,2022-12-22T15:18:42+00:00,2026-03-19T17:23:44.426881+00:00
https://x.com/JordiWild/status/1605643380305846274,"JordiWild","Aquí con mi amigo 
@Caith_Sith
 en un podcast de 4 horas sobre videojuegos y amor. ¡Muy chula la conversa!

https://
youtu.be/5piOqc-_GbI",197929,1225,68,19,2022-12-21T19:16:27+00:00,2026-03-19T17:23:44.426881+00:00
https://x.com/JordiWild/status/1605262962582757416,"JordiWild","Pues al final sí he podido ser nominado.
Vamos a por el segundo, ¿no?",1894691,33114,1022,223,2022-12-20T18:04:49+00:00,2026-03-19T17:23:44.426881+00:00
https://x.com/JordiWild/status/1605222525079883776,"JordiWild","NUEVO PODCAST
Última tertulia antes de Navidad, por lo que vamos vestidos como toca. ¡Todos a verlo!",157586,835,45,15,2022-12-20T15:24:08+00:00,2026-03-19T17:23:44.426881+00:00
https://x.com/JordiWild/status/1604596123649220608,"JordiWild","Cuando penséis que habéis tomado malas decisiones en la vida, mirad esto. No estáis tan mal.",1018184,25035,1323,132,2022-12-18T21:55:02+00:00,2026-03-19T17:23:44.426881+00:00
https://x.com/JordiWild/status/1604535698513600515,"JordiWild","Messi al fin ya tiene su Mundial. ¿Podemos decir de una puta vez que es el MEJOR DE LA HISTORIA?",4554255,177533,19062,3466,2022-12-18T17:54:56+00:00,2026-03-19T17:23:44.426881+00:00
https://x.com/JordiWild/status/1604534181479870465,"JordiWild","Gane quien gane, VAYA FINAL MÁS ESPECTACULAR!!!! Bravo por los dos equipos!",301466,9518,266,32,2022-12-18T17:48:54+00:00,2026-03-19T17:23:44.426881+00:00
https://x.com/JordiWild/status/1604531204493131783,"JordiWild","Medio mundo ahora",350490,10800,723,56,2022-12-18T17:37:04+00:00,2026-03-19T17:23:44.426881+00:00
https://x.com/JordiWild/status/1604518014757769217,"JordiWild","VALE YA HE GAFADO A LOS ARGENTINOS",527748,10103,130,84,2022-12-18T16:44:39+00:00,2026-03-19T17:23:44.426881+00:00
https://x.com/JordiWild/status/1604502096446898182,"JordiWild","Madre mía Argentina, les va a meter un saco ",679500,12518,221,127,2022-12-18T15:41:24+00:00,2026-03-19T17:23:44.426881+00:00
https://x.com/JordiWild/status/1604484859719720961,"JordiWild","Si os caen mal los argentinos, los franceses os tienen que caer peor, no me jodas. Así que hoy todos con Argentina boludos ",2190978,70497,4373,864,2022-12-18T14:32:55+00:00,2026-03-19T17:23:44.426881+00:00
https://x.com/JordiWild/status/1603771023467356162,"JordiWild","NUEVO PODCAST
Hoy viene un genio del humor!!! Joaquín Reyes, creador de La hora chanante y Muchachada Nui, me visita para hablar del humor y de la vida. ¡No te lo pierdas!",209161,863,44,21,2022-12-16T15:16:23+00:00,2026-03-19T17:23:44.426881+00:00
https://x.com/JordiWild/status/1601065009030668289,"JordiWild","vil klinton",0,8522,293,100,2022-12-09T04:03:39+00:00,2026-03-19T17:23:44.426881+00:00
https://x.com/JordiWild/status/1601064029446803457,"JordiWild","Pues al final ha ganado el GOTY Bill Clinton.",0,12967,497,98,2022-12-09T03:59:45+00:00,2026-03-19T17:23:44.426881+00:00
https://x.com/JordiWild/status/1601059101517103104,"JordiWild","Me da igual lo que pase, ELDEN RING es el juego del año. Y si no estás de acuerdo, estás equivocado.",0,19677,810,415,2022-12-09T03:40:10+00:00,2026-03-19T17:23:44.426881+00:00
https://x.com/JordiWild/status/1600871269141950464,"JordiWild","NUEVO PODCAST
Juan Ramón Rallo me visita para un podcast sobre economía en el que hablaremos de la situación actual, el drama del Bitcoin, qué significa el liberalismo y mucho más.
¡No te lo pierdas!",0,1620,117,62,2022-12-08T15:13:47+00:00,2026-03-19T17:23:44.426881+00:00
https://x.com/JordiWild/status/1600186178442928130,"JordiWild","A España le ha dado un brote de barcelonitis aguda.",0,54929,3199,697,2022-12-06T17:51:29+00:00,2026-03-19T17:23:44.426881+00:00
https://x.com/JordiWild/status/1600144985369681920,"JordiWild","NUEVO PODCAST
Tertulia como cada semana, hoy se iniciará a las 6 de la tarde para que no coincida con el España-Marruecos. Viva er furbo!

https://
youtu.be/3htYqm6KfPo",0,983,39,26,2022-12-06T15:07:48+00:00,2026-03-19T17:23:44.426881+00:00
https://x.com/JordiWild/status/1598698374382821376,"JordiWild","NUEVO PODCAST
El Coronel Pedro Baños 
@geoestratego
 me visita personalmente para un episodio en el que nos explicará en qué situación geopolítica nos encontramos ahora mismo, en un mundo tan convulso y en pleno cambio de poderes. ¡No te lo pierdas!",0,2023,217,117,2022-12-02T15:19:29+00:00,2026-03-19T17:23:44.426881+00:00
https://x.com/JordiWild/status/1598676037851877380,"JordiWild","Este tío tiene una de las historias más surrealistas, interesantes e injustas que jamás he narrado. Como habiendo cometido un asesinato terrible, pudo vivir buena parte de su vida como un famoso en Japón, sin casi castigo.
Hice vídeo en el Rincón hace tiempo. Recomendado ",0,10519,410,95,2022-12-02T13:50:44+00:00,2026-03-19T17:23:44.426881+00:00
https://x.com/JordiWild/status/1598409205362335755,"JordiWild","Si nos tiene que eliminar alguien, que sean los tíos que inventaron a Son Goku.",0,26506,904,157,2022-12-01T20:10:26+00:00,2026-03-19T17:23:44.426881+00:00
https://x.com/JordiWild/status/1598047126306828288,"JordiWild","Esto no para, muchas gracias ",0,13404,474,128,2022-11-30T20:11:39+00:00,2026-03-19T17:23:44.426881+00:00
https://x.com/JordiWild/status/1597601862261383170,"JordiWild","Hoy no puede haber tertulia, que esta semana estoy de viaje, y el podcast con el invitado se publicará el viernes. Invitado mega top que nos ayudará a comprender como funciona el mundo… ¡No digo más!",0,4253,68,118,2022-11-29T14:42:20+00:00,2026-03-19T17:23:44.426881+00:00
https://x.com/JordiWild/status/1596956387497897985,"JordiWild","Fuera de coñas, antes de morir necesito traer a The Wild Project a 
@LUISENRIQUE21
 
¿Gusta la idea?",0,47207,1482,563,2022-11-27T19:57:27+00:00,2026-03-19T17:23:44.426881+00:00
https://x.com/JordiWild/status/1596952602863759360,"JordiWild","Luis Padrique en ti confío.",0,4166,113,17,2022-11-27T19:42:25+00:00,2026-03-19T17:23:44.426881+00:00
https://x.com/JordiWild/status/1596876224118554624,"JordiWild","Quién gana hoy, rápido",0,872,46,76,2022-11-27T14:38:55+00:00,2026-03-19T17:23:44.426881+00:00
https://x.com/JordiWild/status/1596862350954729472,"JordiWild","Youtuber/streamer promedio al levantarse be like:
A ver, con qué equipo latino me toca ir hoy????",0,13155,279,111,2022-11-27T13:43:47+00:00,2026-03-19T17:23:44.426881+00:00
https://x.com/JordiWild/status/1595805945413931008,"JordiWild","NUEVO PODCAST
Antonio Fernandes, hacker legendario, me visita para un podcast con mucha ciberseguridad y anécdotas y trucos de hacking brutales! No os lo perdáis ",0,855,55,31,2022-11-24T15:46:00+00:00,2026-03-19T17:23:44.426881+00:00
https://x.com/JordiWild/status/1595475682603286536,"JordiWild","LUIS PADRIQUE ES NUESTRO DIOS. SUBIDO YA EN LA LUISENRIQUETA.",0,26492,1443,175,2022-11-23T17:53:39+00:00,2026-03-19T17:23:44.426881+00:00
https://x.com/JordiWild/status/1595412109772431360,"JordiWild","¡Rápido contestad sin pensar!
¿Quién gana?",0,1018,44,93,2022-11-23T13:41:02+00:00,2026-03-19T17:23:44.426881+00:00
https://x.com/JordiWild/status/1595100416769167361,"JordiWild","Amores madrileños, este lunes 28 estaré en mi querida ciudad para firmar mi nuevo libro. Simplemente debéis apuntaros al link, porque las plazas son limitadas (no tardéis en registraros, que se terminarán rápido )

https://
my.weezevent.com/Jordi-Wild-asi
-es-la-puta-vida
…",0,855,48,27,2022-11-22T17:02:29+00:00,2026-03-19T17:23:44.426881+00:00
https://x.com/JordiWild/status/1595079332652777472,"JordiWild","NUEVO PODCAST
Tertulia como cada semana en The Wild Project, no os lo podéis perder. 5 horitas en esta ocasión...",0,653,35,28,2022-11-22T15:38:42+00:00,2026-03-19T17:23:44.426881+00:00
https://x.com/JordiWild/status/1595060289266933762,"JordiWild","este mundial esta loco",0,8350,240,66,2022-11-22T14:23:02+00:00,2026-03-19T17:23:44.426881+00:00
https://x.com/JordiWild/status/1595049932456607744,"JordiWild","Yo he sido de Arabia Saudí desde pequeño.",0,25780,1036,288,2022-11-22T13:41:53+00:00,2026-03-19T17:23:44.426881+00:00
https://x.com/JordiWild/status/1594360164160790528,"JordiWild","NUEVO VÍDEO
El hombre que estuvo 83 días siendo radioactivo, la peor muerte jamás registrada. Hisashi Ouchi.",0,1655,58,31,2022-11-20T16:00:59+00:00,2026-03-19T17:23:44.426881+00:00
https://x.com/JordiWild/status/1593260701342212096,"JordiWild","NUEVO PODCAST
Oswald Aulestia, uno de los falsificadores más grandes del mundo, buscado por el FBI, varias veces en la cárcel... me visita para un surrealista y emocionante podcast, en el que me cuenta su alocada vida. ¡No te lo puedes perder!

https://
youtu.be/7rA5gar_4Xw",0,1400,62,38,2022-11-17T15:12:07+00:00,2026-03-19T17:23:44.426881+00:00
https://x.com/JordiWild/status/1592982410836455425,"JordiWild","Va a salir un juego que será un SIMULADOR DE JESUCRISTO. Es lo único que puede traer la paz al mundo amigos.",0,16141,725,235,2022-11-16T20:46:17+00:00,2026-03-19T17:23:44.426881+00:00
https://x.com/JordiWild/status/1592718221425414144,"JordiWild","Putin estate tranquilo anda",0,16092,506,249,2022-11-16T03:16:29+00:00,2026-03-19T17:23:44.426881+00:00
https://x.com/JordiWild/status/1592545834683760640,"JordiWild","NUEVO PODCAST

@MundoMaldini
 me visita para un podcast Especial del Mundial donde se analizarán los equipos más importantes, los jugadores top y se hará la predicción. Además, hablaremos de la actualidad del mundo furbo y mucho más.",0,1837,102,48,2022-11-15T15:51:29+00:00,2026-03-19T17:23:44.426881+00:00
https://x.com/JordiWild/status/1590725412929167361,"JordiWild","NUEVO VÍDEO
Zazza el Italiano, que visita los barrios más peligrosos, viene al podcast para un podcast muy chulo donde analizará lo que ve.",0,1803,85,40,2022-11-10T15:17:47+00:00,2026-03-19T17:23:44.426881+00:00
https://x.com/JordiWild/status/1590081057717878784,"JordiWild","Siempre me apunto para joder a Francia. 
@IbaiLlanos
 y yo seremos los entrenadores de ESPAÑITA. La táctica: balones a PapiGavi y que invente.",0,37444,1292,235,2022-11-08T20:37:21+00:00,2026-03-19T17:23:44.426881+00:00
https://x.com/JordiWild/status/1590003040236421120,"JordiWild","NUEVO PODCAST
Tertulia como cada semana con los tertulianos más top del mundo ",0,713,38,16,2022-11-08T15:27:20+00:00,2026-03-19T17:23:44.426881+00:00
https://x.com/JordiWild/status/1589021319307272192,"JordiWild","Se nos ha metido algo en el ojo 

#Sempr3  ",0,5091,232,29,2022-11-05T22:26:19+00:00,2026-03-19T17:23:44.426881+00:00
https://x.com/JordiWild/status/1628057893709795330,"JordiWild","NUEVO PODCAST
Como cada semana, tertulia en The Wild Project con las noticias más interesantes de los últimos días. Hablemos del DWT, de David Suárez y Tiparraco, por supuesto.",249557,1228,48,20,2023-02-21T15:43:44+00:00,2026-03-19T17:23:14.012889+00:00
https://x.com/JordiWild/status/1626964898549755904,"JordiWild","Gracias a todos por los mensajes tan bonitos por lo de ayer.
Hicimos historia, un evento de combate underground, sin casi móviles, violencia a la par que respeto y honor, y 320.000 espectadores de media. Impresionante.
Dogfight ha empezado.

PD: voy a matar al puto David Suárez.",4238906,77806,2482,730,2023-02-18T15:20:34+00:00,2026-03-19T17:23:14.012889+00:00
https://x.com/JordiWild/status/1626334482419548163,"JordiWild","Xokas separando la violencia con el poder de la Fuerza",4353954,89366,3149,593,2023-02-16T21:35:31+00:00,2026-03-19T17:23:14.012889+00:00
https://x.com/JordiWild/status/1626326885729726465,"JordiWild","",4161781,60664,1522,476,2023-02-16T21:05:19+00:00,2026-03-19T17:23:14.012889+00:00
https://x.com/JordiWild/status/1624812719047159808,"JordiWild","NUEVO VÍDEO
El caso de la Yandere real: Yuka Takaoka...",539517,1475,76,25,2023-02-12T16:48:34+00:00,2026-03-19T17:23:14.012889+00:00
https://x.com/JordiWild/status/1624805463530389506,"JordiWild","EN UNOS MINUTOS: NUEVO VÍDEO EN EL RINCÓN DE GIORGIO
Un caso muy reciente y muy bestia que sucedió en uno de nuestros países favoritos... Japón.",654190,6249,141,77,2023-02-12T16:19:44+00:00,2026-03-19T17:23:14.012889+00:00
https://x.com/JordiWild/status/1624637408682573824,"JordiWild","#UFC284 
RÁPIDO, ¿QUIÉN GANA?",400201,678,31,71,2023-02-12T05:11:57+00:00,2026-03-19T17:23:14.012889+00:00
https://x.com/JordiWild/status/1623705650625671168,"JordiWild","NUEVO PODCAST
Sandra Estok, que fue víctima de un cibercriminal que le robó la identidad durante años, se recuperó y hoy en día es una grandísima experta en ciberseguridad. Un podcast con una historia personal muy chula y enriquecedora.

https://
youtu.be/rL_vk6fxCxY",372594,1273,70,31,2023-02-09T15:29:28+00:00,2026-03-19T17:23:14.012889+00:00
https://x.com/JordiWild/status/1623692715765497859,"JordiWild","Influencers/streamers/youtubers/otrosvividores que sigo:
Si queréis venir al evento de este 17 de Dogfight (DWT), decidme algo por MD y veo de cuadrarlo. Va a haber muy poquitas plazas, por lo que no puedo garantizar que todo el mundo tenga sitio... Será en la Catalunya central.",1611971,12853,212,209,2023-02-09T14:38:04+00:00,2026-03-19T17:23:14.012889+00:00
https://x.com/JordiWild/status/1621554871638835200,"JordiWild","",2058552,49568,3300,154,2023-02-03T17:03:03+00:00,2026-03-19T17:23:14.012889+00:00
https://x.com/JordiWild/status/1621168705211097088,"JordiWild","NUEVO PODCAST
Carles Porta, periodista y creador de uno de los programas más potentes ahora mismo: Crims, me visita para un podcast BRUTAL, con algunos casos de crónica negra tremendos. ¡No os lo perdáis!",344629,1446,117,45,2023-02-02T15:28:33+00:00,2026-03-19T17:23:14.012889+00:00
https://x.com/JordiWild/status/1620446572357251072,"JordiWild","NUEVO PODCAST
Como cada semana, tertulia con los mejores colaborares charlando sobre las noticias más interesantes de los últimos días. Por supuesto, hablaremos de los ESLAND y mucho más!",251758,984,41,16,2023-01-31T15:39:03+00:00,2026-03-19T17:23:14.012889+00:00
https://x.com/JordiWild/status/1619822623621541889,"JordiWild","Va por ti Tamayo y follacamiones
#SegundoEsland",1637166,48883,1546,153,2023-01-29T22:19:42+00:00,2026-03-19T17:23:14.012889+00:00
https://x.com/JordiWild/status/1619800352626462720,"JordiWild","¿No ha ganado follacamiones? Ya pueden cerrar los Esland AHORA MISMO.",1796902,46436,2103,207,2023-01-29T20:51:13+00:00,2026-03-19T17:23:14.012889+00:00
https://x.com/JordiWild/status/1619770326845644802,"JordiWild","Tamayo te va a unos premios internacionales igual que a comprar chicles #real",1996092,49035,1672,333,2023-01-29T18:51:54+00:00,2026-03-19T17:23:14.012889+00:00
https://x.com/JordiWild/status/1619080406388838401,"JordiWild","Deciros simplemente que Papa Giorgio aka DIOS ha superado la operación, todo ha ido genial y mañana estará en casa preparado para la guerra.
Gracias por vuestros mensajes de ánimo  sois muy bonicos ",3361330,95784,2437,731,2023-01-27T21:10:24+00:00,2026-03-19T17:23:14.012889+00:00
https://x.com/JordiWild/status/1618734318985314305,"JordiWild","Mañana operan a mi papi, mandad los besos y abrazos más grandes de internet ",525478,9124,200,148,2023-01-26T22:15:10+00:00,2026-03-19T17:23:14.012889+00:00
https://x.com/JordiWild/status/1618623807950061569,"JordiWild","NUEVO PODCAST
Lo habíais pedido durante años... y aquí lo tenéis: EL BANANERO, leyenda de internet antes de que existiera la viralidad, me visita y la charla vale mucho la pena!

https://
youtu.be/qBp2f_vJcD4",733860,6744,543,207,2023-01-26T14:56:03+00:00,2026-03-19T17:23:14.012889+00:00
https://x.com/JordiWild/status/1617913848497070082,"JordiWild","NUEVO PODCAST
Tertulia como cada semana, con las noticias más interesantes. Y sí, revelo lo de ""obsceno""...",411502,1304,59,61,2023-01-24T15:54:55+00:00,2026-03-19T17:23:14.012889+00:00
https://x.com/JordiWild/status/1617177563377303553,"JordiWild","NUEVO VÍDEO
El terrible caso Becowitz, o como una pareja de amantes estuvieron durante 3 días haciendo lo que nadie se hubiera atrevido...",551233,2527,84,40,2023-01-22T15:09:11+00:00,2026-03-19T17:23:14.012889+00:00
https://x.com/JordiWild/status/1617173836708954113,"JordiWild","Como os habéis portado bien, en pocos minutos nuevo videaso en EL RINCÓN DE GIORGIO...",464590,7354,129,86,2023-01-22T14:54:22+00:00,2026-03-19T17:23:14.012889+00:00
https://x.com/JordiWild/status/1616100378851803136,"JordiWild","NUEVO PODCAST
Juan Carlos Unzué, ex jugador y entrenador de la élite del fútbol, y enfermo de ELA, me visita para un podcast donde comprobaremos que las ganas de vivir pueden existir en cualquier situación.",248043,1574,187,33,2023-01-19T15:48:50+00:00,2026-03-19T17:23:14.012889+00:00
https://x.com/JordiWild/status/1615416640279089174,"JordiWild","El 17 de febrero nace DWT - Dogfight Wild Tournament
Mi evento de combate underground que no os vais a querer perder…
17 de Febrero en streaming desde El Rincón de Giorgio, estad atentos que se vienen novedades ",1180636,12449,1126,215,2023-01-17T18:31:54+00:00,2026-03-19T17:23:14.012889+00:00
https://x.com/JordiWild/status/1615368706455965697,"JordiWild","NUEVO PODCAST
Papa Giorgio y Antonio García Villarán juntos en una tertulia épica que os va a encantar. ¡No os la perdáis!",175352,997,43,14,2023-01-17T15:21:26+00:00,2026-03-19T17:23:14.012889+00:00
https://x.com/JordiWild/status/1614729966129942528,"JordiWild","TODOS A LA XAVINETA, NO ESPERA A NADIE!!",746081,19405,901,113,2023-01-15T21:03:18+00:00,2026-03-19T17:23:14.012889+00:00
https://x.com/JordiWild/status/1614724830762262529,"JordiWild","Y este verano querían echar a Frenkie de Jong… madre mía.",653060,14562,462,95,2023-01-15T20:42:54+00:00,2026-03-19T17:23:14.012889+00:00
https://x.com/JordiWild/status/1613547442468753408,"JordiWild","Todos histéricos y la reacción de Piqué va a ser anunciar un fichaje de la King’s League y un emoji.",2417167,48013,1377,436,2023-01-12T14:44:23+00:00,2026-03-19T17:23:14.012889+00:00
https://x.com/JordiWild/status/1613364421371334656,"JordiWild","shakira volviendo a casa después de grabar el bzrp session",1897554,55456,4039,292,2023-01-12T02:37:07+00:00,2026-03-19T17:23:14.012889+00:00
https://x.com/JordiWild/status/1613331175355056129,"JordiWild","Desde Tupac y Notorious no se había visto un diss track con tanta mala hostia OMG",4314506,83749,4337,1130,2023-01-12T00:25:01+00:00,2026-03-19T17:23:14.012889+00:00
https://x.com/JordiWild/status/1613176242269978624,"JordiWild","NUEVO PODCAST
Hoy sí, hoy regresa la tertulia a The Wild Project, junto a mi Tamayito y Nate. ¡No os lo perdáis!

https://
youtu.be/0r3XtsYmNzI",231359,1322,53,33,2023-01-11T14:09:22+00:00,2026-03-19T17:23:14.012889+00:00
https://x.com/JordiWild/status/1612858055036928001,"JordiWild","Mi gente, lo he intentado todo, pero YOUTUBE me está dando muchos problemas para procesar el podcast, y no sé ni a qué hora podría subirlo. Por lo que lo dejo para mañana, a las 5 de la tarde como siempre, y el 1vs1 el viernes a la misma hora. Y os aviso que se viene un genio ",411139,5267,95,100,2023-01-10T17:05:00+00:00,2026-03-19T17:23:14.012889+00:00
https://x.com/JordiWild/status/1610760263275319308,"JordiWild","La comunidad hispana antes de anunciarse los Esland: paz y amor.
La comunidad ahora:",511712,9373,289,91,2023-01-04T22:09:07+00:00,2026-03-19T17:23:14.012889+00:00
https://x.com/JordiWild/status/1610633876803559424,"JordiWild","Me encantaría saber cuál es el juego con más porcentaje de devoluciones de Steam.
Yo apostaría por Elden Ring, mucho nombre pero chungo para los más casuals.
¿Cuál dirías vosotros?",2422377,19100,244,669,2023-01-04T13:46:55+00:00,2026-03-19T17:23:14.012889+00:00
https://x.com/JordiWild/status/1610282546717392897,"JordiWild","No conocía el caso de Elena Huelva hasta hace unos pocos días, pero me parece admirable como una chica tan joven con un cáncer así visibilice los peores momentos de la enfermedad y como su positividad puede ayudar a otros en su situación.
Pase lo que pase, ánimos y gracias.",586744,7760,209,28,2023-01-03T14:30:51+00:00,2026-03-19T17:23:14.012889+00:00
https://x.com/JordiWild/status/1610013533520936960,"JordiWild","Nominado definitivamente.
¡¿Vamos a México o qué pasa?!",855084,15421,279,163,2023-01-02T20:41:53+00:00,2026-03-19T17:23:14.012889+00:00
https://x.com/JordiWild/status/1609584870812012544,"JordiWild","Hoy estáis de resaca, NO ME MINTÁIS!!!!
Nada mejor que un día post-alcohol, para ver el resumen de lo mejor de The Wild Project del 2022, con auténticas leyendas que me han visitado:

https://
youtu.be/HtF9nZnEukU
Feliz año.",242778,2253,69,37,2023-01-01T16:18:32+00:00,2026-03-19T17:23:14.012889+00:00
https://x.com/JordiWild/status/1609560721498726402,"JordiWild","2023 va a ser PEOR o MEJOR que el 2022",219404,1119,68,99,2023-01-01T14:42:34+00:00,2026-03-19T17:23:14.012889+00:00
https://x.com/JordiWild/status/1609271480902193170,"JordiWild","EL ÚNICO MENSAJE DE FIN DE AÑO QUE OS TIENE QUE IMPORTAR.",751871,13662,1334,145,2022-12-31T19:33:14+00:00,2026-03-19T17:23:14.012889+00:00
https://x.com/JordiWild/status/1608530111321473026,"JordiWild","Llego a sacar la colonia Olvidona y me hago trillonario.
Gran trabajo de todos en este Rewind 2022 ¡Espectacular!: 
https://
youtu.be/IbAuuxBFwoo",1993078,38104,2760,554,2022-12-29T18:27:18+00:00,2026-03-19T17:23:14.012889+00:00
https://x.com/JordiWild/status/1607740151048044544,"JordiWild","Esta semana y la que viene no habrá podcast por pequeñas vacaciones navideñas, vuelvo a la trinchera después de Reyes.
¡El día 10 de Enero regresa The Wild Project!",364836,5225,97,86,2022-12-27T14:08:17+00:00,2026-03-19T17:23:14.012889+00:00
https://x.com/JordiWild/status/1607016198847299584,"JordiWild","",605799,11606,426,36,2022-12-25T14:11:33+00:00,2026-03-19T17:23:14.012889+00:00
https://x.com/JordiWild/status/1606762400757186563,"JordiWild","EL MENSAJE DEL AUTÉNTICO REY",865133,15426,1239,137,2022-12-24T21:23:03+00:00,2026-03-19T17:23:14.012889+00:00
https://x.com/JordiWild/status/1660315567331393536,"JordiWild","Ojalá un día el Xokas y Tamayo se conocieran y se sentaran a hablar un rato, y no estuvieran contaminados por la peste de las redes sociales y de los fanatismos de ambos lados.
Estoy seguro de que solucionarían buena parte de sus “problemas” porque son dos excelentes personas.",2493711,19919,650,756,2023-05-21T16:04:13+00:00,2026-03-19T17:22:44.448771+00:00
https://x.com/JordiWild/status/1659163772517339136,"JordiWild","El podcast de hoy con El Estepario Siberiano lleva desde ayer procesando y no se completa, no entiendo por qué, pero es un nuevo error de YT. Lo he resubido ahora para ver si acaba funcionando, pero de otra forma no lo podrá publicarse hoy. Esperemos que sí ",387450,1857,48,33,2023-05-18T11:47:23+00:00,2026-03-19T17:22:44.448771+00:00
https://x.com/JordiWild/status/1658959942534021124,"JordiWild","No os enfadéis los del Madrid, que los culés llevamos años aguantando mierda y nos tocaba una alegría, hombre yaaaaaaaaaaaaaaaa",732743,12557,532,261,2023-05-17T22:17:26+00:00,2026-03-19T17:22:44.448771+00:00
https://x.com/JordiWild/status/1658931708320702474,"JordiWild","Grande el Madrid ",830348,12233,448,382,2023-05-17T20:25:15+00:00,2026-03-19T17:22:44.448771+00:00
https://x.com/JordiWild/status/1657852582486745091,"JordiWild","Visca el Barça!!!
En un año rarísimo, viniendo de la depresión, hemos ganado la liga 4 jornadas antes del final de forma brillante.
Ahora a seguir reconstruyendo y a rezar para que no nos toque el Bayern nunca más ",440634,11477,456,108,2023-05-14T20:57:11+00:00,2026-03-19T17:22:44.448771+00:00
https://x.com/JordiWild/status/1657826164088487939,"JordiWild","Mi padre del Barça.
Mi madre del Espanyol.
Hoy se divorcian.",797761,15414,335,102,2023-05-14T19:12:13+00:00,2026-03-19T17:22:44.448771+00:00
https://x.com/JordiWild/status/1657039177899290624,"JordiWild","NUEVO PODCAST
Amarna Miller me visita para contarme sus aventuras por el mundo, como beber sangre recién extraída de un cuerpo o vivir dos años en una furgoneta. Anécdotas mil de una crack, no os lo perdáis!",465833,1506,49,45,2023-05-12T15:05:00+00:00,2026-03-19T17:22:44.448771+00:00
https://x.com/JordiWild/status/1656688417097363457,"JordiWild","Todo el mundo a felicitar a este titán, que hoy cumple años y está más machote que nunca. Te quiero papi ",516732,13923,332,258,2023-05-11T15:51:13+00:00,2026-03-19T17:22:44.448771+00:00
https://x.com/JordiWild/status/1656641078156468224,"JordiWild","Youtube está pensando en bloquear adblock, irónico.",945723,11053,181,140,2023-05-11T12:43:06+00:00,2026-03-19T17:22:44.448771+00:00
https://x.com/JordiWild/status/1655948474985357318,"JordiWild","Hermosos, la tertulia se publicará mañana y el 1vs1 el viernes, que llegué ayer de un viaje y no he podido grabar hasta hoy.
¡Se os quiere!
Spoiler tertulianos: Nate y Shaun
Adiossssss",251101,3000,44,68,2023-05-09T14:50:57+00:00,2026-03-19T17:22:44.448771+00:00
https://x.com/JordiWild/status/1654473306286743553,"JordiWild","",1452365,44332,2536,173,2023-05-05T13:09:09+00:00,2026-03-19T17:22:44.448771+00:00
https://x.com/JordiWild/status/1650956297448091665,"JordiWild","Gracias a todos los que habéis mandado mensajes bonitos a mi padre, el tío es un samurai total, cada año más fuerte. Me lo tenéis que cuidar para que llegue a los 100 ",456854,6562,107,49,2023-04-25T20:13:49+00:00,2026-03-19T17:22:44.448771+00:00
https://x.com/JordiWild/status/1650891159328157697,"JordiWild","Hermosuras, este mayo mi padre y yo vamos a hacer otra firma de libros en Barcelona, para toda la gente que se quedó fuera por la horrorosa organización. Esta vez todo estará bien montado y os aseguro que podremos estar bien por vosotros
No sé fecha aún, pero en breves la diré.",276785,4271,81,36,2023-04-25T15:54:59+00:00,2026-03-19T17:22:44.448771+00:00
https://x.com/JordiWild/status/1650876659396902916,"JordiWild","NUEVO PODCAST
Tertulia como cada semana con las temas más interesantes de los últimos días. Un besico ",194611,699,27,23,2023-04-25T14:57:22+00:00,2026-03-19T17:22:44.448771+00:00
https://x.com/JordiWild/status/1650849886751866881,"JordiWild","",837290,18505,1138,274,2023-04-25T13:10:58+00:00,2026-03-19T17:22:44.448771+00:00
https://x.com/JordiWild/status/1650240376354078723,"JordiWild","Estoy muy triste, y cabreado con la organización de la firma de libros que he hecho este St Jordi junto a mi papi 
@PapaGiorgioReal
 en Barcelona. Estas firmas las organizan las editoriales, en mi caso Penguin Random House, una de las más serias y grandes del mundo.

Sabiendo quién",3480855,19492,948,333,2023-04-23T20:49:00+00:00,2026-03-19T17:22:44.448771+00:00
https://x.com/JordiWild/status/1649965801619832832,"JordiWild","Y ahora, sin pagar nada, nos ponen la verificación de nuevo…
Elon deja la farlopa, primer aviso.",1648481,19017,299,186,2023-04-23T02:37:56+00:00,2026-03-19T17:22:44.448771+00:00
https://x.com/JordiWild/status/1649769254001037312,"JordiWild","ta guapo mi nuevo verificado, gracias elon",2298563,27978,389,202,2023-04-22T13:36:56+00:00,2026-03-19T17:22:44.448771+00:00
https://x.com/JordiWild/status/1649272416059654144,"JordiWild","Qué puta vergüenza que quiten el verificado a gente que lo necesita, que es reconocida y que puede tener miles de suplantadores. Elon, te aprecio, pero esta jugada es de rata absoluta.",4177669,44944,1468,1452,2023-04-21T04:42:40+00:00,2026-03-19T17:22:44.448771+00:00
https://x.com/JordiWild/status/1649064412265828354,"JordiWild","NUEVO PODCAST
Ed Calderon, que ha luchado contra los narcos buena parte de su vida, me visita para un duro podcast sobre experiencias que cambian la vida, la realidad de la mafia mexicana y muchos temas que os abrirán los ojos. ¡No os lo perdáis!",385124,1088,36,22,2023-04-20T14:56:08+00:00,2026-03-19T17:22:44.448771+00:00
https://x.com/JordiWild/status/1648426289861378048,"JordiWild","mala época para ser del barça",3131105,13637,1033,834,2023-04-18T20:40:28+00:00,2026-03-19T17:22:44.448771+00:00
https://x.com/JordiWild/status/1646522005674680322,"JordiWild","YA A LA VENTA EL LIBRO DE MI PAPI: Los cuentos de Papa Giorgio 
Está super contento e ilusionado, y me encanta verlo así 
Si queréis comprarlo, está aquí: 
https://
amzn.eu/d/ew409wV",564304,7077,224,46,2023-04-13T14:33:31+00:00,2026-03-19T17:22:44.448771+00:00
https://x.com/JordiWild/status/1645843674041810947,"JordiWild","Dos genios en la tertulia de hoy ",359237,5765,107,35,2023-04-11T17:38:04+00:00,2026-03-19T17:22:44.448771+00:00
https://x.com/JordiWild/status/1643990827012886531,"JordiWild","NUEVO PODCAST
Me visita Bojan Krkic, ahora que se acaba de retirar, para charlar de su carrera, pero más importante, de salud mental y de como ha llevado la ansiedad y la presión de tener que ser una estrella desde adolescente...",390124,1660,88,31,2023-04-06T14:55:31+00:00,2026-03-19T17:22:44.448771+00:00
https://x.com/JordiWild/status/1643259151345238018,"JordiWild","NUEVO PODCAST
Tertulia de nuevo en The Wild Project, hablando de cositas interesantes entre las cuales está el programa de locos que El Rubius ha creado con IA. ¡No os lo perdáis!",231810,797,29,12,2023-04-04T14:28:06+00:00,2026-03-19T17:22:44.448771+00:00
https://x.com/JordiWild/status/1641068501744988161,"JordiWild","DIRECTO EN MI CANAL
Hoy me vuelvo streamer (por un ratito, no nos flipemos) y termino en directo el Residente del Mal 4 Vuelto a Hacer.
Aquí lo tenéis: 
https://
youtube.com/live/BCdJcCV_e
a4?feature=share
…
A las 5 de la tarde, hora española ",200271,1169,34,26,2023-03-29T13:23:15+00:00,2026-03-19T17:22:44.448771+00:00
https://x.com/JordiWild/status/1640110905730973709,"JordiWild","Muy contento con el EXITAZO de la Kings League 
Esto nos va bien a todos los que nos dedicamos a lo digital, demostrar que podemos ofrecer productos que rivalicen a nivel de números y entretenimiento con cualquier televisión o productora. Bravo.",854567,23982,446,101,2023-03-26T21:58:06+00:00,2026-03-19T17:22:44.448771+00:00
https://x.com/JordiWild/status/1639671449500676099,"JordiWild","Nooooooooooo ha muerto CHABELO 
Esto sí que significa que el Apocalipsis ha llegado.
Descanse en paz maestro.",2228115,46101,1588,273,2023-03-25T16:51:51+00:00,2026-03-19T17:22:44.448771+00:00
https://x.com/JordiWild/status/1639296036580601857,"JordiWild","NUEVO VÍDEO
Seguimos con Resident Evil 4 Remake, en esta ocasión Leon encuentra por fin a Ashley, con la que tendrá sus historietas...",177389,960,33,28,2023-03-24T16:00:06+00:00,2026-03-19T17:22:44.448771+00:00
https://x.com/JordiWild/status/1639032069710921729,"JordiWild","NO ES BROMA
Acaban de anunciar un juego para Switch cuyo protagonista se llama POLLON. A veces, el mundo puede ser un lugar maravilloso.",1318957,24569,1161,229,2023-03-23T22:31:11+00:00,2026-03-19T17:22:44.448771+00:00
https://x.com/JordiWild/status/1638940302433034245,"JordiWild","Hoy he empezado la serie de RESIDENT EVIL 4 REMAKE en mi canal.
¡Más de dos horas de vídeo de un juego que os va a encantar!
Apoyad este primer capítulo porque me lo han puesto +18 y me está jodiendo vivo (aunque me lo acabaran quitando seguro, el daño está hecho). ¡Thx YouTube!",273309,4764,145,57,2023-03-23T16:26:32+00:00,2026-03-19T17:22:44.448771+00:00
https://x.com/JordiWild/status/1638939264112009220,"JordiWild","SEGUNDA PARTE DEL PODCAST CON MASI E ILLOJUAN
¿Os pensabais que nosotros 3 solo podemos charlas tres horas y media? Imposible, aquí están más horas de charla tremenda con estos cracks :)",259813,1955,78,24,2023-03-23T16:22:25+00:00,2026-03-19T17:22:44.448771+00:00
https://x.com/JordiWild/status/1638229919413968915,"JordiWild","Hoy ha llegado esto a casa y a mi padre se le han saltado las lágrimas 
El 13 de abril se cumple uno de los sueños de su vida, su propio libro sale a la venta para que todos podáis conocer su vida y sus historias. Un libro precioso.
Aquí tenéis el link: 
https://
amzn.eu/d/7OR3qK4",730922,11209,531,101,2023-03-21T17:23:44+00:00,2026-03-19T17:22:44.448771+00:00
https://x.com/JordiWild/status/1638201774602440709,"JordiWild","NUEVO PODCAST
Episodio 200 de The Wild Project, con dos personas espectaculares: 
@illojuan
 y 
@mariaisabelrr9
, espero que tengáis unas 300 horas libres. Porque no veas lo que hablan... Os quiero ",1341364,12210,878,118,2023-03-21T15:31:54+00:00,2026-03-19T17:22:44.448771+00:00
https://x.com/JordiWild/status/1637564057841532930,"JordiWild","Ter Stegen es alemaaaaannnnn 
Estaba pensando en De Jong y se me coló jaja

Bueno ya tengo clip para el podcast ",699705,12546,227,71,2023-03-19T21:17:50+00:00,2026-03-19T17:22:44.448771+00:00
https://x.com/JordiWild/status/1637478291782225922,"JordiWild","Hoy estoy invitado a ver el Barça-Madrid desde el palco presidencial, iba a ir en tirantes pero me han dado el stop…
Creo que va a ser una de las experiencias más curiosas de mi vida en los últimos años.",1744850,22014,310,193,2023-03-19T15:37:02+00:00,2026-03-19T17:22:44.448771+00:00
https://x.com/JordiWild/status/1637472941079162882,"JordiWild","NUEVO VÍDEO
Día del Padre, pues ración del grandísimo PAPA GIORGIO en El Rincón, a lo old school. En esta ocasión reacciona a uno de los más locos de interntet, Gaspi... no os lo podéis perder!
(Y sí, esta semana comenzaré RESIDENT EVIL 4 REMAKE )",248947,1434,59,29,2023-03-19T15:15:46+00:00,2026-03-19T17:22:44.448771+00:00
https://x.com/JordiWild/status/1636388876498644998,"JordiWild","NUEVO PODCAST
Impresionante este podcast, en serio. Uno de los neurocirujanos más top del mundo me visita, hablaremos del cerebro, de operar a gente que está despierta, de donde nacen la consciencia y las emociones… y mucho más. No te lo pierdas!",292360,2050,111,47,2023-03-16T15:28:05+00:00,2026-03-19T17:22:44.448771+00:00
https://x.com/JordiWild/status/1635655977188962305,"JordiWild","NUEVO PODCAST
Como cada semana, tertulia con mi gente. En esta ocasión toca hablar del triste fallecimiento de Tongo, y de la genialidad de Jagger (y van…)",187393,826,34,16,2023-03-14T14:55:48+00:00,2026-03-19T17:22:44.448771+00:00
https://x.com/JordiWild/status/1634432459533066241,"JordiWild","Al conocernos tuvimos nuestros más y menos, pero al final nos quedó un gran cariño mútuo, y me apena mucho saber que el gran Tongo ha fallecido hoy 
Un abrazo enorme a la familia y espero que siga cantando y haciendo reír en el otro lado.",5257129,103202,9496,1075,2023-03-11T05:53:59+00:00,2026-03-19T17:22:44.448771+00:00
https://x.com/JordiWild/status/1634236515323887616,"JordiWild","Jagger ya se ha pasado tantas veces la vida que tiene que inventarse nuevos personajes.",2102736,26918,1059,126,2023-03-10T16:55:22+00:00,2026-03-19T17:22:44.448771+00:00
https://x.com/JordiWild/status/1633854669440024576,"JordiWild","NUEVO PODCAST
Ilia Topuria, estrella de la UFC y futuro campeón, me visita para un podcast donde hablamos de lo que significa pelear en una competición así, y que pasaría si alguien le buscara las cosquillas por la calle... spoiler, no termina bien.

https://
youtu.be/3-kXug_KlSs",238975,1315,79,45,2023-03-09T15:38:03+00:00,2026-03-19T17:22:44.448771+00:00
https://x.com/JordiWild/status/1633134834305359874,"JordiWild","NUEVO PODCAST
Tertulia como cada semana, en esta ocasión Tamayo se pondrá a si mismo en serios problemas. Ídolo.

https://
youtu.be/XUfJ3HoZWZw",206488,717,34,29,2023-03-07T15:57:41+00:00,2026-03-19T17:22:44.448771+00:00
https://x.com/JordiWild/status/1632257710891646976,"JordiWild","JON JONES, LA MADRE QUE LO PARIÓ.
Mejor de la historia.
#UFC285",323350,2850,183,76,2023-03-05T05:52:18+00:00,2026-03-19T17:22:44.448771+00:00
https://x.com/JordiWild/status/1631315032142233600,"JordiWild","NUEVO PODCAST
Jony de viviendoenlacalle, me visita para contarme su turbulenta vida, sus pasos por la cárcel, las adicciones, y como estuvo 7 años viviendo en la calle, hasta que encontró la motivación para volver a disfrutar de la vida. Brutal.",237483,1651,72,30,2023-03-02T15:26:26+00:00,2026-03-19T17:22:44.448771+00:00
https://x.com/JordiWild/status/1630598180910841867,"JordiWild","NUEVO PODCAST
Tertulia como cada semana en The Wild Project. En esta semana hablamos de la locura de Amouranth y más cositas. No os lo perdáis!",183898,892,38,11,2023-02-28T15:57:56+00:00,2026-03-19T17:22:44.448771+00:00
https://x.com/JordiWild/status/1630356674715197440,"JordiWild","Luzu vs Fernanfloo va a ser un combate de amor y abrazos",719058,16861,394,75,2023-02-27T23:58:16+00:00,2026-03-19T17:22:44.448771+00:00
https://x.com/JordiWild/status/1630330831309881351,"JordiWild","Amouranth",1964216,28600,344,288,2023-02-27T22:15:34+00:00,2026-03-19T17:22:44.448771+00:00
https://x.com/JordiWild/status/1629149451276132355,"JordiWild","Voy a ir subiendo todos los combates del DOGFIGHT WILD TOURNAMENT al nuevo canal.
¡Comenzamos por esta auténtica locura: 2VS1!

https://
youtu.be/RyfQRhGwcRk
Todos a darle mucho cariño ",237465,1550,54,23,2023-02-24T16:01:11+00:00,2026-03-19T17:22:44.448771+00:00
https://x.com/JordiWild/status/1628876289112256514,"JordiWild","Al menos ganaremos la liga.",1582492,22729,761,714,2023-02-23T21:55:45+00:00,2026-03-19T17:22:44.448771+00:00
https://x.com/JordiWild/status/1696198714434503082,"JordiWild","Aquí con los panas celebrando mi cumple 

¡Mil gracias a tod@s por vuestros mensajes y felicitaciones! Sois the best 

PD: Regreso en poquitos días… ",925739,12714,291,235,2023-08-28T16:31:02+00:00,2026-03-19T17:22:13.986052+00:00
https://x.com/JordiWild/status/1695830139119018216,"JordiWild","Mi padre siempre gana",142857,1385,37,12,2023-08-27T16:06:26+00:00,2026-03-19T17:22:13.986052+00:00
https://x.com/JordiWild/status/1695827891685085591,"JordiWild","Sigue el show de mi padre en Mexico ",416596,5706,200,61,2023-08-27T15:57:30+00:00,2026-03-19T17:22:13.986052+00:00
https://x.com/JordiWild/status/1692645003070202214,"JordiWild","Estoy un poco desconectado este verano, pero quiero mandar mi cariño y apoyo más grande a mis hermanos de Tenerife por este jodido incendio que, por lo que he visto, está siendo terrorífico.
Ojalá pueda controlarse en breve, y si ha sido provocado, que el peor de los castigos",896747,6753,189,69,2023-08-18T21:09:51+00:00,2026-03-19T17:22:13.986052+00:00
https://x.com/JordiWild/status/1691879277174599867,"JordiWild","Top 1 momentos de este verano: mi padre en una fiesta de la espuma ",997524,23544,776,157,2023-08-16T18:27:07+00:00,2026-03-19T17:22:13.986052+00:00
https://x.com/JordiWild/status/1690824125260931072,"JordiWild","La primera táctica que les enseña Bordalás a sus equipos",926707,15213,909,131,2023-08-13T20:34:20+00:00,2026-03-19T17:22:13.986052+00:00
https://x.com/JordiWild/status/1689286159984205825,"JordiWild","real",1984703,58535,4306,153,2023-08-09T14:43:00+00:00,2026-03-19T17:22:13.986052+00:00
https://x.com/JordiWild/status/1684976784830279696,"JordiWild","Los que me conozcan entienden el lore",418539,8912,249,94,2023-07-28T17:19:05+00:00,2026-03-19T17:22:13.986052+00:00
https://x.com/JordiWild/status/1684935274936025089,"JordiWild","Esto no me lo pierdo ",641921,5606,341,54,2023-07-28T14:34:08+00:00,2026-03-19T17:22:13.986052+00:00
https://x.com/JordiWild/status/1684579317316194306,"JordiWild","Si lo que David Grusch (ex alto cargo de la inteligencia estadounidense) ha jurado, bajo pena de perjurio, es cierto, de que el gobierno americano tiene muestras de restos extraterrestres reales… Estaríamos ante una de las noticias más gordas de la historia. Veremos qué pasa.",2820975,40903,2558,832,2023-07-27T14:59:41+00:00,2026-03-19T17:22:13.986052+00:00
https://x.com/JordiWild/status/1684185465115508738,"JordiWild","La nueva X de Twitter parece diseñada por mi primo chico con problemas de visión que ha repetido 5 años secundaria.",395227,7167,223,90,2023-07-26T12:54:40+00:00,2026-03-19T17:22:13.986052+00:00
https://x.com/JordiWild/status/1683468429376864257,"JordiWild","Más ciencia ficción que STAR WARS",475038,7577,196,66,2023-07-24T13:25:25+00:00,2026-03-19T17:22:13.986052+00:00
https://x.com/JordiWild/status/1682568626761523201,"JordiWild","",527937,15667,551,59,2023-07-22T01:49:55+00:00,2026-03-19T17:22:13.986052+00:00
https://x.com/JordiWild/status/1681289382551068673,"JordiWild","Cariño, sal un momento a comprar comida.
El cariño:",670987,12637,457,80,2023-07-18T13:06:40+00:00,2026-03-19T17:22:13.986052+00:00
https://x.com/JordiWild/status/1680637295920050178,"JordiWild","A Alcaraz se le está poniendo cara de Nadal.
Qué escándalo.",424768,8118,210,45,2023-07-16T17:55:30+00:00,2026-03-19T17:22:13.986052+00:00
https://x.com/JordiWild/status/1680575796149100544,"JordiWild","Brad Pitt en 2023. 59 años.
Se tomó en serio lo de Benjamin Button eh.",956001,16633,643,59,2023-07-16T13:51:08+00:00,2026-03-19T17:22:13.986052+00:00
https://x.com/JordiWild/status/1679298299084394496,"JordiWild","Mark Zuckerberg parece más robot que los robots.",442454,8117,140,65,2023-07-13T01:14:49+00:00,2026-03-19T17:22:13.986052+00:00
https://x.com/JordiWild/status/1677822000637648896,"JordiWild","Se ha cortado la conexión del directo por motivos desconocidos, este es el nuevo link:",332474,1317,56,57,2023-07-08T23:28:32+00:00,2026-03-19T17:22:13.986052+00:00
https://x.com/JordiWild/status/1677694852216020992,"JordiWild","Y empezamos con esta locura:

https://
youtube.com/live/qs7CGpmXM
hQ
…",266380,1597,79,49,2023-07-08T15:03:17+00:00,2026-03-19T17:22:13.986052+00:00
https://x.com/JordiWild/status/1677678687842361346,"JordiWild","Hoy pasará esto en el ESPECIAL VERANO de The Wild Project…
Id conectando que empieza ya

https://
youtube.com/live/qs7CGpmXM
hQ
…",278935,2806,91,27,2023-07-08T13:59:03+00:00,2026-03-19T17:22:13.986052+00:00
https://x.com/JordiWild/status/1677338437798510592,"JordiWild","hola buenas tardes",815178,11496,284,436,2023-07-07T15:27:01+00:00,2026-03-19T17:22:13.986052+00:00
https://x.com/JordiWild/status/1677040918883385344,"JordiWild","Este sábado 8 de julio ESPECIAL VERANO (EN DIRECTO) en The Wild Project. De 4 de la tarde a 6 de la madrugada. Con:
- Debate sobre la existencia de DIOS ft 
@QuantumFracture
 y Josué Moreno
- Charla con 
@TheGrefg
 
- Tertulia especial
- Terror con sorpresas",252003,1967,108,56,2023-07-06T19:44:47+00:00,2026-03-19T17:22:13.986052+00:00
https://x.com/JordiWild/status/1673450718051680263,"JordiWild","Yo si fuera Ibai me pego un tiro con todos los problemas de este año ",3070879,52786,963,441,2023-06-26T21:58:37+00:00,2026-03-19T17:22:13.986052+00:00
https://x.com/JordiWild/status/1672967340026208256,"JordiWild","Sorpresa: nuevo vídeo en El Rincón de Giorgio 
El caso de torturesoup.avi es uno de los más intrigantes y terroríficos de la historia de internet… ¡Todos a verlo!",396179,2682,119,47,2023-06-25T13:57:50+00:00,2026-03-19T17:22:13.986052+00:00
https://x.com/JordiWild/status/1671962710441861120,"JordiWild","Acaba de salir el nuevo FINAL FANTASY XVI en exclusiva para PlayStation5.

Mi saga favorita nos trae una nueva historia en Valisthea, combate único en un Final Fantasy, espectacular máximo, batallas épicas con eikons gigantes...

Aunque no seais expertos de la saga o no hayáis",638143,3774,88,92,2023-06-22T19:25:48+00:00,2026-03-19T17:22:13.986052+00:00
https://x.com/JordiWild/status/1671170433461391366,"JordiWild","NUEVO PODCAST
Nacho, siempre te tendremos en nuestros corazones ",266834,711,24,32,2023-06-20T14:57:34+00:00,2026-03-19T17:22:13.986052+00:00
https://x.com/JordiWild/status/1669363261999808512,"JordiWild","NUEVO PODCAST
Especial Filosofía y Ciencia en The Wild Project. ¿Existe Dios? ¿Vivimos en una simulación? ¿El tiempo existe de verdad? Muchas preguntas existenciales se lanzan en este episodio que os romperá la cabeza ",171532,932,55,29,2023-06-15T15:16:31+00:00,2026-03-19T17:22:13.986052+00:00
https://x.com/JordiWild/status/1668635816061730817,"JordiWild","NUEVO PODCAST
Javi Santaolalla 
@JaSantaolalla
  y Enric de Adictos a la Filosofia me acompañan para esta tertulia tan bonita, con tantas risas y conocimiento. ¡No os lo perdáis!",158090,793,46,19,2023-06-13T15:05:54+00:00,2026-03-19T17:22:13.986052+00:00
https://x.com/JordiWild/status/1668628009061089280,"JordiWild","Después del desastre de la firma de St Jordi, 
@PapaGiorgioReal
 y yo os prometimos otra en Barcelona… pues aquí está 
Tenéis que registraros en el link para que os apunten y así no haya problemas como la otra vez. Nos vemos el viernes 

https://
eventbrite.es/e/entradas-fir
ma-de-jordi-wild-y-papa-giorgio-652057370147?aff=oddtdtcreator
…",241822,1231,37,18,2023-06-13T14:34:53+00:00,2026-03-19T17:22:13.986052+00:00
https://x.com/JordiWild/status/1668230844840919041,"JordiWild","Y tras Starfield, Baldur’s Gate 3 muestra esta putísima locura… Vuelvo a poner sobre la mesa que este 2023 puede ser el mejor año de la historia de los videojuegos ",339114,1338,45,32,2023-06-12T12:16:42+00:00,2026-03-19T17:22:13.986052+00:00
https://x.com/JordiWild/status/1668011864888946694,"JordiWild","Tenía mis dudas, pero STARFIELD tiene una pinta tan tremenda, que me lo voy a meter por donde sea con mucho gusto ",280100,2365,62,53,2023-06-11T21:46:33+00:00,2026-03-19T17:22:13.986052+00:00
https://x.com/JordiWild/status/1667758884201676808,"JordiWild","Guardiola es el mejor entrenador del mundo. No busquéis más excusas.",458064,6077,262,135,2023-06-11T05:01:18+00:00,2026-03-19T17:22:13.986052+00:00
https://x.com/JordiWild/status/1666817840454995970,"JordiWild","ESPECIAL CINE EN THE WILD PROJECT
Un crack total, 
@JMaquiavello
 viene para hablar durante 5 horas de cine (y series). Los mejores de la historia, la cara B de Hollywood, la inclusión, películas polémicas, diectores top y sobrevalorados... ¡Tremendo!",632523,2093,198,70,2023-06-08T14:41:55+00:00,2026-03-19T17:22:13.986052+00:00
https://x.com/JordiWild/status/1666098877617823744,"JordiWild","NUEVO PODCAST
Tertulia como cada semana con uno de los temas más interesantes de los últimos tiempos: ¡¡Desvelado el Asesino de Zodiaco 50 años después!!",154482,646,22,16,2023-06-06T15:05:01+00:00,2026-03-19T17:22:13.986052+00:00
https://x.com/JordiWild/status/1666092744480260097,"JordiWild","Me saldrá barato ver 4 pulpos este verano",453287,5972,208,31,2023-06-06T14:40:39+00:00,2026-03-19T17:22:13.986052+00:00
https://x.com/JordiWild/status/1665702090600071168,"JordiWild","Si Messi viene al Barça la temporada que viene, me tiño de rubio. Guardad esto.",1074535,26203,1189,289,2023-06-05T12:48:20+00:00,2026-03-19T17:22:13.986052+00:00
https://x.com/JordiWild/status/1664279787135967235,"JordiWild","NUEVO PODCAST
Mariah Oliver, que fue fundadora, madrina y reina de los Latin Kings me visita para una charla brutal. Desde su paso por la cárcel, hasta como reinsertar a los pandilleros. Una maravilla de historia y de persona. ¡No os lo perdáis!",269779,1175,47,27,2023-06-01T14:36:36+00:00,2026-03-19T17:22:13.986052+00:00
https://x.com/JordiWild/status/1663554459300147200,"JordiWild","NUEVO PODCAST
Tertulia como cada semana en The Wild Project. En esta ocasión hablamos de muchas cosas, siendo una de ellas la mala situación que tengo con YT y la posibilidad de llevar TWP a otras plataformas... ¡Todos a verlo!",243924,1410,44,29,2023-05-30T14:34:25+00:00,2026-03-19T17:22:13.986052+00:00
https://x.com/JordiWild/status/1662882861425340416,"JordiWild","He visto imágenes similares, incluso he reaccionado en el podcast, pero cada vez que veo un vídeo de Kengsinton y de la pandemia de fentanilo me quedo fatal, poco se habla de lo que está pasando a día de hoy en Estados Unidos. Es como una película apocalíptica real.",1579521,9418,735,191,2023-05-28T18:05:43+00:00,2026-03-19T17:22:13.986052+00:00
https://x.com/JordiWild/status/1661748745162342401,"JordiWild","NUEVO PODCAST
Aunque sigo sin monetizar ni un solo vídeo de los que hago, la cosa no para. Hoy se viene un tío MUY GRANDE, Joan Pradells, que me hace parecer un chico de 155 y 48kg.
No os perdáis la charla, porque está muy interesante ",524182,3376,120,68,2023-05-25T14:59:09+00:00,2026-03-19T17:22:13.986052+00:00
https://x.com/JordiWild/status/1661017965813465091,"JordiWild","NUEVO PODCAST
Mientras decido que hago con mi The Wild Project, y en qué plataforma lo acabo haciendo... Seguimos trabajando: aquí tenéis la tertulia de hoy, ¡Con Leo y Albert y muchos temas interesantes!
¡No os lo perdáis!

https://
youtu.be/SJFJkxXCLME",691015,3575,84,66,2023-05-23T14:35:17+00:00,2026-03-19T17:22:13.986052+00:00
https://x.com/JordiWild/status/1661012894056841217,"JordiWild","Para que veáis lo que me pasa CON TODOS los vídeos en los últimos dos meses:
Por si no lo sabéis, un vídeo amarillo = casi no cobrar nada.
Lo que tengo que hacer es pedir revisión uno a uno, y al cabo de varios días me los ponen casi todos en verde. Pero por supuesto, han perdido",2710102,13573,451,388,2023-05-23T14:15:08+00:00,2026-03-19T17:22:13.986052+00:00
https://x.com/JordiWild/status/1727651280888164721,"JordiWild","Holy shit",387860,3746,66,68,2023-11-23T11:32:18+00:00,2026-03-19T17:21:44.023231+00:00
https://x.com/JordiWild/status/1727326247305331166,"JordiWild","¡Regresa Dogfight Wild Tournament!
MMA, Bare Knucle, Contacto Sangriento, 3vs1, Last Survivor… y muchas batallas más.
El evento más loco del año, el 9 de Febrero en Tarraco Arena 
Entradas YA A LA VENTA aquí: 
https://
tarracoarena.com/evento/dwt-2nd
-impact/
…",1644669,9160,945,228,2023-11-22T14:00:44+00:00,2026-03-19T17:21:44.023231+00:00
https://x.com/JordiWild/status/1727010090979643513,"JordiWild","NUEVO PODCAST
Regresa la tertulia con bombazo incorporado ",247564,665,28,37,2023-11-21T17:04:26+00:00,2026-03-19T17:21:44.023231+00:00
https://x.com/JordiWild/status/1724468077927030865,"JordiWild","NUEVO PODCAST
Tertulia como cada semana, en este caso la noticia estrella es el retorno sorpresa de la Yandere Real de una forma totalmente inesperada.",150466,733,34,23,2023-11-14T16:43:23+00:00,2026-03-19T17:21:44.023231+00:00
https://x.com/JordiWild/status/1722997763036655922,"JordiWild","NUEVO PODCAST
Vamos a romper el tabú y a hablar de la energía nuclear, sus ventajas, problemas, y las famosas explosiones de Chernobyl y Fukushima. Todo sin mentiras y sin miedo. Con un crack en la materia: 
@OperadorNuclear",194870,1318,163,39,2023-11-10T15:20:53+00:00,2026-03-19T17:21:44.023231+00:00
https://x.com/JordiWild/status/1722278746105999505,"JordiWild","Muchos años esperando el GTA 6 ",1169368,34495,1462,246,2023-11-08T15:43:46+00:00,2026-03-19T17:21:44.023231+00:00
https://x.com/JordiWild/status/1722278119783235959,"JordiWild","NUEVO PODCAST
Hoy sí, aquí tenéis el podcast con un sonido maravilloso :)

https://
youtu.be/OI0H-HvHxGk",136436,689,30,21,2023-11-08T15:41:16+00:00,2026-03-19T17:21:44.023231+00:00
https://x.com/JordiWild/status/1721931280294498725,"JordiWild","Mi gente, se renderizó mal el sonido del podcast de hoy, por lo que debo resubirlo y publicarlo mañana, a la misma hora de siempre: 5 de la tarde (hora española).
El 1vs1 se publicará el viernes.
Lo siento amigos ",322508,3337,39,74,2023-11-07T16:43:03+00:00,2026-03-19T17:21:44.023231+00:00
https://x.com/JordiWild/status/1721175224576618940,"JordiWild","NUEVO VÍDEO
Terminamos la SEMANA DE HALLOWEEN 2023 por todo lo alto, con el caso del monstruo real que inspiró la saga SAW: el Asesino de la Caja de Juguetes.",161484,1114,59,11,2023-11-05T14:38:46+00:00,2026-03-19T17:21:44.023231+00:00
https://x.com/JordiWild/status/1720538144196497478,"JordiWild","NOCHE DE TERROR CONMIGO
Directo especial para seguir con esta SEMANA DE HALLOWEEN 2023 en mi canal, no os lo perdáis… o maldición para vosotros!!!",145998,988,48,16,2023-11-03T20:27:14+00:00,2026-03-19T17:21:44.023231+00:00
https://x.com/JordiWild/status/1719746023692685366,"JordiWild","NUEVO PODCAST
Especial TERROR en The Wild Project con el gran Iker Jiménez 
@navedelmisterio
 en el que relatará un montón de historias terroríficas que os van a dejar el culo torcido. Continuamos con LA SEMANA DE HALLOWEEN  

https://
youtu.be/1IL4LgKSUzk?si
=PmAOvh9-J3L3WAQm
…",158598,1228,106,33,2023-11-01T15:59:38+00:00,2026-03-19T17:21:44.023231+00:00
https://x.com/JordiWild/status/1719471238530166913,"JordiWild","Todos hoy de fiesta y yo trabajando como un cabrón como cada Halloween. Maldito el día que me inventé La Semana de jalouin 
Disfrutad por mi por favor, haced el amor y bailad en akelarres. Gracias.",272733,5725,158,84,2023-10-31T21:47:44+00:00,2026-03-19T17:21:44.023231+00:00
https://x.com/JordiWild/status/1719409914315931951,"JordiWild","1, 2 o 3",239980,1110,25,54,2023-10-31T17:44:03+00:00,2026-03-19T17:21:44.023231+00:00
https://x.com/JordiWild/status/1718995614728384786,"JordiWild","COMIENZA LA SEMANA DE HALLOWEEN 2023
Cada día, contenido de temática oscura y de terror.
Hoy: la historia real de Luis Alfredo Garavito, LA BESTIA, el mayor y más repugnante asesino en serie de la historia.",181705,1834,163,38,2023-10-30T14:17:46+00:00,2026-03-19T17:21:44.023231+00:00
https://x.com/JordiWild/status/1718440655263879536,"JordiWild","Se me acaba de romper el corazón en pedazos",1317186,20183,1522,221,2023-10-29T01:32:33+00:00,2026-03-19T17:21:44.023231+00:00
https://x.com/JordiWild/status/1717907686891626888,"JordiWild","Para todos los que me preguntáis:
Como HALLOWEEN es el martes, esta SEMANA DE HALLOWEEN en el Rincón de Giorgio comenzará el lunes 30 de Octubre, y terminará el 5 de Noviembre. Así la noche de Halloween está dentro de la propia semana 
Os vais a cagar de miedo...",301503,5814,262,105,2023-10-27T14:14:44+00:00,2026-03-19T17:21:44.023231+00:00
https://x.com/JordiWild/status/1716086030917386250,"JordiWild","También en audio, el número 1 indiscutible.
Hemos vuelto con fuerza, gracias a vosotros por el cariño y la lealtad.
Este año será grandioso.",347428,3943,87,80,2023-10-22T13:36:07+00:00,2026-03-19T17:21:44.023231+00:00
https://x.com/JordiWild/status/1715822298345730506,"JordiWild","Volkanovski nooooooooooooooooooooooooooooooo",704491,4884,165,140,2023-10-21T20:08:09+00:00,2026-03-19T17:21:44.023231+00:00
https://x.com/JordiWild/status/1715438134454845768,"JordiWild","El ser humano más fachero del planeta",391928,10093,253,68,2023-10-20T18:41:37+00:00,2026-03-19T17:21:44.023231+00:00
https://x.com/JordiWild/status/1715014326107468126,"JordiWild","NUEVO PODCAST
Arkano me visita, para un podcast en el que hablaremos de todo, desde batallas de gallos legendarias, hasta su paso por tv, así como las críticas que ha tenido que aguantar y su no tan idílica vida privada. Un genio 
@SmoothArkano",259355,878,46,38,2023-10-19T14:37:33+00:00,2026-03-19T17:21:44.023231+00:00
https://x.com/JordiWild/status/1712477616933093634,"JordiWild","NUEVO PODCAST
David Jiménez regresa al podcast para un episodio en el que analizará lo que está pasando en Israel,  sin olvidar los propios problemas de España como la amnistía. También contará más aventuras que ha vivido y mucho más. ¡No os lo perdáis!",285042,1488,141,46,2023-10-12T14:37:34+00:00,2026-03-19T17:21:44.023231+00:00
https://x.com/JordiWild/status/1711497247429374420,"JordiWild","Cuando la UFC venga a España con Ilia Topuria quiero estar involucrado de algún modo, como si tengo que llevar las toallas a los luchadores, pero metedme ahí por algún lado. Os quiero 
@UFCEspanol
 
@ufc",832304,6535,155,74,2023-10-09T21:41:56+00:00,2026-03-19T17:21:44.023231+00:00
https://x.com/JordiWild/status/1709945321659511175,"JordiWild","NUEVO PODCAST
El crack de Aníbal Bueno me visita para un podcast de aventuras en el que aprenderemos algunas cosas casi inimaginables. ¡No os lo perdáis!",119128,601,35,25,2023-10-05T14:55:08+00:00,2026-03-19T17:21:44.023231+00:00
https://x.com/JordiWild/status/1709208465107730872,"JordiWild","Buenas noticias, aunque aún no estoy al 100%, ya me he recuperado lo suficiente como para grabar podcasts de nuevo 
Así que hoy regresa THE WILD PROJECT y jueves nuevo invitado espectacular (espero que os gusten las aventuras...)",302172,3136,52,84,2023-10-03T14:07:08+00:00,2026-03-19T17:21:44.023231+00:00
https://x.com/JordiWild/status/1708098228359422259,"JordiWild","",1201568,42240,1989,63,2023-09-30T12:35:27+00:00,2026-03-19T17:21:44.023231+00:00
https://x.com/JordiWild/status/1707046808479035450,"JordiWild","La cara de felicidad por poder jugar en cualquier sitio con el mejor portátil que he tenido en mi vida: el Legion Pro 7i, que viene con #IntelCorei9Processor y serie 40 de Nvidia. Puedes conseguirlo con 20% dto. aquí: 
https://
lenovo.com/es/es/p/laptop
s/legion-laptops/legion-pro-series/legion-pro-7i-gen-8-(16-inch-intel)/len101g0023
…
#Patrocinado",421708,2966,52,129,2023-09-27T14:57:29+00:00,2026-03-19T17:21:44.023231+00:00
https://x.com/JordiWild/status/1705275823358349723,"JordiWild","Amores, me ha dado un ataque fuerte de vértigo (mareos constantes, vómitos, no puedo levantarme), por lo que dudo mucho que este lunes haya tertulia, y ya veremos cuando regreso.
No es nada grave, pero mientras esté con ello, me es imposible hacer nada que no sea estar estirado.",1948641,13102,248,476,2023-09-22T17:40:13+00:00,2026-03-19T17:21:44.023231+00:00
https://x.com/JordiWild/status/1704147392478523668,"JordiWild","NUEVO PODCAST
Tertulia con mi querida Leo y mi querido Sergio 
¡Todo el mundo a verla!",166175,829,31,25,2023-09-19T14:56:14+00:00,2026-03-19T17:21:44.023231+00:00
https://x.com/JordiWild/status/1703435831677956585,"JordiWild","SORPRESA: Nuevo vídeo en El Rincón de Giorgio
Os dije que volvería a los dos canales 
Las cintas de vídeo de Ricardo López, o como un hombre grabó su descenso a la locura con la intención de matar a la cantante Björk.",390617,3472,142,55,2023-09-17T15:48:45+00:00,2026-03-19T17:21:44.023231+00:00
https://x.com/JordiWild/status/1702350617958568176,"JordiWild","NUEVO PODCAST

@gerardromero
 se viene para contarme cositas muy jugosas del Barça ",272422,1646,89,63,2023-09-14T15:56:30+00:00,2026-03-19T17:21:44.023231+00:00
https://x.com/JordiWild/status/1702043018784584184,"JordiWild","por qué los supuestos aliens parecen un extra de Men In Black 2",3478481,53454,1794,628,2023-09-13T19:34:12+00:00,2026-03-19T17:21:44.023231+00:00
https://x.com/JordiWild/status/1701597793067180174,"JordiWild","Regresa THE WILD PROJECT hoy:

https://
youtu.be/vb-MM2qn4nI

Todo el mundo a verlo, volvemos con fuerza, con amor y cariño ",167239,2017,115,61,2023-09-12T14:05:02+00:00,2026-03-19T17:21:44.023231+00:00
https://x.com/JordiWild/status/1701249450918756764,"JordiWild","MAÑANA REGRESA THE WILD PROJECT
A las 5 de la tarde (hora española) comenzamos temporada, con Salva y Albert que se reconcilian después de meses sin hablarse.
Y hay novedades con el Justin Bieber de la suerte…",336416,3632,143,66,2023-09-11T15:00:51+00:00,2026-03-19T17:21:44.023231+00:00
https://x.com/JordiWild/status/1700729645606338853,"JordiWild","Qué puta locura lo de Strickland!!!!!
#UFC293",209401,1586,54,42,2023-09-10T04:35:20+00:00,2026-03-19T17:21:44.023231+00:00
https://x.com/JordiWild/status/1700727708953489870,"JordiWild","Si Strickland acaba ganando a puntos a Adesanya, es una de las mayores sorpresas de la historia de la UFC 
#UFC293",360339,1678,44,42,2023-09-10T04:27:38+00:00,2026-03-19T17:21:44.023231+00:00
https://x.com/JordiWild/status/1699464338883461456,"JordiWild","Cada hora que juego a STARFIELD me gusta más 
Todd Howard te como los huevos.",603589,5572,209,132,2023-09-06T16:47:27+00:00,2026-03-19T17:21:44.023231+00:00
https://x.com/JordiWild/status/1697609627360264684,"JordiWild","STARFIELD es un juego Bethesda old school, para lo bueno y para lo malo.
Lo bueno: mucho texto y de cierta calidad, bastantes decisiones importantes, libertad para ser cómo quieras, seguramente un buen puñado de misiones interesantes, el combate me ha parecido de lo mejor que han",638358,3994,167,144,2023-09-01T13:57:29+00:00,2026-03-19T17:21:44.023231+00:00
https://x.com/JordiWild/status/1733975167099965717,"JordiWild","Bueno, hemos perdido con el equipo más grande de Catalunya.",446303,4886,104,54,2023-12-10T22:21:10+00:00,2026-03-19T17:20:13.947738+00:00
https://x.com/JordiWild/status/1733136017014526280,"JordiWild","Que se abra un debate sobre un problema de salud como es la obesidad, siempre que sea con respeto y educación, no es gordofobia.
Promover una mejor alimentación y un estilo de vida saludable y poco sedentario es algo necesario y bueno para nosotros.

A partir de aquí, que cada",4530646,26249,3629,753,2023-12-08T14:46:41+00:00,2026-03-19T17:20:13.947738+00:00
https://x.com/JordiWild/status/1732974487446896884,"JordiWild","BALDUR’S GATE 3 no es el GOTY.

Es el juego de la década.",902721,9861,557,302,2023-12-08T04:04:49+00:00,2026-03-19T17:20:13.947738+00:00
https://x.com/JordiWild/status/1732952882234728514,"JordiWild","Hideo Kojima + Terror = Perfección",334065,3939,199,31,2023-12-08T02:38:58+00:00,2026-03-19T17:20:13.947738+00:00
https://x.com/JordiWild/status/1732395597477388633,"JordiWild","He puesto una entradas extra a la venta de DOGFIGHT WILD TOURNAMENT 2nd Impact.
No van a haber más, si queréis venir, este es vuestro momento, porque van a durar poco me temo.
ENTRADAS AQUÍ: 
https://
tarracoarena.com/evento/dwt-2nd
-impact/
…",470141,878,32,60,2023-12-06T13:44:31+00:00,2026-03-19T17:20:13.947738+00:00
https://x.com/JordiWild/status/1732177351423742143,"JordiWild","Muy grande la referencia de mi padre en GTA 6",1306492,35810,899,132,2023-12-05T23:17:17+00:00,2026-03-19T17:20:13.947738+00:00
https://x.com/JordiWild/status/1731858828470190317,"JordiWild","Que los protagonistas de GTA 6 sean una pareja me parece brutal. Ojalá permitan explorar su relación: celos, infidelidades, matrimonio, incluso cortar…
Si alguien puede hacerlo, es Rockstar.",1550137,34761,1362,278,2023-12-05T02:11:35+00:00,2026-03-19T17:20:13.947738+00:00
https://x.com/JordiWild/status/1731828098750927159,"JordiWild","GTA VI COMPRADO DÍA 1",965004,21008,943,172,2023-12-05T00:09:29+00:00,2026-03-19T17:20:13.947738+00:00
https://x.com/JordiWild/status/1731823837962993871,"JordiWild","Con la salida del trailer del GTA 6 ya podemos dar por terminado el año. ¿No?",669695,16336,747,177,2023-12-04T23:52:33+00:00,2026-03-19T17:20:13.947738+00:00
https://x.com/JordiWild/status/1731380523866411350,"JordiWild","Estaré en directo con Salva y Albert haciendo cositas aquí. Ya podéis entrar :",151518,472,15,8,2023-12-03T18:30:59+00:00,2026-03-19T17:20:13.947738+00:00
https://x.com/JordiWild/status/1729526948294963711,"JordiWild","Si no es una broma de mal gusto, que en el fondo me gustaría, ha fallecido Villano Fitness.
Tuve el placer de entrevistarle hace tiempo, y fue un tío espectacular y sincero, que era consciente de que se la jugaba con su estilo de vida. Siempre fue realista con esto.
No sé qué le",4650612,27867,2506,513,2023-11-28T15:45:32+00:00,2026-03-19T17:20:13.947738+00:00
https://x.com/nicumkoro/status/2034436655826743433,"nicumkoro","i mean dad dad son",256271,38689,2708,22,2026-03-19T01:07:51+00:00,2026-03-19T17:13:44.745577+00:00
https://x.com/Your_sweetgurl/status/2034405636641800393,"Your_sweetgurl","Bubble Butt ",1605023,85832,3131,765,2026-03-18T23:04:35+00:00,2026-03-19T17:13:44.745577+00:00
https://x.com/ChinaGlobl/status/2034373360998576593,"ChinaGlobl","

The famous British comedian Mr. Bean:

“I feel ashamed of the United Kingdom for allowing Israel to besiege two million people in Gaza, cutting off their electricity, water, and medicine, and then claiming it is defending human rights.”",1752598,126639,30267,572,2026-03-18T20:56:20+00:00,2026-03-19T17:13:44.745577+00:00
https://x.com/Raviolico1/status/2034360944239775807,"Raviolico1","Que comentario más estúpido",13,1,0,0,2026-03-18T20:07:00+00:00,2026-03-19T17:13:44.745577+00:00
https://x.com/JordiWild/status/2034346611036369259,"JordiWild","",167229,13176,452,89,2026-03-18T19:10:03+00:00,2026-03-19T17:13:44.745577+00:00
https://x.com/SChecoPerez/status/2034322736319782961,"SChecoPerez","The new 
http://
checoperez.com is LIVE.
Everything Checo. One place.
 
http://
checoperez.com",81622,6626,806,64,2026-03-18T17:35:10+00:00,2026-03-19T17:13:44.745577+00:00
https://x.com/Pixar/status/2034320195549024746,"Pixar","Showtime
#Incredibles3 is coming to theaters June 16, 2028",5878118,199757,29258,1995,2026-03-18T17:25:05+00:00,2026-03-19T17:13:44.745577+00:00
https://x.com/bymrsabado/status/2031134131665408250,"bymrsabado","",6470,231,6,1,2026-03-09T22:24:48+00:00,2026-03-19T17:13:44.745577+00:00
https://x.com/JordiWild/status/2031130853552640437,"JordiWild","El main event que merecíamos",275761,22152,1118,117,2026-03-09T22:11:46+00:00,2026-03-19T17:13:44.745577+00:00
https://x.com/DEX_MZ1/status/2027305031653822676,"DEX_MZ1","Si fui viendo a esta joya con la tradición del Residente del mal 
@JordiWild",34,0,0,0,2026-02-27T08:49:19+00:00,2026-03-19T17:13:44.745577+00:00
https://x.com/JordiWild/status/2027027357534437613,"JordiWild","VUELVE LA TRADICIÓN
Residente del Mal 9 Descanso en El Rincón de Giorgio.
Cada día nuevo vídeo hasta terminarme el juego ",825205,4159,240,104,2026-02-26T14:25:57+00:00,2026-03-19T17:13:44.745577+00:00
https://x.com/JordiWild/status/2025569755969519754,"JordiWild","SE VIENEN COSAS ESTA SEMANA
- HoyNuevo caso terrorífico en el Rincón: 
https://
youtu.be/3R8ib0JPlo0
- Miércoles  Especial CASO EPSTEIN en The Wild Project
- Jueves  Comienzo RESIDENTE DEL MAL 9 en el Rincón: cada día gameplay hasta terminarlo
Nada mal, eh.",192352,2143,149,84,2026-02-22T13:53:57+00:00,2026-03-19T17:13:44.745577+00:00
https://x.com/JordiWild/status/2024687149262541028,"JordiWild","De pequeño nos decían que en el futuro los coches volarían. Llegué al futuro, y lo que hay son therians.",1391441,56085,5049,647,2026-02-20T03:26:47+00:00,2026-03-19T17:13:44.745577+00:00
https://x.com/JordiWild/status/2024515424252023039,"JordiWild","Inicios de año y ya tenemos la cárcel de Arkham en la vida real.",177071,8520,381,70,2026-02-19T16:04:25+00:00,2026-03-19T17:13:44.745577+00:00
https://x.com/JordiWild/status/2013749302531674260,"JordiWild","este es de los míos",321497,23325,1126,102,2026-01-20T23:03:42+00:00,2026-03-19T17:13:44.745577+00:00
https://x.com/JordiWild/status/2013033529618117111,"JordiWild","",562832,47186,1139,37,2026-01-18T23:39:28+00:00,2026-03-19T17:13:44.745577+00:00
https://x.com/JordiWild/status/2013010865327407456,"JordiWild","No Raphinha No fun",182838,6553,125,179,2026-01-18T22:09:24+00:00,2026-03-19T17:13:44.745577+00:00
https://x.com/JordiWild/status/2011562527214473268,"JordiWild","Al menos han competido.",516055,27637,1037,304,2026-01-14T22:14:14+00:00,2026-03-19T17:13:44.745577+00:00
https://x.com/JordiWild/status/2010458443598209335,"JordiWild","¡Visca el Barça hostia!

Partidazo de los dos equipos ",280314,25194,859,235,2026-01-11T21:07:00+00:00,2026-03-19T17:13:44.745577+00:00
https://x.com/JordiWild/status/2010436272624738515,"JordiWild","Lamine es el futuro, pero el auténtico líder de este Barça es Raphinha.",720960,50168,2315,149,2026-01-11T19:38:54+00:00,2026-03-19T17:13:44.745577+00:00
https://x.com/JordiWild/status/2007904274391642192,"JordiWild","Podcast especial sobre la detención de Nicolás Maduro, un análisis de cómo se realizó la operación ABSOLUTE RESOLVE y qué futuro le espera al dictador.

No os lo perdáis, porque son 3 horas de máximo interés para todos:",397838,3620,302,138,2026-01-04T19:57:38+00:00,2026-03-19T17:13:44.745577+00:00
https://x.com/JordiWild/status/2007435586957639723,"JordiWild","Maduro, ¿quién está seco ahora, eh?
Venga te me cuidas.",4593865,162103,17078,2865,2026-01-03T12:55:14+00:00,2026-03-19T17:13:44.745577+00:00
https://x.com/JordiWild/status/2006838717978419303,"JordiWild","",1156862,78409,3767,117,2026-01-01T21:23:30+00:00,2026-03-19T17:13:44.745577+00:00
https://x.com/JordiWild/status/2006571323011510668,"JordiWild","ya estoy borracho felzi año",459647,14092,710,133,2026-01-01T03:40:58+00:00,2026-03-19T17:13:44.745577+00:00
https://x.com/JordiWild/status/2003473653326090697,"JordiWild","tus tíos en la cena de navidad a la tercera copa",295805,8785,303,95,2025-12-23T14:31:56+00:00,2026-03-19T17:13:44.745577+00:00
https://x.com/JordiWild/status/2002411892606726629,"JordiWild","Entre mis 5.000€ y las donaciones vuestras de 18.115€ en una semana, se ha donado casi 25.000€ para la investigación de la ELA.
Mil gracias a todos, sois muy grandes 

Si queréis donar, la cantidad no importa, por pequeña que sea ayuda mucho, aquí tenéis:

Donaciones Bizum",1140278,23167,1295,109,2025-12-20T16:12:52+00:00,2026-03-19T17:13:44.745577+00:00
https://x.com/JordiWild/status/1999334127904932322,"JordiWild","A Expedition 33 solo le ha faltado ganar mejor película de habla no inglesa. #TheGameAwards",200217,5242,168,86,2025-12-12T04:22:56+00:00,2026-03-19T17:13:44.745577+00:00
https://x.com/JordiWild/status/1999332423474294947,"JordiWild","Expedition 33 es un grandísimo juego, pero el GOTY era Kingdom Come 2. Y se acabó.
#TheGameAwards",390321,9533,628,541,2025-12-12T04:16:10+00:00,2026-03-19T17:13:44.745577+00:00
https://x.com/JordiWild/status/1999295994606027143,"JordiWild","LEON EN RESIDENT EVIL ES TODO LO QUE ESTÁ BIEN #TheGameAwards",478763,28828,2446,140,2025-12-12T01:51:24+00:00,2026-03-19T17:13:44.745577+00:00
https://x.com/JordiWild/status/1999152424171286945,"JordiWild","Podcast con uno de los mayores genios de física cuántica del mundo: Juan Ignacio Cirac.
No te pierdas un podcast que va a romperte la cabeza.",780280,1393,83,23,2025-12-11T16:20:55+00:00,2026-03-19T17:13:44.745577+00:00
https://x.com/JordiWild/status/1998851683129110853,"JordiWild","Vale, definitivamente ya nos hemos hecho viejos ",731660,22692,573,70,2025-12-10T20:25:52+00:00,2026-03-19T17:13:44.745577+00:00
https://x.com/JordiWild/status/1988738256637423912,"JordiWild","Pues se acabó la guerra de consolas",812775,16287,641,388,2025-11-12T22:38:44+00:00,2026-03-19T17:13:44.745577+00:00
https://x.com/JordiWild/status/1983934328158531658,"JordiWild","ESPECIAL HALLOWEEN EN THE WILD PROJECT
Beatriz de Vicente analizando los mayores asesinos en serie de la historia ",881739,1458,76,53,2025-10-30T16:29:38+00:00,2026-03-19T17:13:44.745577+00:00
https://x.com/JordiWild/status/1981752327607304299,"JordiWild","Un orgullo tener delante a Gustavo Santaolalla mientras toca The Last Of Us ",431211,22093,1790,190,2025-10-24T15:59:08+00:00,2026-03-19T17:13:44.745577+00:00
https://x.com/JordiWild/status/1978893609601765448,"JordiWild","NUEVO PODCAST
Los periodistas Jorge Saucedo y Genar Martí vienen para un episodio especial sobre el CASO ALCÀSSER. Son los creadores de un documental que investiga a fondo la fuga de Antonio Anglés y tienen testigos con los que nadie había hablado antes.
¡No os lo perdáis tigres!",266096,1815,68,82,2025-10-16T18:39:37+00:00,2026-03-19T17:13:44.745577+00:00
https://x.com/JordiWild/status/1978848844700946762,"JordiWild","",1539311,74292,4906,274,2025-10-16T15:41:44+00:00,2026-03-19T17:13:44.745577+00:00
https://x.com/JordiWild/status/1978820706600100145,"JordiWild","Y ya termino con todo este tema por aquí, comentaré más en la próxima tertulia, que la historia da para debatir y charlar un buen rato. 

Esta tarde podcast especial sobre el Caso Alcàsser, con dos periodistas que han investigado lo que nadie había hecho antes.

Este mes no habrá",969949,9602,172,197,2025-10-16T13:49:55+00:00,2026-03-19T17:13:44.745577+00:00
https://x.com/JordiWild/status/1978799636392411337,"JordiWild","POR CIERTO, 
@rbarragan_ entiendo que en 
@MeriStation
 estáis en horas bajas como revista de videojuegos, y os tenéis que dedicar a hablar de los influencers constantemente para que os lean, pero la redacción de este titular es directamente para que os meta un puro legal, a ambos.",1344386,15261,622,596,2025-10-16T12:26:12+00:00,2026-03-19T17:13:44.745577+00:00
https://x.com/JordiWild/status/1978774019521343687,"JordiWild","Bueno, ahora que ha pasado el boom 

Para los moralistas y las charitos de twitter:
¿Qué es una raya para un tigre? 

Para la gente normal:
En los últimos años salgo poquísimo de fiesta, no fumo, no vapeo, no como azúcar ni ultraprocesados, en mi día a día no bebo nada de",5435241,40493,2811,1975,2025-10-16T10:44:24+00:00,2026-03-19T17:13:44.745577+00:00
https://x.com/JordiWild/status/1978236406108467333,"JordiWild","",934888,18868,787,612,2025-10-14T23:08:07+00:00,2026-03-19T17:13:44.745577+00:00
https://x.com/JordiWild/status/1973148597123530831,"JordiWild","Venga, este miércoles regresa El Rincón de Giorgio con uno de los casos que más me habíais pedido: ED GEIN, El Carnicero de Plainfield.
No os perdáis la historia real del psicópata más macabro de todos los tiempos ",1326937,4430,197,81,2025-09-30T22:10:59+00:00,2026-03-19T17:13:44.745577+00:00
https://x.com/JordiWild/status/1969072988008972683,"JordiWild","Se vienen cositas...",184212,1291,34,41,2025-09-19T16:15:58+00:00,2026-03-19T17:13:44.745577+00:00
https://x.com/JordiWild/status/1965372769316778320,"JordiWild","VUELVE THE WILD PROJECT
Regresamos con una hermosa tertulia Espero que esta temporada os guste tanto como las anteriores.
¡Todo el mundo a verlo!:",1230196,2077,93,58,2025-09-09T11:12:37+00:00,2026-03-19T17:13:44.745577+00:00
https://x.com/JordiWild/status/1964680039938809975,"JordiWild","BUENO SE ACABARON LAS VACACIONES

Este martes 9 de Septiembre vuelve THE WILD PROJECT y en unos pocos días, el RINCÓN DE GIORGIO.

Este inicio de podcast será brutal: ciencia, humor, Imperio Romano (de verdad), Leyendas en persona, y mucho más...",825370,10704,253,205,2025-09-07T13:19:58+00:00,2026-03-19T17:13:44.745577+00:00
https://x.com/JordiWild/status/1948728872381386916,"JordiWild","La casa de los horrores (solo los sabios entenderan)",643824,8636,168,182,2025-07-25T12:55:43+00:00,2026-03-19T17:13:44.745577+00:00
https://x.com/JordiWild/status/1947733147556450694,"JordiWild","Ha muerto el jodido Ozzy Osbourne, uno de mis grandes ídolos y una auténtica leyenda.

Con su vida loquísima, ya era un milagro que hubiera pasado de los 70, aunque parecía que nos iba a enterrar a todos.

Se fue como el maestro que era: delante de millones de personas en",729122,17436,3554,265,2025-07-22T18:59:04+00:00,2026-03-19T17:13:44.745577+00:00
https://x.com/JordiWild/status/1943672473859346870,"JordiWild","Vamo a juga",224000,6771,89,82,2025-07-11T14:03:24+00:00,2026-03-19T17:13:44.745577+00:00
https://x.com/JordiWild/status/1941664380040421694,"JordiWild","Charlito ",164474,6685,93,46,2025-07-06T01:03:57+00:00,2026-03-19T17:13:44.745577+00:00
https://x.com/JordiWild/status/1940797284259885476,"JordiWild","MAÑANA HACEMOS HISTORIA EN THE WILD PROJECT EN EL ESPECIAL VERANO
- El crack de 
@yosoyplex
 
- Debate inmigración
- Entrando en la Deep Web con un hacker
- Invitado sorpresa a última hora...
Guardadlo ya:",1489299,3835,196,119,2025-07-03T15:38:25+00:00,2026-03-19T17:13:44.745577+00:00
https://x.com/JordiWild/status/1940796581084811367,"JordiWild","gta 6 in real life",450500,7407,253,99,2025-07-03T15:35:37+00:00,2026-03-19T17:13:44.745577+00:00
https://x.com/JordiWild/status/1939187839863844977,"JordiWild","Topuria tiene que estar ya en la conversación de mejor peleador de la historia.
Lo suyo no es normal.",3752320,66803,2332,656,2025-06-29T05:03:04+00:00,2026-03-19T17:13:44.745577+00:00
https://x.com/JordiWild/status/1939181045384917095,"JordiWild","",651819,15844,498,39,2025-06-29T04:36:04+00:00,2026-03-19T17:13:44.745577+00:00
https://x.com/JordiWild/status/1937212493232849016,"JordiWild","Y hoy me toca estar con mi amigo 
@Caith_Sith
 en este podcast de 12 horas de duración, no os lo podéis perder:",404932,2168,154,52,2025-06-23T18:13:44+00:00,2026-03-19T17:13:44.745577+00:00
https://x.com/JordiWild/status/1936869065781317989,"JordiWild","Mi gente, estoy en directo con Salva y Albert, hablando de muchas cosas poco interesantes, todo el mundo pa'dentro:",273410,761,27,17,2025-06-22T19:29:05+00:00,2026-03-19T17:13:44.745577+00:00
https://x.com/JordiWild/status/1936624744545010169,"JordiWild","Ojo, no os equivoquéis, a mí, el régimen de Iran, me parece de los más asquerosos del mundo, ojalá lo derroquen mañana y se carguen a todos los altos mandos. PERO, las fantasmadas de Trump deben tener un límite... como cuando ASEGURÓ terminar con la guerra Rusia-Ucrania en 48h...",3211386,44295,1710,1357,2025-06-22T03:18:14+00:00,2026-03-19T17:13:44.745577+00:00
https://x.com/JordiWild/status/1936613694844055811,"JordiWild","¿Pero Donald Trump no era el presidente de la paz, que nunca se metía en conflictos ajenos?
#ElMundoVaAExplotar",2668852,29704,1580,1895,2025-06-22T02:34:20+00:00,2026-03-19T17:13:44.745577+00:00
https://x.com/JordiWild/status/1936109632868548875,"JordiWild","En 2 semanas...
¡El 4 de Julio llega el ESPECIAL VERANO del podcast!
En directo más de 15 horas de contenido:
- Viene 
@yosoyplex
 para contarme sus aventuras
- Debate sobre la inmigración (esto va a ser una bomba)
- De madrugada, vendrá un hacker y entraremos en la DEEP WEB en",738324,10220,372,161,2025-06-20T17:11:22+00:00,2026-03-19T17:13:44.745577+00:00
https://x.com/JordiWild/status/1935358124271222957,"JordiWild","Joan García dejando el Espanyol por el Barça con todo el drama detrás",272929,11318,290,41,2025-06-18T15:25:08+00:00,2026-03-19T17:13:44.745577+00:00
https://x.com/JordiWild/status/1934675506550452402,"JordiWild","Estoy en directo con el gran JOSEBAS EL AUTÉNTICO en una nueva movida que he creado, todo el mundo PA'DENTRO!!!!!

https://
twitch.tv/josebas__",187286,505,18,5,2025-06-16T18:12:39+00:00,2026-03-19T17:13:44.745577+00:00
https://x.com/JordiWild/status/1932428798001033370,"JordiWild","YOUTUBE ES INCREÍBLE
Me han puesto restricción de edad a mi podcast con Jero García dedicado al acoso escolar y al bullying, bajo la excusa de ""suicidio infantil"", cuando hablamos de los casos extremos en los niños/as piensan en terminar con todo debido a la presión.
SI HAY un",799669,27558,1857,236,2025-06-10T13:25:02+00:00,2026-03-19T17:13:44.745577+00:00
https://x.com/JordiWild/status/1931139897210950029,"JordiWild","La mejor novela desde la Rosa de Guadalupe",2592989,109097,6067,167,2025-06-07T00:03:24+00:00,2026-03-19T17:13:44.745577+00:00
https://x.com/JordiWild/status/1930758482350739859,"JordiWild","Musk y Trump han pasado de Goku/Vegeta a Guts/Griffith.",525015,12265,638,117,2025-06-05T22:47:48+00:00,2026-03-19T17:13:44.745577+00:00
https://x.com/JordiWild/status/1930757103624294574,"JordiWild","",215608,8282,383,80,2025-06-05T22:42:19+00:00,2026-03-19T17:13:44.745577+00:00
https://x.com/JordiWild/status/1930716900264223177,"JordiWild","o sea qué cojones 
https://
x.com/elonmusk/statu
/elonmusk/status/1930703865801810022
…",1418827,27184,830,282,2025-06-05T20:02:34+00:00,2026-03-19T17:13:44.745577+00:00
https://x.com/JordiWild/status/1928821808096035022,"JordiWild","Vuelven los combates del Club De La Lucha:


https://
youtu.be/bu3bFA8TD-I?si
=UGRNKUWnj45Iumsk
…

El primero es una locura ",179714,410,13,14,2025-05-31T14:32:09+00:00,2026-03-19T17:13:44.745577+00:00
https://x.com/JordiWild/status/1924903511050870863,"JordiWild","vale ahora estoy aterrado",4511572,37059,2352,1157,2025-05-20T19:02:14+00:00,2026-03-19T17:13:44.745577+00:00
https://x.com/JordiWild/status/1919862719831781378,"JordiWild","",263381,4274,47,55,2025-05-06T21:11:56+00:00,2026-03-19T17:13:44.745577+00:00
https://x.com/JordiWild/status/1919857144704229488,"JordiWild","",326511,5894,82,43,2025-05-06T20:49:47+00:00,2026-03-19T17:13:44.745577+00:00
https://x.com/JordiWild/status/1919849676771119418,"JordiWild","VISCA EL BARÇA COLLONS!!!!!",736143,22106,964,154,2025-05-06T20:20:06+00:00,2026-03-19T17:13:44.745577+00:00
https://x.com/JordiWild/status/1919752617246232621,"JordiWild","Si tiene esta pinta, por mí como si tardan 8 años más ",2105425,60313,3017,384,2025-05-06T13:54:25+00:00,2026-03-19T17:13:44.745577+00:00
https://x.com/JordiWild/status/1917676686805537049,"JordiWild","EN SERIO PERO ESTO QUÉ ES",730242,12503,201,93,2025-04-30T20:25:25+00:00,2026-03-19T17:13:44.745577+00:00
https://x.com/JordiWild/status/1917665579273511046,"JordiWild","Este Barça es el equipo más divertido de la historia.",661950,26040,972,180,2025-04-30T19:41:17+00:00,2026-03-19T17:13:44.745577+00:00
https://x.com/JordiWild/status/1916875571046309995,"JordiWild","- Traigo a Pedro Baños: Empieza la guerra de Ucrania
- Traigo un cura: Muere el Papa
- Traigo a un experto en supervivencia: Apagón en Europa
¿A quién le toca ahora?",2354501,83862,4360,4182,2025-04-28T15:22:04+00:00,2026-03-19T17:13:44.745577+00:00
https://x.com/JordiWild/status/1915141839201378781,"JordiWild","",596867,22886,1658,80,2025-04-23T20:32:50+00:00,2026-03-19T17:13:44.745577+00:00
https://x.com/JordiWild/status/1915034994419937343,"JordiWild","Feliz Sant Jordi, al mejor Jordi que jamás ha existido. Te quiero mucho, y te echo de menos como el primer día. Siempre conmigo ",809197,82200,2866,253,2025-04-23T13:28:16+00:00,2026-03-19T17:13:44.745577+00:00
https://x.com/JordiWild/status/1913630104917332207,"JordiWild","Este Barça es una puta fiesta por partido.",585550,28152,1169,204,2025-04-19T16:25:45+00:00,2026-03-19T17:13:44.745577+00:00
https://x.com/JordiWild/status/1910696331938508807,"JordiWild","Dadle cariño a mi colega Tania que mañana tiene una pelea tremenda ",93229,744,20,10,2025-04-11T14:07:59+00:00,2026-03-19T17:13:44.745577+00:00
https://x.com/JordiWild/status/1910075000918307206,"JordiWild","China y Estados Unidos ahora mismo:",240530,8755,462,62,2025-04-09T20:59:02+00:00,2026-03-19T17:13:44.745577+00:00
https://x.com/JordiWild/status/1909372325041955085,"JordiWild","¿Quiénes son?
Solo respuestas incorrectas.",609803,6464,112,335,2025-04-07T22:26:51+00:00,2026-03-19T17:13:44.745577+00:00
https://x.com/JordiWild/status/1907795016833016262,"JordiWild","Tema de la Switch 2: el precio de la consola me parece justo tirando para arriba, su hardware puede justificarlo.

PERO, los juegos... se les ha ido la cabeza. 90€ por un juego en físico es ya ir demasiado lejos. Y esto abre la puerta a los tiburones de EA, Ubisoft, entre otros,",1324385,24299,1109,401,2025-04-03T13:59:11+00:00,2026-03-19T17:13:44.745577+00:00
https://x.com/JordiWild/status/1907491572188434672,"JordiWild","A ver, vamos a acabar con el debate:
¿Es la Switch 2 cara?",318022,1895,95,503,2025-04-02T17:53:24+00:00,2026-03-19T17:13:44.745577+00:00
https://x.com/JordiWild/status/1906688987307110822,"JordiWild","Y con esto se termina el trend, y el studio ghibli de paso.",578988,13849,507,91,2025-03-31T12:44:13+00:00,2026-03-19T17:13:44.745577+00:00
https://x.com/JordiWild/status/1906416073202614509,"JordiWild","Hago el trend y todos mis amigos pasan a ser japoneses jubilados",643128,20621,378,129,2025-03-30T18:39:46+00:00,2026-03-19T17:13:44.745577+00:00
https://x.com/JordiWild/status/1901393193523896390,"JordiWild","No puedes ser fan del fútbol y que no te guste el Barça de Flick.",1274810,59302,4286,378,2025-03-16T22:00:38+00:00,2026-03-19T17:13:44.745577+00:00
https://x.com/JordiWild/status/1897721020691189941,"JordiWild","Por problemas técnicos, hoy no habrá podcast  Pero la semana que viene, 2 podcasts de temas espectaculares, ya veréis.
Un beso en la mejilla.",198657,4799,96,86,2025-03-06T18:48:43+00:00,2026-03-19T17:13:44.745577+00:00
https://x.com/JordiWild/status/1896435271069270074,"JordiWild","Mi preferida era The Brutalist pero Anora me encantó y me alegro un montón por Sean Baker y lo que representa.
Viva el cine independiente, cojones 
#Oscars2025",282281,4877,168,32,2025-03-03T05:39:37+00:00,2026-03-19T17:13:44.745577+00:00
https://x.com/JordiWild/status/1896418172355670132,"JordiWild","Me he creado una realidad paralela en la que Demi Moore gana el Oscar. Soy más feliz ahí.
#Oscars",438768,10272,826,98,2025-03-03T04:31:40+00:00,2026-03-19T17:13:44.745577+00:00
https://x.com/JordiWild/status/1895555137428717916,"JordiWild","Zelensky y Trump en la Velada. Main Event.

Ibai hazlo antes de que nos vayamos todos a tomar por culo.",500281,18393,728,126,2025-02-28T19:22:17+00:00,2026-03-19T17:13:44.745577+00:00
https://x.com/JordiWild/status/1895482231231279348,"JordiWild","No conozco nadie que haya dado su vida más por los animales que él. Literal que vive apartado de la gente en un ""contenedor"" para estar con ellos cada día. Ha rescatado innumerables animales de las mafias que campan por Tailandia.
Os podrá caer mejor o peor, pero detener a Frank",3783953,119939,12559,868,2025-02-28T14:32:34+00:00,2026-03-19T17:13:44.745577+00:00
https://x.com/JordiWild/status/1895121558504436010,"JordiWild","Ha muerto Gene Hackman, uno de mis actores favoritos de siempre. Cada papel suyo era mítico, tenía una presencia impresionante y podía ser aterrador en pantalla.
La Conversación, The French Connection, Missisipi Burning, Marea Roja, Hoosiers... y mi favorita, The Unforgiven, uno",187857,4237,222,70,2025-02-27T14:39:23+00:00,2026-03-19T17:13:44.745577+00:00
https://x.com/JordiWild/status/1888955745258901830,"JordiWild","es real esto me confirman?",479084,12990,621,87,2025-02-10T14:18:39+00:00,2026-03-19T17:13:44.745577+00:00
https://x.com/JordiWild/status/1888625880378794424,"JordiWild","Kanye West la está liando tanto que lo veo presidente de USA en unos años.",1416121,37608,1366,233,2025-02-09T16:27:53+00:00,2026-03-19T17:13:44.745577+00:00
https://x.com/JordiWild/status/1888589225324322834,"JordiWild","Ya en casita el cuadro que 
@elxokas
 me regaló. La verdad es que es un detalle que ni mi madre ni yo olvidaremos nunca.",2326075,174370,5892,402,2025-02-09T14:02:14+00:00,2026-03-19T17:13:44.745577+00:00
https://x.com/JordiWild/status/1887148096531902614,"JordiWild","Mejor cartel de la historia. Insuperable.",224467,4508,358,115,2025-02-05T14:35:42+00:00,2026-03-19T17:13:44.745577+00:00
https://x.com/JordiWild/status/1885577932770275489,"JordiWild","Bueno ya estoy en casa, gracias a todos por el cariño y por las buenas palabras.
Os quiero y me siento orgulloso de haber hecho un evento old school de verdad.",1029772,52316,1934,602,2025-02-01T06:36:26+00:00,2026-03-19T17:13:44.745577+00:00
https://x.com/JordiWild/status/1885368335501570289,"JordiWild","DWT 3 AQUÍ: 

https://
youtube.com/live/tOV2Gy9AQ
Pg?si=hwVWF7r3kG6eKvdX
…",413995,7195,289,83,2025-01-31T16:43:34+00:00,2026-03-19T17:13:44.745577+00:00
https://x.com/JordiWild/status/1885309359741092046,"JordiWild","¡El DWT es hoy! y mis amigos de 
@WinamaxDeportes
 han preparado un universo de apuestas brutal para la ocasión*

*Crea tu cuenta y aprovecha el Bono de 10€ : 
https://
winamax.es/registration/l
anding/afiliacion_20242025_dwt?language=ES&banid=74615
…",280174,2450,79,34,2025-01-31T12:49:13+00:00,2026-03-19T17:13:44.745577+00:00
https://x.com/JordiWild/status/1885098937482158146,"JordiWild","En unas horas DWT 3 llega el evento más caótico y brutal de toda la historia:

https://
youtube.com/live/tOV2Gy9AQ
Pg?si=Y3wH2qn9RGPK_55X
…

No te lo pierdas ",897282,2221,314,89,2025-01-30T22:53:04+00:00,2026-03-19T17:13:44.745577+00:00
https://x.com/JordiWild/status/1885026438589427903,"JordiWild","EN UNA HORITA TENEMOS LOS CAREOS DE DWT 3:

https://
youtube.com/live/mNnyP__C-a

No os lo perdáis porque no cada día ponemos a 10 tíos con antecedentes a pegarse a la vez.

Es bromita a medias.

Os quiero",321983,2360,68,27,2025-01-30T18:04:59+00:00,2026-03-19T17:13:44.745577+00:00
https://x.com/JordiWild/status/1884739847148958012,"JordiWild","Gracias a 
@elxokas
 por este regalo tan importante para mí y a todos vosotros por las bonitas palabras.
Mi padre siempre vivirá con mi madre y conmigo, y con todos vosotros que lo queríais tanto.",4313868,174277,12688,856,2025-01-29T23:06:10+00:00,2026-03-19T17:13:44.745577+00:00
https://x.com/JordiWild/status/1884663624033026107,"JordiWild","Con el bonico de 
@elxokas
 en minutos para un directo muy especial en el podcast. No os lo perdáis 

https://
youtube.com/live/omFo8AaCn
FU?si=ymBhUsx86mLKUARr
…",386385,6450,135,61,2025-01-29T18:03:17+00:00,2026-03-19T17:13:44.745577+00:00
https://x.com/JordiWild/status/1884255618011410604,"JordiWild","Esta es la SEMANA DOGFIGHT 3

- Miércoles: Directito con 
@elxokas
 en The Wild Project
- Jueves: CAREOS en directo (aún no sé cómo haré uno de 10 tíos )
- Viernes: El Gran Evento

¡A disfrutarla que va a estar intensa!",616652,11208,414,102,2025-01-28T15:02:01+00:00,2026-03-19T17:13:44.745577+00:00
https://x.com/JordiWild/status/1883539432118300845,"JordiWild","Nuevo vídeo en El Rincón de Giorgio, en este caso el terrible caso de un chico que asesinó a toda su familia y lo compartió todo con sus amigos en discord. La fusión de tecnología y criminología clásica.
No te lo pierdas ",142027,1515,93,22,2025-01-26T15:36:09+00:00,2026-03-19T17:13:44.745577+00:00
https://x.com/JordiWild/status/1882506451513393194,"JordiWild","""Emilia Pérez"" 13 nominaciones a los Oscar...
Es una película que está bien, a secas, muy original y arriesgada eso sí. Me pareció correcta pero irregular. Empieza fuerte y se va desinflando.
Pero vamos, que llega a protagonizarla otra persona o a ir de otra temática, y ya os",1318454,13830,615,573,2025-01-23T19:11:27+00:00,2026-03-19T17:13:44.745577+00:00
https://x.com/JordiWild/status/1881768782835884362,"JordiWild","Quedan 10 días para DWT 3 y ya casi están las entradas agotadas, quedan POQUÍSIMAS en la anilla central y solo la mitad de la superior.
Si queréis venir, compradlas ya o es muy posible que os quedéis fuera: 
https://
entradas.com/artist/dogfigh
t-wild-tournament-3/?affiliate=DFW
…
Va a ser una locura ",102535,1123,45,17,2025-01-21T18:20:14+00:00,2026-03-19T17:13:44.745577+00:00
https://x.com/JordiWild/status/1880345375091089569,"JordiWild","Mis amigos de 
@WinamaxDeportes
 sortean 5 entradas dobles VIP para el Dogfight 3!
Os animo fuerte a participar ",158934,610,23,11,2025-01-17T20:04:07+00:00,2026-03-19T17:13:44.745577+00:00
https://x.com/JordiWild/status/1880045814070014020,"JordiWild","pues bueno ya no puedo ir a japón",3449197,104741,2310,750,2025-01-17T00:13:46+00:00,2026-03-19T17:13:44.745577+00:00
https://x.com/JordiWild/status/1879591500419670171,"JordiWild","No puedo pqrticipar porque estoy con Dogfight hasta los topes de trabajo, pero todo mi apoyo a esta iniciativa maravillosa ",268107,5631,181,13,2025-01-15T18:08:29+00:00,2026-03-19T17:13:44.745577+00:00
https://x.com/JordiWild/status/1878551551850996093,"JordiWild","Don Lamine Yamal appreciation post",387929,15060,387,85,2025-01-12T21:16:06+00:00,2026-03-19T17:13:44.745577+00:00
https://x.com/JordiWild/status/1876997305590575269,"JordiWild","Comienza 2025 y me han puesto de villano en un cómic del régimen de Maduro.
Este año promete.",2796708,117487,8363,1403,2025-01-08T14:20:05+00:00,2026-03-19T17:13:44.745577+00:00
https://x.com/JordiWild/status/1875229426209976698,"JordiWild","Tienen 17 y 39 años y son los semifinalistas del mundial de dardos.
Supongo que en ese deporte se desayuna cigarrillos con whisky.
Como tiene que ser.",960170,30760,1644,212,2025-01-03T17:15:09+00:00,2026-03-19T17:13:44.745577+00:00
https://x.com/JordiWild/status/1874132726242304499,"JordiWild","yo el 1 de enero de 2024: Este va a ser mi mejor año.

yo 31 de diciembre:",1054858,51628,2729,394,2024-12-31T16:37:16+00:00,2026-03-19T17:13:44.745577+00:00
https://x.com/JordiWild/status/1873041545026519212,"JordiWild","Después de un parón por motivos familiares (ya sabéis), vuelve el CLUB DE LA LUCHA de DWT. Y vuelve muy fuerte, batalla de habilidad entre dos luchadores que SOLO pueden usar sus patadas. ¡No os lo perdáis que es una locura!",169265,1562,60,15,2024-12-28T16:21:18+00:00,2026-03-19T17:13:44.745577+00:00
https://x.com/JordiWild/status/1871662156426752173,"JordiWild","Amigos, estos días no están siendo fáciles para mí ni para mi madre, pero como dijo aquel ""sabio"": Así es la **** vida 
Os quiero desear una Feliz Navidad a todos, cuidad muchísimo a vuestros seres queridos, que es lo más importante que tenemos y gozadla fuerte.
Os quiero. Os",2115727,118256,7252,964,2024-12-24T21:00:06+00:00,2026-03-19T17:13:44.745577+00:00
https://x.com/JordiWild/status/1870880442016211010,"JordiWild","ESTE 31 DE ENERO EN EL OLIMPIC ARENA DE BADALONA: DOGFIGHT WILD TOURNAMENT Tertium Mortis (Tercera Muerte).
3a edición del evento más brutal y sangriento de internet. Este año voy a crear algo que no se habrá visto jamás, ni en Rusia se han atrevido a tanto. De verdad.
¡Entradas",1491048,12191,994,198,2024-12-22T17:13:51+00:00,2026-03-19T17:13:44.745577+00:00
https://x.com/JordiWild/status/1870828423419228511,"JordiWild","Último podcast del año HOY MISMO, con mi querido 
@illojuan
 y 
@BaityBait
, hablando de los videojuegoh y mucho más ",735071,4100,205,62,2024-12-22T13:47:09+00:00,2026-03-19T17:13:44.745577+00:00
https://x.com/JordiWild/status/1870490908413800813,"JordiWild","Ojito, estoy preparando las peleas del Club de la Lucha, y os comento que mañana sale TODA la info de DWT 3... ¡ y salen a la venta las entradas!
Atentos, porque va a ser el evento más brutal del año (y las entradas van a volar).",556496,13842,429,134,2024-12-21T15:25:59+00:00,2026-03-19T17:13:44.745577+00:00
https://x.com/JordiWild/status/1862208423586099307,"JordiWild","Hoy no hay podcast porque el invitado se lio con las fechas y pensaba que era otra semana 
Pero no pasa nada, la semana que viene habrá dos episodios muy jugosos.
Un abrasote  (y gracias por todas las buenas vibras que me mandáis por lo de mi papi)",985618,38652,582,291,2024-11-28T18:54:20+00:00,2026-03-19T17:13:44.745577+00:00
https://x.com/JordiWild/status/1858876114908692532,"JordiWild","Hoy vuelvo al trabajo, con un podcast que dedico a mi padre, que siempre estará conmigo, y con todos nosotros.

https://
youtu.be/4SK1gFl7eDA?si
=DkOiHBqasblDuy63
…",2096299,105784,6581,933,2024-11-19T14:12:56+00:00,2026-03-19T17:13:44.745577+00:00
https://x.com/JordiWild/status/1854284572936003769,"JordiWild","Me lo han pasado varias personas, no sé quién es el creador, pero gracias de todo corazón 
Lo echo mucho de menos.",7694079,416637,27042,2665,2024-11-06T22:07:47+00:00,2026-03-19T17:13:44.745577+00:00
https://x.com/JordiWild/status/1853795174087885115,"JordiWild","Esto es lo más difícil que me ha tocado escribir en mi vida, una pesadilla que me cuesta aceptar, pero tengo que comunicar que mi padre ha fallecido.

Sabéis que valoro mucho mi privacidad, pero sin entrar en muchos detalles, ha sido algo totalmente inesperado y que nos ha tenido",17966460,543242,58727,24203,2024-11-05T13:43:06+00:00,2026-03-19T17:13:44.745577+00:00
https://x.com/JordiWild/status/1852295468899881462,"JordiWild","Amigos, estos días he desaparecido porque estoy pasando una situación familiar muy grave, de difícil pronóstico. Es una persona extremadamente cercana a mí.
Tengo que dejar inacabada la Semana De Halloween y de momento no podré grabar nada más, ni podcast ni dogfight, hasta que",2814897,77217,1951,2232,2024-11-01T10:23:48+00:00,2026-03-19T17:13:44.745577+00:00
https://x.com/JordiWild/status/1850570939643158975,"JordiWild"," COMIENZA LA SEMANA DE HALLOWEEN 2024 
Cada día, ¡Un vídeo de terror en El Rincón de Giorgio! Comenzamos fuerte.
Jaime Osuna, el preso más malvado y peligroso del mundo, caníbal y satánico.",1711337,3476,413,83,2024-10-27T16:11:08+00:00,2026-03-19T17:13:44.745577+00:00
https://x.com/JordiWild/status/1850280828057604255,"JordiWild","EL BARÇA LE METE TREMENDA GOLPIZA AL MADRID Y TOPURIA NOQUEA A HOLLOWAY.
Fin de semana completo.",1236485,38184,2575,170,2024-10-26T20:58:20+00:00,2026-03-19T17:13:44.745577+00:00
https://x.com/JordiWild/status/1850278807539777862,"JordiWild","Qué bueno es Ilia, la madre que lo parió ",1051793,24075,630,80,2024-10-26T20:50:18+00:00,2026-03-19T17:13:44.745577+00:00
https://x.com/JordiWild/status/1848106230436577385,"JordiWild","Este Barça vuelve a mear colonia ",605853,17138,524,104,2024-10-20T20:57:16+00:00,2026-03-19T17:13:44.745577+00:00
https://x.com/JordiWild/status/1844381248577470585,"JordiWild","Se retira el señor Rafael Nadal Parera, el mejor deportista español de la historia y un ejemplo en todos los sentidos.

Gracias por todo, genio ",432325,14188,559,118,2024-10-10T14:15:31+00:00,2026-03-19T17:13:44.745577+00:00
https://x.com/JordiWild/status/1840054506253394044,"JordiWild","Comienza el CLUB DE LA LUCHA DE DWT:


https://
youtu.be/lVi5hWIACh8?si
=ga3DlhubXSob-2jD
…

Patadas VS Puños, ¿quién ganaría si solo pudiese usar uno de los dos?",349883,3084,243,75,2024-09-28T15:42:35+00:00,2026-03-19T17:13:44.745577+00:00
https://x.com/JordiWild/status/1839656478992445678,"JordiWild","COMIENZA EL CLUB DE LA LUCHA EN LA VIDA REAL - DWT Fight Club
¿Te gusta El Club de la Lucha? ¿Siempre has soñado con que fuera real? Pues tus deseos han sido cumplidos: Empieza el DWT Fight Club, cada semana nuevo combate underground ",5211954,42749,3793,811,2024-09-27T13:20:58+00:00,2026-03-19T17:13:44.745577+00:00
https://x.com/JordiWild/status/1839375993573978278,"JordiWild","Me paso por el mejor podcast de Europa del este: 
https://
twitch.tv/estonoes1juego
Entrando todos ya!",114918,291,11,5,2024-09-26T18:46:25+00:00,2026-03-19T17:13:44.745577+00:00
https://x.com/JordiWild/status/1836746698229489870,"JordiWild","Preguntándole a Tebas sobre Negreira, el tito Floren (acaba mal), el Barça y los fichajes y la piratería. Un crack y muy buena charla. 

@LaLigaCorp
 
@Tebasjavier
 

https://
youtu.be/FxatA6h_j28?si
=mNxC-OuNGqRyHJGZ
…",865892,10508,550,1073,2024-09-19T12:38:32+00:00,2026-03-19T17:13:44.745577+00:00
https://x.com/JordiWild/status/1834664274809012573,"JordiWild"," ¡URGENTE! Se filtra el primer asalto del Triple Treat del DWT 3:",207265,1993,121,10,2024-09-13T18:43:44+00:00,2026-03-19T17:13:44.745577+00:00
https://x.com/JordiWild/status/1834662723226829119,"JordiWild","listo",313595,13547,770,58,2024-09-13T18:37:34+00:00,2026-03-19T17:13:44.745577+00:00
https://x.com/JordiWild/status/1834655768257155555,"JordiWild","Toma, te lo cambio por una entrada VIP pa cuando lo montes.",197608,3008,126,13,2024-09-13T18:09:56+00:00,2026-03-19T17:13:44.745577+00:00
https://x.com/JordiWild/status/1834641305366151468,"JordiWild","DWT 3:
Triple threat
Nicolás Maduro vs Jordi Wil vs Elon Mok
Special referee Donald Trump

Que alguien me haga un cartel de esto por favor.",1353095,38671,2148,301,2024-09-13T17:12:27+00:00,2026-03-19T17:13:44.745577+00:00
https://x.com/JordiWild/status/1834566076199309524,"JordiWild","",2655900,109990,9227,1023,2024-09-13T12:13:31+00:00,2026-03-19T17:13:44.745577+00:00
https://x.com/JordiWild/status/1834429805707546657,"JordiWild","estoy llorando",4472770,113819,14682,5522,2024-09-13T03:12:02+00:00,2026-03-19T17:13:44.745577+00:00
https://x.com/JordiWild/status/1833978616989786152,"JordiWild","Este jueves, charla con María Corina Machado (
@MariaCorinaYA
) para el primer episodio de The Wild Project en esta temporada. El fraude electoral, represión en Venezuela, pobreza y mafias, su complicada situación actual en el país, Maduro...
Ya os dije que comenzaríamos con un",3089183,48444,10092,1195,2024-09-11T21:19:10+00:00,2026-03-19T17:13:44.745577+00:00
https://x.com/JordiWild/status/1833843337016627528,"JordiWild","¡MAÑANA REGRESA THE WILD PROJECT!
Vuelve el podcast número 1 en vuestros corazones con una temporada que será histórica.
No os perdáis la estrena 

https://
youtube.com/@TheWildProject",486806,7025,296,123,2024-09-11T12:21:37+00:00,2026-03-19T17:13:44.745577+00:00
https://x.com/JordiWild/status/1833154169223467418,"JordiWild","Este jueves a las 5 de la tarde (hora española) regresa THE WILD PROJECT, con invitado top y con muchas energías renovadas.

Nachete y su pie, vienen incluidos en el pack.",512647,6948,194,131,2024-09-09T14:43:06+00:00,2026-03-19T17:13:44.745577+00:00
https://x.com/JordiWild/status/1832053522726060411,"JordiWild","Aprovecho el meme para anunciar que The Wild Project regresa la semana que viene con uno de los invitados más tops de su historia.
Este año va a estar interesante ",429755,8306,306,229,2024-09-06T13:49:32+00:00,2026-03-19T17:13:44.745577+00:00
https://x.com/JordiWild/status/1825179023095312509,"JordiWild","Me encantaría tener a 
@MariaCorinaYA
 en mi The Wild Project para charlar de la situación real de Venezuela y de todo lo que está pasando en los últimos años en su país.

Le he escrito por Instagram, pero también aprovecho Twitter, o X, para ver si le puede llegar, a ella o a",1394678,49577,9942,1422,2024-08-18T14:32:43+00:00,2026-03-19T17:13:44.745577+00:00
https://x.com/JordiWild/status/1823702744168898899,"JordiWild","Con lo de Frank Cuesta y Yuyee, yo solo os diré que en el primer podcast que hice con él (online), grabamos de tarde/noche en España, duró varias horas y terminamos a lo que sería la madrugada en Tailandia.
Después de grabar, Frank y yo estuvimos charlando un rato más y le",1768805,55597,5030,418,2024-08-14T12:46:31+00:00,2026-03-19T17:13:44.745577+00:00
https://x.com/JordiWild/status/1821528266668163206,"JordiWild","Ojalá Puigdemont hubiera regresado de repente con la música del Undertaker.",381364,4721,148,63,2024-08-08T12:45:55+00:00,2026-03-19T17:13:44.745577+00:00
https://x.com/JordiWild/status/1819016822999388460,"JordiWild","Aparte de las bromas, muchos venezolanos me estáis pidiendo que haga un programa especial, ahora me es imposible, necesito desconectar durante este verano; pero sí me encantaría, al regresar, traer a algún experto sobre la situación de Venezuela y Maduro, que analice cómo es",1042664,21339,1282,1289,2024-08-01T14:26:20+00:00,2026-03-19T17:13:44.745577+00:00
https://x.com/JordiWild/status/1818993198779240639,"JordiWild","Viendo que quieren darse de hostias, invito formalmente a 
@elonmusk
 y 
@NicolasMaduro
 a DWT 3 en un combate No Rules donde todo valga. Main Event. El que pierda, abandona su cargo de poder.


@realDonaldTrump
 si quieres apuntarte, te hacemos hueco rápido.",1217230,47905,3967,513,2024-08-01T12:52:28+00:00,2026-03-19T17:13:44.745577+00:00
https://x.com/JordiWild/status/1818646915031941146,"JordiWild","- Yo: hago un estornudo sin motivo

- Mi madre, un microsegundo después:",212719,3933,117,61,2024-07-31T13:56:28+00:00,2026-03-19T17:13:44.745577+00:00
https://x.com/JordiWild/status/1816075483567776241,"JordiWild","real",624158,19653,683,66,2024-07-24T11:38:30+00:00,2026-03-19T17:13:44.745577+00:00
https://x.com/JordiWild/status/1815023920258396612,"JordiWild","Como cada año, bañito con el patrón ",1102190,45433,734,178,2024-07-21T13:59:58+00:00,2026-03-19T17:13:44.745577+00:00
https://x.com/JordiWild/status/1814311814064120172,"JordiWild","O SEA QUE",3215828,54146,2218,808,2024-07-19T14:50:19+00:00,2026-03-19T17:13:44.745577+00:00
https://x.com/JordiWild/status/1813691937318416434,"JordiWild","Pues al final sí que es verdad que el amor es lo único que la ciencia no puede explicar.",2092423,76789,6636,345,2024-07-17T21:47:09+00:00,2026-03-19T17:13:44.745577+00:00
https://x.com/JordiWild/status/1812541076789698702,"JordiWild","Gracias 
@PlacitaAmarilla
 por darme la oportunidad de seguir creciendo 
Os quiero.",216976,1486,57,18,2024-07-14T17:34:02+00:00,2026-03-19T17:13:44.745577+00:00
https://x.com/JordiWild/status/1812285787595300924,"JordiWild","El mundo no tiene sentido, en un mismo día hemos pasado de tener a Plex y el Mariana dándose de hostias, a Trump casi asesinado en directo. Y lo jodido es que no es broma.",1011605,45154,1506,177,2024-07-14T00:39:37+00:00,2026-03-19T17:13:44.745577+00:00
https://x.com/JordiWild/status/1812280045362086192,"JordiWild","Para lo que no lo sepáis, acaban de intentar asesinar a Trump durante un miting. El vídeo es una locura.",3277848,41412,2869,588,2024-07-14T00:16:48+00:00,2026-03-19T17:13:44.745577+00:00
https://x.com/JordiWild/status/1812278661556379650,"JordiWild","Espero que la ficción no se haga realidad. Pero da miedo.",482757,9944,351,139,2024-07-14T00:11:18+00:00,2026-03-19T17:13:44.745577+00:00
https://x.com/JordiWild/status/1812187784389808278,"JordiWild","Alana podría competir en cualquiera de los combates de hoy. Bestia.",1969948,101495,3238,277,2024-07-13T18:10:11+00:00,2026-03-19T17:13:44.745577+00:00
https://x.com/JordiWild/status/1810766721701269913,"JordiWild","Lo de Lamine no tiene ningún puto sentido ",583061,20765,469,90,2024-07-09T20:03:23+00:00,2026-03-19T17:13:44.745577+00:00
https://x.com/JordiWild/status/1807538756884558256,"JordiWild","Esto es surrealista.",1708559,70735,3043,142,2024-06-30T22:16:36+00:00,2026-03-19T17:13:44.745577+00:00
https://x.com/JordiWild/status/1807106008231424111,"JordiWild","MrTartaria explica a Santaolalla porque la ecuación de Einsten está incompleta.
H.",1174996,17754,1053,522,2024-06-29T17:37:01+00:00,2026-03-19T17:13:44.745577+00:00
https://x.com/JordiWild/status/1807065086055284994,"JordiWild","Me acabo de despertar después de la locura de ayer, más de 150k de espectadores en youtube viendo a un doctor en física intentar refutar que el presidente de Camerún se transforma en león 
Os quiero.",1469975,58254,2257,416,2024-06-29T14:54:24+00:00,2026-03-19T17:13:44.745577+00:00
https://x.com/JordiWild/status/1806674303716315139,"JordiWild","Venga va, que hoy rompemos el internet.
Recordad que Jesús os vigila.
Especial verano: 
https://
youtube.com/live/4AkzacJ96
5k?si=gdqFsgvkLbYwSJmD
…",698489,13965,683,215,2024-06-28T13:01:35+00:00,2026-03-19T17:13:44.745577+00:00
https://x.com/JordiWild/status/1804948945623257536,"JordiWild","Hago muchas bromas con el Espanyol, pero me alegro un montón que haya subido. Ni que sea por mi mami, y por mi abuelo en paz descanse. La Liga es mucho mejor con ellos, no doubt.",303484,4146,75,81,2024-06-23T18:45:37+00:00,2026-03-19T17:13:44.745577+00:00
https://x.com/JordiWild/status/1801370446564110672,"JordiWild","Es brutal que alguien como Will Smith actúe en un show como la Velada.
Quién nos hubiera dicho cuando empezamos con esto de ser youtubers y streamers en nuestras habitaciones, grabandonos con un móvil y cámaras baratas, que lograríamos llegar tan lejos.
Mis felicitaciones al",2506506,40068,741,162,2024-06-13T21:45:56+00:00,2026-03-19T17:13:44.745577+00:00
https://x.com/JordiWild/status/1801334343060623589,"JordiWild","Will Smith viene a cantar o a darse de hostias. Ojalá lo segundo.",305440,6596,131,43,2024-06-13T19:22:29+00:00,2026-03-19T17:13:44.745577+00:00
https://x.com/JordiWild/status/1800871653821579398,"JordiWild","Calentando motores para las liadas",1073176,24876,474,149,2024-06-12T12:43:55+00:00,2026-03-19T17:13:44.745577+00:00
https://x.com/JordiWild/status/1800249571802845458,"JordiWild","Y así amigos, empieza el fin del mundo.",1271765,11035,356,138,2024-06-10T19:31:59+00:00,2026-03-19T17:13:44.745577+00:00
https://x.com/JordiWild/status/1800223213605036393,"JordiWild","Este VIERNES 14 DE JUNIO, voy a estar, junto a 
@PapaGiorgioReal
 , en la Feria del Libro de Madrid firmando ANATOMÍA DEL MAL y LOS CUENTOS DE PAPA GIORGIO

- Horario: de 6 a 9 de la tarde

- Lugar: Carpa ROSALEDA en el Retiro

Importante, tenéis que traer los libros, y os darán un",133571,670,29,26,2024-06-10T17:47:15+00:00,2026-03-19T17:13:44.745577+00:00
https://x.com/JordiWild/status/1799808920002949365,"JordiWild","Un regalito de domingo, NUEVO VÍDEO en el Rincón de Giorgio. ¡A disfrutarlo!:",136426,831,36,39,2024-06-09T14:21:00+00:00,2026-03-19T17:13:44.745577+00:00
https://x.com/JordiWild/status/1799214609519223019,"JordiWild","Si esta es la mejor conferencia de videojuegos del año, quizás es el momento de volver a leer.
#summergamefest",299224,2879,101,88,2024-06-07T22:59:25+00:00,2026-03-19T17:13:44.745577+00:00
https://x.com/JordiWild/status/1797686183033794972,"JordiWild","Lo único bueno de que Mbappé fiche de una vez por el Madrid es que se terminará la turra de cada año por fin (estoy llorando)",849446,20264,600,220,2024-06-03T17:46:00+00:00,2026-03-19T17:13:44.745577+00:00
https://x.com/JordiWild/status/1797332379788251529,"JordiWild","Va, que ahora estoy en directo con dos culés y Salva: 
https://
twitch.tv/elbunkersa

Todo el mundo para adentro.",198177,394,8,7,2024-06-02T18:20:06+00:00,2026-03-19T17:13:44.745577+00:00
https://x.com/JordiWild/status/1797024737329127887,"JordiWild","odio haber nacido en esta época",1075128,30421,1176,347,2024-06-01T21:57:39+00:00,2026-03-19T17:13:44.745577+00:00
https://x.com/JordiWild/status/1793975588635705459,"JordiWild","Todo mi apoyo a XAVI, quizás demasiado buena persona para entrenar en un momento tan convulso. Pero ni que sea por respeto, cesarlo antes del último partido de Liga es indigno para alguien con su trayectoria. Vergonzoso.
La Xavineta siempre en nuestro corasao.",444338,23018,1595,170,2024-05-24T12:01:25+00:00,2026-03-19T17:13:44.745577+00:00
https://x.com/JordiWild/status/1793244769830805722,"JordiWild","Oigan 
@Planetadelibros
 y 
@penguinlibros
, podéis dejar de mandarme decenas de libros al mes a casa para ver si suena la flauta y traigo el escritor al podcast. Me tenéis hasta los cojones con los paquetes. Gracias.",1225214,7879,403,440,2024-05-22T11:37:24+00:00,2026-03-19T17:13:44.745577+00:00
https://x.com/JordiWild/status/1789312739866780034,"JordiWild","Hoy es el cumple de mi papi, todo el mundo a felicitarlo a la de YA ",781549,37963,965,839,2024-05-11T15:12:55+00:00,2026-03-19T17:13:44.745577+00:00
https://x.com/JordiWild/status/1788891587059081456,"JordiWild","esto es real?",481021,13284,433,262,2024-05-10T11:19:25+00:00,2026-03-19T17:13:44.745577+00:00
https://x.com/JordiWild/status/1788312065041473971,"JordiWild","Odio el Madrid, en serio.",1334825,41862,4077,720,2024-05-08T20:56:36+00:00,2026-03-19T17:13:44.745577+00:00
https://x.com/JordiWild/status/1788299186493964312,"JordiWild","qué miau es real",251325,2854,190,85,2024-05-08T20:05:25+00:00,2026-03-19T17:13:44.745577+00:00
https://x.com/JordiWild/status/1785000869026492716,"JordiWild","real",451060,16918,1391,91,2024-04-29T17:39:05+00:00,2026-03-19T17:13:44.745577+00:00
https://x.com/JordiWild/status/1784883354321440835,"JordiWild","",236086,1509,153,34,2024-04-29T09:52:07+00:00,2026-03-19T17:13:44.745577+00:00
https://x.com/JordiWild/status/1782500324449628262,"JordiWild","Buenas noticias, Anatomía del Mal ya es 2a edición (y me han chivado que casi 3a), y os lo agradezco de todo corazón.

Este St Jordi, si queréis un librito de true crime lleno de casos truculentos, este es el vuestro. Lo podéis comprar aquí: 
https://
amzn.eu/d/5AUjXG3

Un beso ",159482,1193,48,41,2024-04-22T20:02:49+00:00,2026-03-19T17:13:44.745577+00:00
https://x.com/JordiWild/status/1781689621442642202,"JordiWild","",507199,2254,135,72,2024-04-20T14:21:22+00:00,2026-03-19T17:13:44.745577+00:00
https://x.com/JordiWild/status/1780764045118755042,"JordiWild","",389633,7994,225,118,2024-04-18T01:03:28+00:00,2026-03-19T17:13:44.745577+00:00
https://x.com/JordiWild/status/1780715509769814280,"JordiWild","Cosas más pesadas del universo",765267,24649,1607,251,2024-04-17T21:50:36+00:00,2026-03-19T17:13:44.745577+00:00
https://x.com/JordiWild/status/1780339561790361823,"JordiWild","Muy orgulloso del Barça hoy, se ha perdido (con una expulsión durísima y seguramente injusta), pero se ha dado la cara hasta el último segundo.

Tenemos equipo de futuro, seguro.",1139800,32538,3316,1605,2024-04-16T20:56:43+00:00,2026-03-19T17:13:44.745577+00:00
https://x.com/JordiWild/status/1780306982244684040,"JordiWild","Hoy todos los culés",355877,7455,231,46,2024-04-16T18:47:15+00:00,2026-03-19T17:13:44.745577+00:00
https://x.com/JordiWild/status/1777327683875074385,"JordiWild","Este viernes estoy en MADRID firmando mi nuevo libro, simplemente tenéis que registraros gratis aquí y ya: 
https://
eventbrite.es/e/jordi-wild-f
irma-ejemplares-de-anatomia-del-mal-en-madrid-tickets-879365545017
…
Recordad traer el librito para que os lo firme 
¡Nos vemos!",153596,850,39,34,2024-04-08T13:28:35+00:00,2026-03-19T17:13:44.745577+00:00
https://x.com/JordiWild/status/1775205525136736690,"JordiWild","Amigos, gracias a todos por los perfiles, el debate del Cambio Climático está cerrado y va a ser la bomba 

Otra cosita, estas semanas ando muy liado con proyectos y me es imposible grabar tertulias, por lo que tendréis “solo” las entrevistas. Habrá invitados geniales, eso sí.",976065,5612,122,155,2024-04-02T16:55:53+00:00,2026-03-19T17:13:44.745577+00:00
https://x.com/JordiWild/status/1774090623856918985,"JordiWild","Estoy preparando un debate sobre el CAMBIO CLIMÁTICO para el podcast.
Busco un perfil científico que defienda la extrema gravedad del momento actual. ¿Conocéis a alguien, a poder ser que sepa expresarse bien, que quiera venir a defender esa postura?
El otro perfil ya lo tengo.",2750582,17950,791,1668,2024-03-30T15:05:40+00:00,2026-03-19T17:13:44.745577+00:00
https://x.com/JordiWild/status/1771909206615933083,"JordiWild","Regreso al Rincón con un vídeo de esos que os gustan tanto, en este caso con un episodio de más de media hora de duración sobre el terrible caso de Stephen McDaniel, un frío asesino que se obsesionó con su vecina... ¡No os lo perdáis!",206466,1834,107,56,2024-03-24T14:37:29+00:00,2026-03-19T17:13:44.745577+00:00
https://x.com/JordiWild/status/1768144713570255198,"JordiWild","¡Hoy sale oficialmente a la venta mi nuevo libro de True Crime!:
ANATOMÍA DEL MAL - 8 casos que te harán perder la fe en la humanidad.

Un libro en el que analizo el concepto del MAL en base a 8 casos reales terribles.

Si os interesa, aquí tenéis el link de compra:",338278,3993,212,115,2024-03-14T05:18:44+00:00,2026-03-19T17:13:44.745577+00:00
https://x.com/JordiWild/status/1767671313009680752,"JordiWild","Diosito solo te pido que ni Cubarsí ni Lamine se lesionen en lo que queda de temporada. Gracias mi rey.",712565,31991,2607,188,2024-03-12T21:57:37+00:00,2026-03-19T17:13:44.745577+00:00
https://x.com/JordiWild/status/1767028324428063184,"JordiWild","Esto fue más épico que la Superbowl",1237799,34332,3970,104,2024-03-11T03:22:36+00:00,2026-03-19T17:13:44.745577+00:00
https://x.com/JordiWild/status/1765962122997936610,"JordiWild","A veces odio el mundo.

Ha fallecido de forma repentina Akira Toriyama, papá de Dragon Ball, Dr Slump, e ilustrador de infinidad de juegos y sagas. Una tragedia.

Descansa en paz y ojalá algún día te revivan con las bolas de dragón ",2085185,110891,12087,606,2024-03-08T04:45:54+00:00,2026-03-19T17:13:44.745577+00:00
https://x.com/JordiWild/status/1764760327353196862,"JordiWild","",6127151,66889,4085,1778,2024-03-04T21:10:24+00:00,2026-03-19T17:13:44.745577+00:00
https://x.com/JordiWild/status/1762485960065826942,"JordiWild","Mi gente, por temas personales (nada malo, al contrario) hoy no va a haber tertulia en el podcast.
Pero jueves, episodio brutal con el genio de 
@LethalCrysis
 que tiene que contarme MUCHAS novedades...",617007,7055,119,110,2024-02-27T14:32:52+00:00,2026-03-19T17:13:44.745577+00:00
https://x.com/JordiWild/status/1759095800796266840,"JordiWild","Histórico
#UFC298",892155,31347,1740,139,2024-02-18T06:01:35+00:00,2026-03-19T17:13:44.745577+00:00
https://x.com/JordiWild/status/1759095225383792821,"JordiWild","OS LO HE DICHO, ILIA TOPURIA CAMPEÓN DEL MUNDO JODER!!!!!!!!!!!!
#UFC298",1474445,39644,2273,386,2024-02-18T05:59:18+00:00,2026-03-19T17:13:44.745577+00:00
https://x.com/JordiWild/status/1759091333388501135,"JordiWild","Quiero que gane Ilia, pero Volkanovski es un puto dios y uno de los luchadores que me cae mejor del mundo. Así que si la cosa va mal para Topuria, al menos caerá contra un tío de puta madre.

Si estáis despiertos, mirad este combate ni que sea por , porque va a ser histórico.",1545333,17511,296,148,2024-02-18T05:43:50+00:00,2026-03-19T17:13:44.745577+00:00
https://x.com/JordiWild/status/1759087368756228152,"JordiWild","Ilia finaliza el combate en el tercer round. Guardad tweet.
#UFC298",1088333,11440,244,293,2024-02-18T05:28:05+00:00,2026-03-19T17:13:44.745577+00:00
https://x.com/JordiWild/status/1758926416270303583,"JordiWild","Hoy esta locura.
¿Quién se lo lleva?",925431,11513,316,356,2024-02-17T18:48:31+00:00,2026-03-19T17:13:44.745577+00:00
https://x.com/JordiWild/status/1758741832773533714,"JordiWild","Con una chica imperfecta, pero genial.",5702008,92492,2525,801,2024-02-17T06:35:03+00:00,2026-03-19T17:13:44.745577+00:00
https://x.com/JordiWild/status/1758607593457525157,"JordiWild","NADIE ES PERFECTO 

Yo ya he ganado el clip del año para los siguientes ESLAND jajajajaja

Evidentemente era una broma en un ambiente de vacileo y una referencia a la peli “Con faldas y a lo loco”, de Jack Lemon y Marylin Monroe. El mejor final ever:",1140666,16994,627,305,2024-02-16T21:41:38+00:00,2026-03-19T17:13:44.745577+00:00
https://x.com/JordiWild/status/1758132502810472808,"JordiWild","Este 14 de Marzo sale mi nuevo libro a la venta: ANATOMÍA DEL MAL: 8 casos que te harán perder la fe en la humanidad.

Mi primer libro true crime en el que reflexiono sobre el concepto del MAL, analizando 8 casos reales terribles.

Link de reserva: 
https://
amzn.eu/d/7T96Doo",668424,5007,468,191,2024-02-15T14:13:47+00:00,2026-03-19T17:13:44.745577+00:00
https://x.com/JordiWild/status/1756142973970993266,"JordiWild","Gracias a todos ",1470292,52207,1670,1140,2024-02-10T02:28:07+00:00,2026-03-19T17:13:44.745577+00:00
https://x.com/JordiWild/status/1756018753890877773,"JordiWild","COMIENZA DOGFIGHT WILD TOURNAMENT 2nd Impact:",1843059,6146,717,192,2024-02-09T18:14:30+00:00,2026-03-19T17:13:44.745577+00:00
https://x.com/JordiWild/status/1755738772879065174,"JordiWild","Quedan horas para el evento pero ya tenemos el puto MVP.",1111241,19164,1019,97,2024-02-08T23:41:58+00:00,2026-03-19T17:13:44.745577+00:00
https://x.com/JordiWild/status/1755728793749086468,"JordiWild","qué coño ha pasado",1718037,20026,839,453,2024-02-08T23:02:18+00:00,2026-03-19T17:13:44.745577+00:00
https://x.com/JordiWild/status/1755664709452177564,"JordiWild","¡CAREOS DWT 2nd Impact YA EN DIRECTO!

https://
youtube.com/live/24irJzW9j
8o?si=VyTT9LwYnR8aO52S
…",460741,2948,119,33,2024-02-08T18:47:40+00:00,2026-03-19T17:13:44.745577+00:00
https://x.com/JordiWild/status/1754911955691753830,"JordiWild","Si MICROSOFT anuncia que se convierte en compañía Third Party sería el movimiento más importante de la historia de los videojuegos.
¿Creéis que va a pasar o que todo es humo y falsedades?",368611,765,23,112,2024-02-06T16:56:29+00:00,2026-03-19T17:13:44.745577+00:00
https://x.com/JordiWild/status/1754555168052367628,"JordiWild","Semana de DOGFIGHT WILD TOURNAMENT 2nd IMPACT 
 Miércoles 7 - Directo con el Xokas en el podcast: 
https://
youtube.com/live/--PXOSgQ6
U0
…
 Jueves 8 - CAREOS de los luchadores: 
https://
youtube.com/live/24irJzW9j
8o
…
 Viernes 9 - DWT 2nd Impact: 
https://
youtube.com/live/XnwHtzBf-
c8
…
 Sábado 10 - Mi muerte",731467,3652,346,87,2024-02-05T17:18:44+00:00,2026-03-19T17:13:44.745577+00:00
https://x.com/JordiWild/status/1753511973864534366,"JordiWild","El legendario Carl Weathers, Apollo Creed en Rocky, ha fallecido hoy.

Uno de los tíos grandes con más carisma de la historia. Qué jodida es la vida y que descanse en paz ",642766,17136,1517,103,2024-02-02T20:13:27+00:00,2026-03-19T17:13:44.745577+00:00
https://x.com/JordiWild/status/1750986880806457750,"JordiWild","Cada like son 100 años más de vida para estos fenómenos",844593,38826,399,163,2024-01-26T20:59:38+00:00,2026-03-19T17:13:44.745577+00:00
https://x.com/JordiWild/status/1750526591955022128,"JordiWild","NINTENDO, TE ELIJO A TI!

Nintendo ha usado *demanda millonaria*
Palworld ha sido derrotado",608705,4933,155,143,2024-01-25T14:30:37+00:00,2026-03-19T17:13:44.745577+00:00
https://x.com/JordiWild/status/1749977980338610365,"JordiWild","Is this how flat earthers think the attack on Pearl Harbor happened?",52673634,419462,25210,5082,2024-01-24T02:10:38+00:00,2026-03-19T17:13:44.745577+00:00
https://x.com/JordiWild/status/1749150857667432767,"JordiWild","TIBUROOOOOON TORRES ",405818,8164,270,145,2024-01-21T19:23:56+00:00,2026-03-19T17:13:44.745577+00:00
https://x.com/JordiWild/status/1749150281512685947,"JordiWild","¡Qué bueno es JOAO FELIX cuando quiere!",547742,9472,249,222,2024-01-21T19:21:39+00:00,2026-03-19T17:13:44.745577+00:00
https://x.com/JordiWild/status/1748099628854063524,"JordiWild","Este debate tendría que publicarlo en pornhub",2187321,39659,2571,762,2024-01-18T21:46:44+00:00,2026-03-19T17:13:44.745577+00:00
https://x.com/JordiWild/status/1746626076812468231,"JordiWild","¿Estoy a tiempo de hacerme del Madrid?",2863495,34874,1701,2310,2024-01-14T20:11:22+00:00,2026-03-19T17:13:44.745577+00:00
https://x.com/JordiWild/status/1745855559385932231,"JordiWild","El otro día estuve 6 horas en el podcast de mi amigo Caith_Sith hablando de videojueguitos y mierdas así, no os lo podéis perder (si tenéis mucho tiempo libre xD):",290811,2088,92,41,2024-01-12T17:09:36+00:00,2026-03-19T17:13:44.745577+00:00
https://x.com/JordiWild/status/1744154929546100918,"JordiWild","1% DE POSIBILIDADES, 99% DE FE",588991,6477,144,78,2024-01-08T00:31:54+00:00,2026-03-19T17:13:44.745577+00:00
https://x.com/JordiWild/status/1743393751521755336,"JordiWild","Rellena el texto.",3056468,29213,825,750,2024-01-05T22:07:15+00:00,2026-03-19T17:13:44.745577+00:00
https://x.com/JordiWild/status/1741598635173765483,"JordiWild","Si estáis jodidos porque os ha tocado pasar fin de año en casa sin amigos, pensad que al menos no habéis iniciado el año así",2004852,63051,2197,224,2023-12-31T23:14:06+00:00,2026-03-19T17:13:44.745577+00:00
https://x.com/JordiWild/status/1740386193882439756,"JordiWild","",954679,37352,2089,77,2023-12-28T14:56:18+00:00,2026-03-19T17:13:44.745577+00:00
https://x.com/JordiWild/status/1739968657441141222,"JordiWild","Lo de Corea del Sur y los suicidios da para que algunos abran los ojos y dejen de idealizar un país con una sociedad enferma, mucho más bonita por fuera que por dentro.
Sigo queriendo entrevistar a un coreano o a alguien que haya vivido muchos años allí, para que cuente la",2548120,21605,1187,666,2023-12-27T11:17:09+00:00,2026-03-19T17:13:44.745577+00:00
https://x.com/JordiWild/status/1739786663524524134,"JordiWild","¿Es verdad que se ha muerto el Black Alien y la novia? ¿O es alguna locura galáctica de las suyas con final feliz?
Espero sinceramente que sea puro marketing ",4281887,18069,260,181,2023-12-26T23:13:58+00:00,2026-03-19T17:13:44.745577+00:00
https://x.com/JordiWild/status/1739326670551581094,"JordiWild","Feliz Navidad",605208,22902,458,217,2023-12-25T16:46:08+00:00,2026-03-19T17:13:44.745577+00:00
https://x.com/JordiWild/status/1738332147427975385,"JordiWild","Mi participación en el REWIND HISPANO de este año. Como no, repartiendo cera y oliendo a motor.

La verdad es que a nivel audiovisual es una puta locura esta edición, miradlo y ya me diréis: 
https://
youtu.be/TjkRhh3Gh1U?si
=K0d1Pk_QVCy4_aTy3
…",389648,6950,293,133,2023-12-22T22:54:15+00:00,2026-03-19T17:13:44.745577+00:00
https://x.com/JordiWild/status/1737110177151914121,"JordiWild","Hoy ESPECIAL NAVIDAD en directo a las 5 de la tarde en The Wild Project. Todo el mundo a verlo 
Muchos sorteos, regalos y todos disfrazados, un show.",395739,917,31,43,2023-12-19T13:58:34+00:00,2026-03-19T17:13:44.745577+00:00
https://x.com/JordiWild/status/1736762355969634338,"JordiWild","españoles confirmen",2556973,57127,2327,332,2023-12-18T14:56:27+00:00,2026-03-19T17:13:44.745577+00:00
https://x.com/JordiWild/status/1736235476984418606,"JordiWild","Tony Ferguson, te queremos y eres leyenda absoluta, pero es hora de retirarse. Ni que sea por salud.
#UFC296",368960,2936,126,56,2023-12-17T04:02:50+00:00,2026-03-19T17:13:44.745577+00:00
https://x.com/JordiWild/status/1736223707499004008,"JordiWild","latinos pueden confirmar?",692312,15503,620,279,2023-12-17T03:16:04+00:00,2026-03-19T17:13:44.745577+00:00
https://x.com/JordiWild/status/1736053123863470427,"JordiWild","Nueva red social, qué bien.

Fuera de coñas, podéis seguirme aquí, a ver si se carga Twitter de una puta vez:",63640,281,7,26,2023-12-16T15:58:13+00:00,2026-03-19T17:13:44.745577+00:00
https://x.com/JordiWild/status/1734985284805128381,"JordiWild","Joder pues sí que habla Juan sí",490895,10596,232,52,2023-12-13T17:15:01+00:00,2026-03-19T17:13:44.745577+00:00